family_id,provider,source_sha256,binary_sha256,binary_uuid,dependencies_json,compile_command
SNF-000,0,96f77267807de11df89fbf8340010b37def5f8017676ebf5f361746254981ac9,d53e72153e4bc69bdc4e457ff6c367bcdf8e3829db1ff0c6754f70ac26e171ab,CC4C3571-9928-44DF-A69B-03AE174FABC8,[],"/usr/bin/clang -dynamiclib -O0 -fno-common provider_0.c -Wl,-install_name,@loader_path/provider_0.dylib -o provider_0.dylib"
SNF-000,1,d0084f3c5f5ea80d3ac5870ac0b512f81781eef748aba1a78a8faa3d2922a0c5,87f087ad1603aee798901678c1827055097cbc5a36a0a6524d3e962d38de1ff9,7E5C5D1A-8958-4040-A7D9-3D73A19ED7EA,[0],"/usr/bin/clang -dynamiclib -O0 -fno-common provider_1.c provider_0.dylib -Wl,-install_name,@loader_path/provider_1.dylib -o provider_1.dylib"
SNF-000,2,dabd732553376065abd47519887d302600fdd41a541062274c53c60c04384614,5968b27e6e13f7077ce2eb2949c029f8cc70e7b0e40540cc359ffbd8d70a6a57,A88402F4-E6BE-441D-926D-6311D9C2B53B,[0],"/usr/bin/clang -dynamiclib -O0 -fno-common provider_2.c provider_0.dylib -Wl,-install_name,@loader_path/provider_2.dylib -o provider_2.dylib"
SNF-000,3,a56d0271cce3fae76dd2e0ebcbdbe918bb8d44abe3c9786979975b42d5e2caef,776ad3fe82c392d0178f477eaaa6993190570546706095ae0207a1085cceb11d,1B96B91D-D7D1-40FA-A82A-203BAFB94146,[1],"/usr/bin/clang -dynamiclib -O0 -fno-common provider_3.c provider_1.dylib -Wl,-install_name,@loader_path/provider_3.dylib -o provider_3.dylib"
SNF-000,4,dce7807262d420df6bdb7b5ca854cf1dd1e797db92fd4fae61f51c03eca811f9,a92d3f115356964734c1381dc4192ac05191ba09b397a37a20bd816175850216,5B45899E-DA63-4B83-AD57-3E649F71A578,[0],"/usr/bin/clang -dynamiclib -O0 -fno-common provider_4.c provider_0.dylib -Wl,-install_name,@loader_path/provider_4.dylib -o provider_4.dylib"
SNF-000,5,44caf4c9d2f1033ae79698c3f7bf1752577d8696a1eeef4b63c8f06fe166d555,961a51e56324c73e62eaa243ddae2f781a79552cf3a7ebaba0b7f5d5749d1a05,55B82AFD-B875-4278-8C82-C0C4EC5F34F7,[1],"/usr/bin/clang -dynamiclib -O0 -fno-common provider_5.c provider_1.dylib -Wl,-install_name,@loader_path/provider_5.dylib -o provider_5.dylib"
SNF-000,6,41f4e8dc7fa7495169699defdd07a8e77d5b230a7cee718ea37b543a9087324e,d5a83b68e81128a431e7f771f8e90c0c404b923ac531f7110da6ea7c0a811add,E05B9E9A-0205-4E3A-AFF1-AB3396B85BD5,[1],"/usr/bin/clang -dynamiclib -O0 -fno-common provider_6.c provider_1.dylib -Wl,-install_name,@loader_path/provider_6.dylib -o provider_6.dylib"
SNF-000,7,ba4687874f87fa95c35c233ba184890b5e37eb45e9d7d40e6ced72e6ebabaa74,cc0d048e600941766753e53de7fa3c379b04b7a0fd68d1ad5d651cbf15635787,828EAD14-5C77-4E36-9E35-4D308FA5EEDC,[5],"/usr/bin/clang -dynamiclib -O0 -fno-common provider_7.c provider_5.dylib -Wl,-install_name,@loader_path/provider_7.dylib -o provider_7.dylib"
SNF-001,0,4dfacc3ded949a20f95a562c63a6443ea89b0e190e0755ff43d8264281ea5fcd,fda9a67238992639bb00a81c3658d2d24a00a529f32d85345b798505c270f364,5437E829-2D31-4CCA-9566-C7E9500B5657,[],"/usr/bin/clang -dynamiclib -O0 -fno-common provider_0.c -Wl,-install_name,@loader_path/provider_0.dylib -o provider_0.dylib"
SNF-001,1,c4930b92c755cc8e3b835e1988a9af3c82691196586524f6f5e8c241374a8031,97007c139ae362ccc1d7f30554972fb0be6ddd46bc09db7513108fe7f028636a,676BB192-3E7B-4F72-9FC5-4A8883F7C61D,[0],"/usr/bin/clang -dynamiclib -O0 -fno-common provider_1.c provider_0.dylib -Wl,-install_name,@loader_path/provider_1.dylib -o provider_1.dylib"
SNF-001,2,21d88e4b1fa9cfed13f43d478e2dfacfa3d01371da4e9eaa48dda224e44d4fd7,466d99706c05bd1abfe5935c6d0dc94b1eeab15a2d56972be0545675cfd18b86,8878C06C-AA41-4EF8-8B25-25661B62283E,"[0,1]","/usr/bin/clang -dynamiclib -O0 -fno-common provider_2.c provider_0.dylib provider_1.dylib -Wl,-install_name,@loader_path/provider_2.dylib -o provider_2.dylib"
SNF-001,3,0bb51432bc051f7ead5833fc4547c3f82a0debbb1703aa13ede7a093d55f2252,17a38937bc9bce9e521b6cc27dc1b4a4aa9d2d66ef9398518420d68d52b137bb,99287A21-3EDF-4EAF-9754-DF4A29A70812,"[1,2]","/usr/bin/clang -dynamiclib -O0 -fno-common provider_3.c provider_1.dylib provider_2.dylib -Wl,-install_name,@loader_path/provider_3.dylib -o provider_3.dylib"
SNF-001,4,2f07f1d1cca0839ea6cd87f3b58ae89cface16aa79f8a3341acea225525be45f,837fb19aeaad745bcd2e89bdcc5bcbbcb534448b957c9a496a7221c08c26e2f7,A62CD469-6911-404B-BCF6-1721F042556A,"[0,2]","/usr/bin/clang -dynamiclib -O0 -fno-common provider_4.c provider_0.dylib provider_2.dylib -Wl,-install_name,@loader_path/provider_4.dylib -o provider_4.dylib"
SNF-001,5,8f2f9ef827db0592ff47ad0275963317a86d0af425bd4e82f7bc0450e0689acb,e8091eeac5d8732a4d3ac2bf182a6ef1fbca866da3ebd713f609a336008f756a,E35FC0D7-DC42-4246-8DA6-54427F02F2AA,[1],"/usr/bin/clang -dynamiclib -O0 -fno-common provider_5.c provider_1.dylib -Wl,-install_name,@loader_path/provider_5.dylib -o provider_5.dylib"
SNF-001,6,9bd81f560ce6af2ee187f404b34f0b04157b122d9cab2249b36061e07f0e26c4,35ea442a1059a8f8f0aae353e6dc4158749c101739096d2da8dff40105cc8db9,CB33D1DA-2B3A-4BCC-B1CD-73A910E2AFD0,"[0,2]","/usr/bin/clang -dynamiclib -O0 -fno-common provider_6.c provider_0.dylib provider_2.dylib -Wl,-install_name,@loader_path/provider_6.dylib -o provider_6.dylib"
SNF-001,7,36f56b1b95352eabeb462c3a25cff21fa4cf69178aacf1a1f5c4f4dc98bdc765,66933c048766684b84efc2d28d9599073deda1f758102d08a500d97df23fe422,FE22D254-4795-4067-BD38-5B5718DB79A5,[3],"/usr/bin/clang -dynamiclib -O0 -fno-common provider_7.c provider_3.dylib -Wl,-install_name,@loader_path/provider_7.dylib -o provider_7.dylib"
SNF-002,0,4690a71a6eca15dbdbacc9b879cb575feef0519c775ec37c50550d11cefe5ccd,d0fac590e1a67e15bb7a7e509f2ef3ae767611e79742324d8514f964a59027cc,62B5466B-873A-4365-A0DB-AC7193839F62,[],"/usr/bin/clang -dynamiclib -O0 -fno-common provider_0.c -Wl,-install_name,@loader_path/provider_0.dylib -o provider_0.dylib"
SNF-002,1,9ab6031fa62fc106bdd4bdbb2b52b61815ea4d90de6810cff71bf8806c22ebb0,2423626b63e9dfa8d396930c5ef0d70b5224c9b666dc693e436d98ff8708de80,908B973A-85E8-4ECF-B190-47120B154175,[],"/usr/bin/clang -dynamiclib -O0 -fno-common provider_1.c -Wl,-install_name,@loader_path/provider_1.dylib -o provider_1.dylib"
SNF-002,2,841112b92c0941a858ea6a00769da08d18b538defbb4a9ee013bf2c5edcc7d20,52eb0b7f76775f8b42f0ff3c61e75f42c88f9745f6d042cbfbf5f5291a86b73b,4C3FC9CC-0902-4762-9ED9-F04D93F0BE0F,[0],"/usr/bin/clang -dynamiclib -O0 -fno-common provider_2.c provider_0.dylib -Wl,-install_name,@loader_path/provider_2.dylib -o provider_2.dylib"
SNF-002,3,6d3fd0b450af7c62abf31f774aebcf000f79746ef6c5a385546857248a722f25,95d49d43b2c660ccb6fd441e248100672c70f52533da013f4adc884bdbf431ba,B64E584D-D1E2-47AC-B117-7A5943046C3A,[1],"/usr/bin/clang -dynamiclib -O0 -fno-common provider_3.c provider_1.dylib -Wl,-install_name,@loader_path/provider_3.dylib -o provider_3.dylib"
SNF-002,4,7a2445331c9311dc0564fcc88fe3bbb89eb49c8fce75677302bbdf52c1a8fc64,0758de7bea8513eb38e3132cdc1452e71a6676c44c1f882166202124b6a2a925,7F299F19-C998-441D-AE32-EE764B3B52B2,"[0,3]","/usr/bin/clang -dynamiclib -O0 -fno-common provider_4.c provider_0.dylib provider_3.dylib -Wl,-install_name,@loader_path/provider_4.dylib -o provider_4.dylib"
SNF-002,5,9e06c3f35e9b997adefb1de75baeb55c3acc6b1a6bef8dfd27a312347ae38ad0,9f16f674802cc13d262f56a0528c28f35b32ae64c29ae0328c4c49592c60a150,97740A08-6B46-4D70-BFB1-60444FBA4321,[0],"/usr/bin/clang -dynamiclib -O0 -fno-common provider_5.c provider_0.dylib -Wl,-install_name,@loader_path/provider_5.dylib -o provider_5.dylib"
SNF-002,6,f4149456010eed26682e67621ca5e162375b6f561c9b317e9df315c24cb34e6e,3d81e80ed19a96cd6da53f64d22c8fa8787787fe8fdd30f2ec2706cfb9396d4e,F7DE20D2-D2EB-4E93-9A48-06EBA0F4162C,"[1,5]","/usr/bin/clang -dynamiclib -O0 -fno-common provider_6.c provider_1.dylib provider_5.dylib -Wl,-install_name,@loader_path/provider_6.dylib -o provider_6.dylib"
SNF-002,7,564224adfe296008183a0af8072b61cc6e3c792325e99290a81c04ddd47f6694,68edc3115220aa6d77fd4cb3674da8c75813bdc1dd2a16da97ec2b82b2bd667c,C78544E8-AC54-4B2E-8527-D0C69D98C7D3,"[1,5]","/usr/bin/clang -dynamiclib -O0 -fno-common provider_7.c provider_1.dylib provider_5.dylib -Wl,-install_name,@loader_path/provider_7.dylib -o provider_7.dylib"
SNF-003,0,18ef644b25928fd770a8554a99bcfe29aafd7d25c0e14184652fbc847eb67bdf,eb4ca9420dd69cc8e7c2db285dd68040ec137503ee49d13fe0b69e705e858cf2,659AF2C5-CFAB-44E1-AF00-D8225B571730,[],"/usr/bin/clang -dynamiclib -O0 -fno-common provider_0.c -Wl,-install_name,@loader_path/provider_0.dylib -o provider_0.dylib"
SNF-003,1,8f5126c4237b84ac6427bb69c5182f9b3ec2d7128edeebf2bff7d20e38a86f42,173483c339e971d2dad374ac88dc105fe314bfca0f26ba80acbf9a56d8087ba2,6319F146-A387-4126-A7DB-D06B285FEDC8,[],"/usr/bin/clang -dynamiclib -O0 -fno-common provider_1.c -Wl,-install_name,@loader_path/provider_1.dylib -o provider_1.dylib"
SNF-003,2,2b432c78fdf5e4c839ae896504c5c0b4464a4099c91a31c4c342f6c0dee973a6,8ecafd1276c07d1943accb26e6bd938a39530bca16c1a5188e38ed9c0f1de56b,70FF3E9D-E1B0-433B-A803-4EC4D99BC9DC,"[0,1]","/usr/bin/clang -dynamiclib -O0 -fno-common provider_2.c provider_0.dylib provider_1.dylib -Wl,-install_name,@loader_path/provider_2.dylib -o provider_2.dylib"
SNF-003,3,ccd74093f063ea999eaf4e9b08b574ff0f1f047b3fe1e121b3659f248e80d728,2e6c0cbc54aa44878c515e673be5f5d790929cd21b0df62c864929efb41a4125,0D793935-1366-4207-A8C0-65BCA9F15142,[0],"/usr/bin/clang -dynamiclib -O0 -fno-common provider_3.c provider_0.dylib -Wl,-install_name,@loader_path/provider_3.dylib -o provider_3.dylib"
SNF-003,4,2074c778f10e52ff7be2d5cfa344cc38d776fc8fd512d27ef4f702581f2b1990,4c4b21f6bc88e5b36c0de226ec15e0cfaef1888c623aa8bcffdf3624f0d75f7c,33BD9155-6FF5-46F5-BF9B-491875957972,"[1,3]","/usr/bin/clang -dynamiclib -O0 -fno-common provider_4.c provider_1.dylib provider_3.dylib -Wl,-install_name,@loader_path/provider_4.dylib -o provider_4.dylib"
SNF-003,5,49bf007f4eb42c6e1153d0bbd30c70a8c592b933d25f17a0a9381217c1ad3778,878f02f814354e2cbac9362474fbbe64fb2aaf10b0c098be63b9321320868dd1,0CBF9035-BD5F-4991-B3F4-F4879BAB8067,[1],"/usr/bin/clang -dynamiclib -O0 -fno-common provider_5.c provider_1.dylib -Wl,-install_name,@loader_path/provider_5.dylib -o provider_5.dylib"
SNF-003,6,c5ff64f82e695c82924f59240dacd6c14a593487231a73298e85123681f7057d,432855260ac93261d58de8bb2e3b9d8fe381b003ab54dac745e5ac105cc52c90,F7509CFF-E012-4EC3-989C-5163FED57829,[1],"/usr/bin/clang -dynamiclib -O0 -fno-common provider_6.c provider_1.dylib -Wl,-install_name,@loader_path/provider_6.dylib -o provider_6.dylib"
SNF-003,7,db5a4f13c660bac33670be23ae8c77cefef8ae9599f5af9ca473d7a8e0141f72,1bcf9f812743ccd7080267539a8bcc18b30b8adf69877b0a68ef77476925343e,A186D073-D50D-4210-B172-DD7A58025FF2,"[0,3]","/usr/bin/clang -dynamiclib -O0 -fno-common provider_7.c provider_0.dylib provider_3.dylib -Wl,-install_name,@loader_path/provider_7.dylib -o provider_7.dylib"
SNF-004,0,e06f1fadced4c22cabf24ec10e7c48b40044077cfacdd1c893a572efb9fcd478,61658f4c37a07a5380fde402135021063b306e942cbc7058868149e7effc2ede,1B4705F1-1BDA-45A0-895F-57900E18167E,[],"/usr/bin/clang -dynamiclib -O0 -fno-common provider_0.c -Wl,-install_name,@loader_path/provider_0.dylib -o provider_0.dylib"
SNF-004,1,3be37b1b73da8947ab22b10aed1ad8f098fb5eabf86c35f1f46d33a05c16efc9,008643e9719100cb8ca71cdc8d167c6136e351a21121d0b5390ec00cbb034170,1D7E6BED-08C6-422A-923D-3BE9248B8D73,[0],"/usr/bin/clang -dynamiclib -O0 -fno-common provider_1.c provider_0.dylib -Wl,-install_name,@loader_path/provider_1.dylib -o provider_1.dylib"
SNF-004,2,be72aa65c03b8bdbe948f2b41373874dc19d441654315f244efc46283e7305d5,22429586d94fecd88210a5eaa72d0f5efab2b4b58ab42ba3019f91cbe8c4435f,DF8BAE42-A214-4A47-884F-3024A86502C2,[0],"/usr/bin/clang -dynamiclib -O0 -fno-common provider_2.c provider_0.dylib -Wl,-install_name,@loader_path/provider_2.dylib -o provider_2.dylib"
SNF-004,3,b7fe928cd0bb362af8429f68e1bc0b855ad4f95723b39a204df4211b95924156,89f64fcaf51e71d0559d5034042db386528eb4c6a209b9e732228670b83e8a02,584F61B6-FC5E-4F56-9BB7-F5251777B123,[2],"/usr/bin/clang -dynamiclib -O0 -fno-common provider_3.c provider_2.dylib -Wl,-install_name,@loader_path/provider_3.dylib -o provider_3.dylib"
SNF-004,4,2aa669a9dbf60b1f69f29896ee3cd531b9642c45177eaf7b273bc83b985e27ba,63573d1459dee1d5752fd986cd45c7c91afe01ab0832fb5d325a1a6af0ea0c62,CCDA4E76-0468-49FA-9FFD-0E49D2533572,[3],"/usr/bin/clang -dynamiclib -O0 -fno-common provider_4.c provider_3.dylib -Wl,-install_name,@loader_path/provider_4.dylib -o provider_4.dylib"
SNF-004,5,2538ed0453c58b5db56b880bbd12f41b56226cef230b01bb9349c57603b92b37,e3d23bfc05e859bcf8a9477459368d59dfa37ba3c8bfd171d2996a218a2419b8,B1229CA1-D861-44FE-88C5-EE6599D923B8,"[2,3]","/usr/bin/clang -dynamiclib -O0 -fno-common provider_5.c provider_2.dylib provider_3.dylib -Wl,-install_name,@loader_path/provider_5.dylib -o provider_5.dylib"
SNF-004,6,6dc501445f40fdad53afaf4b524eb4ec090f9e75b98e1c6f6554eaa7297be77c,39027e1f564d3c1360a7cbc87e58c9cfac9123f87ed1da9b7098d8298ab9db29,30E21E73-20D7-471F-84A4-B41F7AB4AE9F,"[1,2]","/usr/bin/clang -dynamiclib -O0 -fno-common provider_6.c provider_1.dylib provider_2.dylib -Wl,-install_name,@loader_path/provider_6.dylib -o provider_6.dylib"
SNF-004,7,764d32767718d854f5843aafafe74bf9cd0f899c5cbb5880d3bd30a861146ddc,3bf348d75a0f713035ee546abd875b70c31c21bc4553b464f5b9a070a290c6b8,69937293-EA44-4120-959F-4A3EBECA41A8,"[0,5]","/usr/bin/clang -dynamiclib -O0 -fno-common provider_7.c provider_0.dylib provider_5.dylib -Wl,-install_name,@loader_path/provider_7.dylib -o provider_7.dylib"
SNF-005,0,bd69c14f37d60a1d65214f801ca32252a4a86d6fdab9ca536fae77886c2bf763,85c9c23b3350258786b8e35ac00ca52b729db823d5bb13e83ff4b475dd371164,534B0597-2B3A-490A-B38C-77FA6EE32670,[],"/usr/bin/clang -dynamiclib -O0 -fno-common provider_0.c -Wl,-install_name,@loader_path/provider_0.dylib -o provider_0.dylib"
SNF-005,1,777bd4779604385ea4ab24fff3e33364e5cb79f03e8f589193bcf95bd2938eb2,f8f8ea963f4249747e022db513a1532d911dbac8b4310cb3171871f24d8cda16,8D13B3B2-667D-4607-AB9D-D2C725E371D2,[],"/usr/bin/clang -dynamiclib -O0 -fno-common provider_1.c -Wl,-install_name,@loader_path/provider_1.dylib -o provider_1.dylib"
SNF-005,2,afe00aa2dcd158b00e3f904aa1a5c9fbec9d4d3408e886b6f6a856d3b231cd62,beccc2ae703da3616a4e4191c5ac55815d911152e027c37de41ff32a8854fdaf,7AC78F83-2172-4E30-9087-61B875D04874,[1],"/usr/bin/clang -dynamiclib -O0 -fno-common provider_2.c provider_1.dylib -Wl,-install_name,@loader_path/provider_2.dylib -o provider_2.dylib"
SNF-005,3,28fe76c15a6cfec22347bb17f9b11c03ea359050124eae6341814125b8cb3bbc,4508a3cae423dfbf6d4df5ef43c3b45bfe18d8f58fc58c556819365ba9a89ad9,7FFC25DD-D12D-40A5-B161-09052DBC30E8,[],"/usr/bin/clang -dynamiclib -O0 -fno-common provider_3.c -Wl,-install_name,@loader_path/provider_3.dylib -o provider_3.dylib"
SNF-005,4,64f3edf12af3f689fa7decfdda806bbc202ef87fd0fbb5b4809e4fb227f24221,2df1e581ad8863eaf5059269f91db9167edd99e61b09d388eb9c3402e66e25de,8BD0F784-89AF-4A95-AB76-CE7E42DA4EE5,[0],"/usr/bin/clang -dynamiclib -O0 -fno-common provider_4.c provider_0.dylib -Wl,-install_name,@loader_path/provider_4.dylib -o provider_4.dylib"
SNF-005,5,01af447f626c97c95fca15fe792271fbd8b86afc106f31652f55e8bd6ba066b7,5ad4034476f6c304695210e01c78b4a1b022869c7298dbd1a10985359c079d65,5FCD41D7-6CA0-4BFC-9776-F2145A941AA4,[],"/usr/bin/clang -dynamiclib -O0 -fno-common provider_5.c -Wl,-install_name,@loader_path/provider_5.dylib -o provider_5.dylib"
SNF-005,6,7bdc1e9336be75882129c905e98b9ad8ec93f4d1ed62a649d8dfd0b7df9c0368,3ab30bd51f7e2f108df65ce03d356f9ba9595deef8b910069813fadd31ab080a,87CBB730-337F-45F7-9127-B20BF69AC53D,"[0,2]","/usr/bin/clang -dynamiclib -O0 -fno-common provider_6.c provider_0.dylib provider_2.dylib -Wl,-install_name,@loader_path/provider_6.dylib -o provider_6.dylib"
SNF-005,7,3c02be25debab3221e7e6fea06b93689f77aaee9068e03b03187b7f3889bdb90,fab834cb8f52e5ad3c6013987986c13d578716ec58781480e034a7a09777e0ff,B008B2C5-0155-4E0D-ACC7-90A17F3369F8,[3],"/usr/bin/clang -dynamiclib -O0 -fno-common provider_7.c provider_3.dylib -Wl,-install_name,@loader_path/provider_7.dylib -o provider_7.dylib"
SNF-006,0,fb85caaae76179c9948dd0b93fc8f27b1a4abe276023a27698ee19054256dbd7,8bda32d83a1b5d88ac3e90144c8c1f9db38286fb34ee2bf46423e7dc74158d1b,809F53A3-A95C-4021-9F38-9C491873849F,[],"/usr/bin/clang -dynamiclib -O0 -fno-common provider_0.c -Wl,-install_name,@loader_path/provider_0.dylib -o provider_0.dylib"
SNF-006,1,b0ddddb89e576526a8ff361d2b64ad0db0bb6fb8409b7b0573300bdb0f0ce44c,55d33cbc241d5616ccf24331f9810767e990b43450f4b0cc404244544c76b496,A67016D0-2E54-4805-A15E-EE6E88ABF678,[0],"/usr/bin/clang -dynamiclib -O0 -fno-common provider_1.c provider_0.dylib -Wl,-install_name,@loader_path/provider_1.dylib -o provider_1.dylib"
SNF-006,2,6807758063ca64f59552d6eba8172ef3217de1362517229491db399e22d356e4,f1cb6114a2622bc7045a07761ae8adb32413c98e07783f33fe4c815ede42b5b7,EBFA8B75-CD59-46D8-8415-E29712D90E3C,[0],"/usr/bin/clang -dynamiclib -O0 -fno-common provider_2.c provider_0.dylib -Wl,-install_name,@loader_path/provider_2.dylib -o provider_2.dylib"
SNF-006,3,b2783f26f0ed24ce290a8d33aa589c3885b34174bde77b54243491ba2b555b81,d4e334aadb6bdfd492ae649f85c33e1bc3fbbdc0346032da7d5a32f72d5d0320,23436482-016A-431E-9DB2-2FFF792FE619,"[1,2]","/usr/bin/clang -dynamiclib -O0 -fno-common provider_3.c provider_1.dylib provider_2.dylib -Wl,-install_name,@loader_path/provider_3.dylib -o provider_3.dylib"
SNF-006,4,0dc133f4914cbfb6739189a8c9e0a1cc7656bf1dd5479ed9d6a525d447d40947,e8bcffbedaafe8ddb34325c78ad629e64c8d10d79a8a32ff793d72f1a7d67ec6,E7473143-4805-4096-96D0-EE99FA2C50DF,[3],"/usr/bin/clang -dynamiclib -O0 -fno-common provider_4.c provider_3.dylib -Wl,-install_name,@loader_path/provider_4.dylib -o provider_4.dylib"
SNF-006,5,5e7bf4c5d2d20f7a9c7899acd8836e81d29a750d5973c91ad26c0bcb111906d4,d543df98f4a7597decbbc92da71096df0c7d884191d027b1d506e4b02c4eecb1,481703C6-460C-465F-9F23-251FD28BE70D,[2],"/usr/bin/clang -dynamiclib -O0 -fno-common provider_5.c provider_2.dylib -Wl,-install_name,@loader_path/provider_5.dylib -o provider_5.dylib"
SNF-006,6,26734b6fe7665700457b168be8c4858b009829491ff370dd46f7f77594d6a85a,13f930cef395a611d852296289926c355b846541d25d0a32b75c8fdd057653b8,0B3D141A-9C2D-4834-A8A4-A3566BF62302,[0],"/usr/bin/clang -dynamiclib -O0 -fno-common provider_6.c provider_0.dylib -Wl,-install_name,@loader_path/provider_6.dylib -o provider_6.dylib"
SNF-006,7,47841d1045127a9195a05ede7638894822a5a5e5758b0dd4f4ec5a07edfc4be7,4f46bfb40e5a04c8bd3949ab1c6fa8a44968cae065ba5eeaddb04e38c35702d7,01A7C901-ECEF-47A7-989D-CD2DFBA7EC31,[1],"/usr/bin/clang -dynamiclib -O0 -fno-common provider_7.c provider_1.dylib -Wl,-install_name,@loader_path/provider_7.dylib -o provider_7.dylib"
SNF-007,0,51db8fa6b36ff94b065ba643cd767bccc451ee9a8b53c8956adfb2d3887c6c69,dd63e6cb2cd8f9c58c3a7ecdaf51f8e94f281364352da8d8072cc6ae55ba2be5,A2132720-91C3-4CE0-BC15-49332EECB1F1,[],"/usr/bin/clang -dynamiclib -O0 -fno-common provider_0.c -Wl,-install_name,@loader_path/provider_0.dylib -o provider_0.dylib"
SNF-007,1,3028346e9a491828f168490dd526a29bd88ca10ccafcc7027a755efeaf7eec46,b9e2ce65f814ac2c5d3758bab45f4c3d00e39a4088e0b575e823c658cefb8b02,3C165F8B-3B08-4B28-96A4-8913F912F288,[0],"/usr/bin/clang -dynamiclib -O0 -fno-common provider_1.c provider_0.dylib -Wl,-install_name,@loader_path/provider_1.dylib -o provider_1.dylib"
SNF-007,2,679d5f32705ffa08d8839e871adf091ce74443372461b35c22408f02ce51ab7f,ca83fafc162338605546ef645e892fceb92ebac3b5d1b9213a410cc9058dd6db,DE57757F-6523-4D03-93BF-B50012FCF9AA,"[0,1]","/usr/bin/clang -dynamiclib -O0 -fno-common provider_2.c provider_0.dylib provider_1.dylib -Wl,-install_name,@loader_path/provider_2.dylib -o provider_2.dylib"
SNF-007,3,c98d9a999459e94941c00170e5902d151f4a56863de19403f01416efbe20fdb5,27fb5712970bd7697203499eec5651b79cf5d3b9073bdc21c7732c7a4366ad17,410746FF-B4B7-474F-8606-158F101D86B3,[0],"/usr/bin/clang -dynamiclib -O0 -fno-common provider_3.c provider_0.dylib -Wl,-install_name,@loader_path/provider_3.dylib -o provider_3.dylib"
SNF-007,4,bfa7a184eaa9866859e64a2054ed3814ef4ae9a0b4575e92088c976d0c86b766,1f2ce97bd0ff3c186e4ca38bf287b25138352bb64a3b0e78c13d68b8f63a50c8,DCD4973E-107A-4F69-971F-2955460DFCFF,"[1,2]","/usr/bin/clang -dynamiclib -O0 -fno-common provider_4.c provider_1.dylib provider_2.dylib -Wl,-install_name,@loader_path/provider_4.dylib -o provider_4.dylib"
SNF-007,5,d770b3ad069a013fddf893e328156be4293370f09c4af33d226d4319734972a1,901035930b6904056d9e33ec090f94f0190e04b12275034e1cd9ecda070d358f,AE832F2F-5F4F-4E13-8529-7B2866851B8C,"[2,3]","/usr/bin/clang -dynamiclib -O0 -fno-common provider_5.c provider_2.dylib provider_3.dylib -Wl,-install_name,@loader_path/provider_5.dylib -o provider_5.dylib"
SNF-007,6,413dc9415e340b22f981d2ce30498d56a86a44d30664dc82b59edb0e7f57f0ca,da606808fe241c8548a9e391a02ee726836b717a00d8159661119e92a53d368b,EE3749C0-389C-4122-986F-B2763E0F2A86,"[0,1]","/usr/bin/clang -dynamiclib -O0 -fno-common provider_6.c provider_0.dylib provider_1.dylib -Wl,-install_name,@loader_path/provider_6.dylib -o provider_6.dylib"
SNF-007,7,194549c9ddd419117a0d8ce78c64464457f757c83faf7668bbc339f1a34058b7,b1d9e6e033ca29b7505e1f2e085b787fe316252e9e258f3b477a659d7731444f,DA550B95-7AAB-4D27-9300-FEA67103721D,[1],"/usr/bin/clang -dynamiclib -O0 -fno-common provider_7.c provider_1.dylib -Wl,-install_name,@loader_path/provider_7.dylib -o provider_7.dylib"
SNF-008,0,91fbd95e32edb047210826b33a7207670a87b8e0cb7935730a1c0db814933a0b,69e803c59536edde79328e5c7c57c5186b692c47e7af8dbaca0995b80894188c,642758FD-79D9-437E-A2A4-1702265FAD97,[],"/usr/bin/clang -dynamiclib -O0 -fno-common provider_0.c -Wl,-install_name,@loader_path/provider_0.dylib -o provider_0.dylib"
SNF-008,1,2a57cb23313b2528d787f2115d5337c20a2c260098710224ae6581d193286131,9f755204d4c6b2e7c2129022ebb4900383c91c6ea5e5f67935bbae809e1613c8,0F7EDEA4-E0F6-440D-A7C9-3090A91E2493,[0],"/usr/bin/clang -dynamiclib -O0 -fno-common provider_1.c provider_0.dylib -Wl,-install_name,@loader_path/provider_1.dylib -o provider_1.dylib"
SNF-008,2,aac2d131c024bff91800ba257907112882b88fae87019802bf7aaa8ce4fdb20d,c3cc5a09b0cbb8754fe600a3bef845fe1c2e4f4df94ecc8f810876591ad80ded,AC3D591A-9F13-404C-9222-F4BDA2581D10,[1],"/usr/bin/clang -dynamiclib -O0 -fno-common provider_2.c provider_1.dylib -Wl,-install_name,@loader_path/provider_2.dylib -o provider_2.dylib"
SNF-008,3,b270c46340b11d53194b4ca853ec1b06b482b929ae319216cfdb30565e9b99b5,b9a5ca5523c79d98e07c33cbd4e58e687a34171caed69a8f507b276fafb3195d,A506B982-915C-4E5C-B16B-AED202B6B077,"[0,1]","/usr/bin/clang -dynamiclib -O0 -fno-common provider_3.c provider_0.dylib provider_1.dylib -Wl,-install_name,@loader_path/provider_3.dylib -o provider_3.dylib"
SNF-008,4,0a0d82d541b0f206b3d9a4b8ed12b7a6de5a673bbd32503398b665019a358191,39cbc33f534ffb60d8510ba4d364b6511a7dfbea8a7c6d774f3bfd3df05775c1,1E049895-918D-43E3-9784-A159A6676518,[],"/usr/bin/clang -dynamiclib -O0 -fno-common provider_4.c -Wl,-install_name,@loader_path/provider_4.dylib -o provider_4.dylib"
SNF-008,5,96006d3f849977d0dba1ec7487000218acb0762c13e219cf8175f36c4fe58307,a9a5367ca80e78140b87329b7461df1054d7727c80847f502980f7a52460014e,D0DDC105-CAD0-4B7B-9104-9E19F8F1FCF9,[],"/usr/bin/clang -dynamiclib -O0 -fno-common provider_5.c -Wl,-install_name,@loader_path/provider_5.dylib -o provider_5.dylib"
SNF-008,6,88e769d04c5936a337951fea1a7a967e0083158eafa6f242dd0943efd660c65a,b96035bcb9dfaee20b54dcc97a5e76548ebcb998075ed34368ea5f0a4ca9209f,191664E7-2D2B-4C6E-9D8D-5E4C1E2E1F85,[],"/usr/bin/clang -dynamiclib -O0 -fno-common provider_6.c -Wl,-install_name,@loader_path/provider_6.dylib -o provider_6.dylib"
SNF-008,7,86a9cf2b369d4aad83ed3c19f1200b91ebe9f90ecaea92af6b1e37d06bdc8c31,fceee2ce137c09754bc8fe464e81e9802d065603cdcca3da7cab43c366deb1ab,550CC182-8076-4136-AA7C-6C7DB7B77DF6,"[4,5]","/usr/bin/clang -dynamiclib -O0 -fno-common provider_7.c provider_4.dylib provider_5.dylib -Wl,-install_name,@loader_path/provider_7.dylib -o provider_7.dylib"
SNF-009,0,86cc72ae0ad27759c1aed43196192ec95202fe150601c978c1f37863e438821b,0d11b88253749a2c9d883c005f073051da3c86bb1bc737f65821c30dd1688c20,9D115613-2142-4393-8318-9F52FB055F0B,[],"/usr/bin/clang -dynamiclib -O0 -fno-common provider_0.c -Wl,-install_name,@loader_path/provider_0.dylib -o provider_0.dylib"
SNF-009,1,16c62ab50e082f4b26ef4c4f89d07279208b225bfdab006053047addc9f8658e,7c7fce29987650234e6d5bfc0405cea95ea902bd0dbff942918dc51fc907f976,61CE6D37-123C-416D-BBA9-6EE454B0F95B,[],"/usr/bin/clang -dynamiclib -O0 -fno-common provider_1.c -Wl,-install_name,@loader_path/provider_1.dylib -o provider_1.dylib"
SNF-009,2,3ed11c462aa90a95b69ad190b007dbc2d650dca22f97b6a730e43dc491ba3bbf,98c24e15509e26278e118e29de6ddfa6c0ef90504ffa1614578094496428dfb6,253BFF2C-0A96-42BF-B1BF-4A0B780FE788,[1],"/usr/bin/clang -dynamiclib -O0 -fno-common provider_2.c provider_1.dylib -Wl,-install_name,@loader_path/provider_2.dylib -o provider_2.dylib"
SNF-009,3,698d7ad9372e2f06e1f3a61198d4ec223b34e021a3ac84adaefbc9131cd6017e,72c093a41074068e8f8759b552251bb341243d93e934df7be06e589ddc70da07,DA64B73B-D8D8-4B6C-A7B1-C88633CC6C67,[0],"/usr/bin/clang -dynamiclib -O0 -fno-common provider_3.c provider_0.dylib -Wl,-install_name,@loader_path/provider_3.dylib -o provider_3.dylib"
SNF-009,4,5773c7e68f2515db8979da9b0df1642cc97c2e95eddb7e5d7617a077ec785068,2c8c6e4be601d5e90c77300762c2f32867dd2b93476c04a79a3392d713ea3d61,CB3E7508-A778-404A-980E-7929D64CE9EA,"[1,3]","/usr/bin/clang -dynamiclib -O0 -fno-common provider_4.c provider_1.dylib provider_3.dylib -Wl,-install_name,@loader_path/provider_4.dylib -o provider_4.dylib"
SNF-009,5,c8878ce31031c109e7f7c69f6de63404e1032fe532c1929dfc70bd7d7722c4c9,f53f44320c251920b67f5955cad132ba55039e3685b33eddd13824567266ba07,F8D65B7C-70C3-46DE-BB6B-7C831E125987,[3],"/usr/bin/clang -dynamiclib -O0 -fno-common provider_5.c provider_3.dylib -Wl,-install_name,@loader_path/provider_5.dylib -o provider_5.dylib"
SNF-009,6,c3280c6dba36aad718abea1350fc9c5993abd6e1586da2bf5a10e590f40316d8,20229168a2befa5bd699c0dc0e8c542f31a5013311735330d6c88a3726108ab6,E20BC17C-0C39-4F11-A2FF-8A9BA09314A1,[0],"/usr/bin/clang -dynamiclib -O0 -fno-common provider_6.c provider_0.dylib -Wl,-install_name,@loader_path/provider_6.dylib -o provider_6.dylib"
SNF-009,7,f893705d02a8462b493fcd63f4760dc5cac73f8832b8bb8722e5b0ca7e9b982d,932130e16c8393252d254aa86b2077cfe0ed1a2980d3782a77511bedba239370,51940CFC-FBE3-4294-82E1-FF51E5C1770B,[0],"/usr/bin/clang -dynamiclib -O0 -fno-common provider_7.c provider_0.dylib -Wl,-install_name,@loader_path/provider_7.dylib -o provider_7.dylib"
SNF-010,0,bc7daf0a89bd9d616a03bd9886009cdc430b1bec643d7513986ab472641bceee,cf429d9d53957ff625d1bf171129cf0b66867a5c14481bbb31ee5d485e6673ff,DF4EA93B-2292-489A-9FC7-2AF5533C0FB2,[],"/usr/bin/clang -dynamiclib -O0 -fno-common provider_0.c -Wl,-install_name,@loader_path/provider_0.dylib -o provider_0.dylib"
SNF-010,1,9e333fe0e1687f95f41b540febb437029c2f8787d9bc490ec18c8c42de02b8e5,3d3670a56449258f534fa8222f8957cf1c7284eb2fb0dc1e5f2bd3716284de73,DBDF11F1-D756-4BC7-9632-1225B02FB003,[0],"/usr/bin/clang -dynamiclib -O0 -fno-common provider_1.c provider_0.dylib -Wl,-install_name,@loader_path/provider_1.dylib -o provider_1.dylib"
SNF-010,2,0b45a98ed31a3071787dc926e893d5b32bd77ce3ae6dde94eac974ff77e3cd18,961055fc43ee496608ae38d2813aa522493f790f5323348ce185d61115b63964,7754FBF3-8508-44C0-BB1B-12D86F501656,[0],"/usr/bin/clang -dynamiclib -O0 -fno-common provider_2.c provider_0.dylib -Wl,-install_name,@loader_path/provider_2.dylib -o provider_2.dylib"
SNF-010,3,3a39bff2b4730912304e3bbebbf3c7f01d3a1d96be122b27f55ab24e888f282d,e7f433dbbe2e07acdef6ef3429e77f88df930c66bd0d1677760444a9680f3d32,63BD0642-2D42-450A-82BE-8BF9AD196387,[1],"/usr/bin/clang -dynamiclib -O0 -fno-common provider_3.c provider_1.dylib -Wl,-install_name,@loader_path/provider_3.dylib -o provider_3.dylib"
SNF-010,4,2663af057e42bc09c4fe46dfa54eab73674b9864d5e77a1cfab1377dbd5ff0ad,02bccbffe1b5be734131bec32fabcdfecfb8f2ba78aa1b9afbf0152ffaa7fa52,970CBA1D-28B0-4A20-8735-5D03798D924F,[2],"/usr/bin/clang -dynamiclib -O0 -fno-common provider_4.c provider_2.dylib -Wl,-install_name,@loader_path/provider_4.dylib -o provider_4.dylib"
SNF-010,5,5cbac2f784e6c434f120eb3a7c9e84bd396cf992a221b5be60921130e2d960f4,7836731a190ff6083ac57f5b88f917ecf85c637a6d71baed90e87dd2aad2bd32,A08835D5-C453-4AAA-9E43-E4EBF8B935C0,[],"/usr/bin/clang -dynamiclib -O0 -fno-common provider_5.c -Wl,-install_name,@loader_path/provider_5.dylib -o provider_5.dylib"
SNF-010,6,e7d38bbc9748cd3b496c67aa25e75669fc3255f8bd06461c087cadefb1b0c6ab,2b4c409364d3646222ae6717efe8e8ef1f88bbdf5a3992441d428d8e6bb35f83,8DCDB8DA-4312-426F-9627-1D82FBB325CD,[4],"/usr/bin/clang -dynamiclib -O0 -fno-common provider_6.c provider_4.dylib -Wl,-install_name,@loader_path/provider_6.dylib -o provider_6.dylib"
SNF-010,7,a4edba55194819ef6440ed3b5637cebdd1551ecaac54b6ad8e980c5555252d92,b83b2cb0b545905a4bf1bdb6288400274d979b937eca3d11219b290379712a8a,20169B87-DE8E-4007-A0C8-EA88A8BBD73A,[3],"/usr/bin/clang -dynamiclib -O0 -fno-common provider_7.c provider_3.dylib -Wl,-install_name,@loader_path/provider_7.dylib -o provider_7.dylib"
SNF-011,0,e62e6e528898e250567584a00f36e1258cf32575f2331e3e25897f1ab2b4b8c4,0705d0c77caf28a8eaa3f15f5473338394e8206a082826e4d218e4798e5769e6,1E23568A-4605-49D4-A253-3A7B8B48D862,[],"/usr/bin/clang -dynamiclib -O0 -fno-common provider_0.c -Wl,-install_name,@loader_path/provider_0.dylib -o provider_0.dylib"
SNF-011,1,ed80a438f8a538bcfd7dcf774fa1040196ebe2d78f51e979119b5693f4c8b102,a62ccb4c091610032017bc03f2f1f57c2fc86e569ecb3e5301567eede14f15ab,F4270598-639F-49EA-A6AF-F1189A1914D9,[0],"/usr/bin/clang -dynamiclib -O0 -fno-common provider_1.c provider_0.dylib -Wl,-install_name,@loader_path/provider_1.dylib -o provider_1.dylib"
SNF-011,2,3ead71f16e9d02363916c8a877daf54794a2598fb4c26e7db47982ff6a6e79d4,3fd535d446ce4f32ce0b2f091dcfee1e8ecc408aaa81aa6deabdd05943184643,A87BAEB0-87DF-47F2-AF99-1ACF754C9E5F,[0],"/usr/bin/clang -dynamiclib -O0 -fno-common provider_2.c provider_0.dylib -Wl,-install_name,@loader_path/provider_2.dylib -o provider_2.dylib"
SNF-011,3,6112777ea7defb90860e82f7f0da304f68ac8b17be69fcecc187b84a28658bd1,c29da2eb6833daf3f7f72d20c1877b53ca534e9ec5aa58f496e88d6e96577802,B32BA290-32B2-42BD-8D3D-52846A6A4776,"[0,1]","/usr/bin/clang -dynamiclib -O0 -fno-common provider_3.c provider_0.dylib provider_1.dylib -Wl,-install_name,@loader_path/provider_3.dylib -o provider_3.dylib"
SNF-011,4,9dcbf23c7521f773dbb92e216bd95743f2046acd56fcdfce4c8f9917d95f4f45,859ecd0d2022c14397ccf2b8269a061c17b34df400bc7b019c8d7e156df8086f,91A940A4-6AF9-4972-B165-84B0740EC9EA,[3],"/usr/bin/clang -dynamiclib -O0 -fno-common provider_4.c provider_3.dylib -Wl,-install_name,@loader_path/provider_4.dylib -o provider_4.dylib"
SNF-011,5,3f58ac469ff5a982d6edf5e43037c6f34b9aff72827ba8c9b416731630cf94c5,8538916261b45e7de5c20071f2506127541d431679c4778089bcef7223d9cd4e,240F9A2A-47AF-42DF-8E44-FFF19B70FD5E,"[0,2]","/usr/bin/clang -dynamiclib -O0 -fno-common provider_5.c provider_0.dylib provider_2.dylib -Wl,-install_name,@loader_path/provider_5.dylib -o provider_5.dylib"
SNF-011,6,d349df293b5af099ef0d17ce9a8f58742b1c5e330480f6df9a1c2341ce57c7fd,2ee19dec2172469cdc63f083cb29aca454c9a48160b337e1ccc6022c88167956,9B6243B7-E999-4FD9-A497-C9FD0AC59151,[4],"/usr/bin/clang -dynamiclib -O0 -fno-common provider_6.c provider_4.dylib -Wl,-install_name,@loader_path/provider_6.dylib -o provider_6.dylib"
SNF-011,7,ea7cd53407ecfffe9aaf261f566d553198f59c3cd75f8d3089d13da2b2474794,cea6a7ba25033b6b78f66ecfa572b7ea570b950ddd3498b50879b45906614f6e,66372CC8-E2F9-4AB3-A1BB-232F40FE0DCB,[2],"/usr/bin/clang -dynamiclib -O0 -fno-common provider_7.c provider_2.dylib -Wl,-install_name,@loader_path/provider_7.dylib -o provider_7.dylib"
SNF-012,0,a2f20dc1a9bc7ef7c9fa0d34b229029655e6739c05ef2a1b06d67ce181ac6ba9,ef6b194892ccac3b346b1e8a2220c84bf0c86920b12ad207654d85c1b874e47d,6EE775BE-9F4D-4CC1-B355-C0AA0E6364A5,[],"/usr/bin/clang -dynamiclib -O0 -fno-common provider_0.c -Wl,-install_name,@loader_path/provider_0.dylib -o provider_0.dylib"
SNF-012,1,bf009ec1e9ba392f78d9e5ea1853e5f1883f827e29b850084a38b1b6f8f0de4b,58208b8b1b3715de18df36d63a015bda83aa6426db6bef06425f7669cb22ed58,600865AE-A32A-42CA-944A-F41B25A4C43D,[0],"/usr/bin/clang -dynamiclib -O0 -fno-common provider_1.c provider_0.dylib -Wl,-install_name,@loader_path/provider_1.dylib -o provider_1.dylib"
SNF-012,2,b20710557abf24dccf5583892aaf986ae4a984cbe1ab41d62ed813da62c9def6,e968c8067b86e303078d0ec5eb7531831497d0d36ad8b86801a3b4fec5a954a3,D1DA9988-1FD4-4AD3-973A-0269DFC80416,"[0,1]","/usr/bin/clang -dynamiclib -O0 -fno-common provider_2.c provider_0.dylib provider_1.dylib -Wl,-install_name,@loader_path/provider_2.dylib -o provider_2.dylib"
SNF-012,3,e01d28a67b0cdd4da5a722357f4cff16a1839fe05601c71e2e50b8e9e2ad1d4b,77bae7aa3ffa23eaa771ab7088c7a92de22f2ac1b62fa831988ea2ff5a4c760b,4A15F0CA-DCC5-435C-B317-42F270698518,[0],"/usr/bin/clang -dynamiclib -O0 -fno-common provider_3.c provider_0.dylib -Wl,-install_name,@loader_path/provider_3.dylib -o provider_3.dylib"
SNF-012,4,72246dc4b874d4861d8e5adf9af046013b42a4631c7e84760494492de47566d1,cd1600a7af04b58ee9167efa522d3044db55738888346f12f25c530dec2130ab,784836C9-7830-4497-A65D-953DF0B70F73,"[0,3]","/usr/bin/clang -dynamiclib -O0 -fno-common provider_4.c provider_0.dylib provider_3.dylib -Wl,-install_name,@loader_path/provider_4.dylib -o provider_4.dylib"
SNF-012,5,7afcbbc0391d737f938bf045f98371cc290be66b5d5b23d1ca151d334221f1c0,69f0dff7d725057343185cf1d62cc33520cb9a0ed21d6e89805c772ebafe6397,0C8CCDE2-ADB8-41EB-BC6C-684254F3F983,"[1,4]","/usr/bin/clang -dynamiclib -O0 -fno-common provider_5.c provider_1.dylib provider_4.dylib -Wl,-install_name,@loader_path/provider_5.dylib -o provider_5.dylib"
SNF-012,6,3f6dbefea9e68c396f63150406a8f92a372075decaad1ebd4def757d395ae27a,b8d09e20187abcad6659ec92bf8c6ff0dd0c32f691844c12413c78f57471c5c4,C9A1CA88-DE8B-4AE5-AB51-D8C3FBB94897,[],"/usr/bin/clang -dynamiclib -O0 -fno-common provider_6.c -Wl,-install_name,@loader_path/provider_6.dylib -o provider_6.dylib"
SNF-012,7,312664b364f1ffc3895cfb94731149b3fcf9c07bdbbfb39b0cc0351b64433450,87603d4e15953a28152037bd25034c85fe3587cd7abfd86112f06c28d9845098,E5DB8D7B-4A7D-4EE9-8B49-5E4AFAFA8FD3,[0],"/usr/bin/clang -dynamiclib -O0 -fno-common provider_7.c provider_0.dylib -Wl,-install_name,@loader_path/provider_7.dylib -o provider_7.dylib"
SNF-013,0,60c3ff144ad7f62ca0a5eba4862088a6489d0f04411995f0a62067e68508258b,6133e4eac56abfc2da2a3708ad7c01bdb1ccc6ecac53976dc7f5d6734e8c03e6,0F75A358-593C-4889-9FED-1AF5EF9D3083,[],"/usr/bin/clang -dynamiclib -O0 -fno-common provider_0.c -Wl,-install_name,@loader_path/provider_0.dylib -o provider_0.dylib"
SNF-013,1,a5bc4d6c48bb8cb2c3f9bc545a2d50e3ee876c8a6e7e182da29bc13a0bccbb60,b704d7fc27f6be9a001b27f32f7d5fffc9f55deacf962efefd87b71574fb955c,29BBF2F4-F718-45B1-B1FD-C3511A6874AB,[0],"/usr/bin/clang -dynamiclib -O0 -fno-common provider_1.c provider_0.dylib -Wl,-install_name,@loader_path/provider_1.dylib -o provider_1.dylib"
SNF-013,2,34aafcf772bb7dbdb02c9f489fd4ec1056caf4e60e1250660099d3ee368f56f1,dea848ec004af1fd38b5fc71598c997657646a24a8fd7e77268dc37249750051,B5807ECA-6174-43AC-94E1-1EC0C86376EC,"[0,1]","/usr/bin/clang -dynamiclib -O0 -fno-common provider_2.c provider_0.dylib provider_1.dylib -Wl,-install_name,@loader_path/provider_2.dylib -o provider_2.dylib"
SNF-013,3,6ced160db1b2c88d63cd7e164effcfa055bbb56bbba7468985c892d604eedae5,e4dd25f8770790ca0c8eda61b2d9b3cc0d68aba1f4984db3ae235d930e862aff,8B0CAD36-68DE-4F2F-8A0C-BB32AAF94977,"[0,1]","/usr/bin/clang -dynamiclib -O0 -fno-common provider_3.c provider_0.dylib provider_1.dylib -Wl,-install_name,@loader_path/provider_3.dylib -o provider_3.dylib"
SNF-013,4,b1a3c401a6062dddda253e8b74f7df9cc4840654a000577a9d9ae293d7dfe052,9ce25f52668f2c6ac45506069a8d305f6670c92fe9e5410079ea0e37d6e04cba,614047DF-F77D-4CD1-BC9B-0FB58579957E,[2],"/usr/bin/clang -dynamiclib -O0 -fno-common provider_4.c provider_2.dylib -Wl,-install_name,@loader_path/provider_4.dylib -o provider_4.dylib"
SNF-013,5,81c1cd011ffbaac0b9863e28751d756388f1532a8be52deafee0e8546815efd2,1d2d028f7c7a106c3f1eb72907eee785900bdf1df11777a694b72571ba97828a,3CAD93CB-C8AC-44EA-A900-A334623225CA,[1],"/usr/bin/clang -dynamiclib -O0 -fno-common provider_5.c provider_1.dylib -Wl,-install_name,@loader_path/provider_5.dylib -o provider_5.dylib"
SNF-013,6,44e4dc1142df8adf605609cb6c255f821f3ef697a00c774064c54245d1a9914b,0c4b61773bd2c33450649ac286b05383bbec39d051bac39692dcb6b5fd311dd4,45A7949F-1A5D-433F-9369-F1BD793E7AD9,[4],"/usr/bin/clang -dynamiclib -O0 -fno-common provider_6.c provider_4.dylib -Wl,-install_name,@loader_path/provider_6.dylib -o provider_6.dylib"
SNF-013,7,49f14fd3efa02d93164db4445d72446292b282d309bbc8faeea81a40fa0fd3a0,a499e8138b8c13c07912ed2922fca2fd934cc7d5b5fbe149a4be769fa8abf669,13098B4D-8911-4AE6-BEF2-EC5A04481FCD,[3],"/usr/bin/clang -dynamiclib -O0 -fno-common provider_7.c provider_3.dylib -Wl,-install_name,@loader_path/provider_7.dylib -o provider_7.dylib"
SNF-014,0,96a10d17aa7eef19eb7bcd7f4e65bb9fe7856962daa7a06d9d117492d7fa0273,b3a86b11bc1474aa730d06afed7cae7e84289ecd00f478040a8bc7241ea87d8b,75ACDB45-75C2-494B-AC47-6D184391E1D9,[],"/usr/bin/clang -dynamiclib -O0 -fno-common provider_0.c -Wl,-install_name,@loader_path/provider_0.dylib -o provider_0.dylib"
SNF-014,1,277eb8b7427f7e75fae56af20f39d149bf8ea23c21431d2087e7d5132547b7e0,f89e36ba07a8d8411c3c0b735790ddcbcc03105071fd039ca102395ce0f771d5,20500837-C00A-47F8-A82A-7E9619FC6439,[0],"/usr/bin/clang -dynamiclib -O0 -fno-common provider_1.c provider_0.dylib -Wl,-install_name,@loader_path/provider_1.dylib -o provider_1.dylib"
SNF-014,2,a5d3b732d2efb9b82dda2df1aa4dbc0531731ea0fa03294fbd5a98d7699c9ea6,f5bc0c843ceb61cedcc806b02debe562954fd0371c8f0dd3b9de43692153c361,C1837A1C-DC33-4743-B90C-901F6D3B67E2,[],"/usr/bin/clang -dynamiclib -O0 -fno-common provider_2.c -Wl,-install_name,@loader_path/provider_2.dylib -o provider_2.dylib"
SNF-014,3,26daf9165aa79212d0da5b67ed558fb90a980192b033c02fcca812ebe16b0ed2,1b5ecd88065ebfccce348affa678cfbdda190d535bad046c825a52ad60748d0a,D97C4067-D050-476B-9270-BADE9CAECC02,[1],"/usr/bin/clang -dynamiclib -O0 -fno-common provider_3.c provider_1.dylib -Wl,-install_name,@loader_path/provider_3.dylib -o provider_3.dylib"
SNF-014,4,a28028fec62133f1c07c3bab0dbb67fd6d2e783005adcbe847e113057a790fd9,0aaf6908177d115d30598b905bfd95cee97960f6505539926d5b59bda2ffb9c2,E8ADA19D-89DC-4F3E-A2C5-664693B05245,"[0,2]","/usr/bin/clang -dynamiclib -O0 -fno-common provider_4.c provider_0.dylib provider_2.dylib -Wl,-install_name,@loader_path/provider_4.dylib -o provider_4.dylib"
SNF-014,5,ecff5466a1126ae01616585835344612cdb5d9b97c43e8029aa46fd25932c167,69f061948911af9477efe4202760610fe3922542614c9ae0b0462e9f8ea97da4,D28DA2F5-A08F-45A7-A0A2-BA1EFA1695AE,[4],"/usr/bin/clang -dynamiclib -O0 -fno-common provider_5.c provider_4.dylib -Wl,-install_name,@loader_path/provider_5.dylib -o provider_5.dylib"
SNF-014,6,c29f95c758d5374ed53709d889373de77c760fad5371c9801d9ad0daffdff95d,035e21e4926d1af6f89304c48c151a3a46236bb74060c2231d610ad1d9b389d3,267D30CA-9691-41BC-9FF0-E6D570593480,[2],"/usr/bin/clang -dynamiclib -O0 -fno-common provider_6.c provider_2.dylib -Wl,-install_name,@loader_path/provider_6.dylib -o provider_6.dylib"
SNF-014,7,4bee1bb2f30c930cf603edabde19cb653b756dca93cfaee98bb5f58b427c7fa4,ec63bd6ee055ecac925d05deeff958c1622e758244012e378baae88d7d5b82aa,4C8626FA-7D03-4201-BF5A-B8A891B1633A,[3],"/usr/bin/clang -dynamiclib -O0 -fno-common provider_7.c provider_3.dylib -Wl,-install_name,@loader_path/provider_7.dylib -o provider_7.dylib"
SNF-015,0,79f5ee3325b74eace5458c0433026ec7c17ce042dc694aaff7ec019204769e9c,791618b4b2faa752843184f8525bceb6e22d38f19df318db51aeba044c92ba6d,A54DFB5C-2349-41E6-86AB-3BD2F1549ADA,[],"/usr/bin/clang -dynamiclib -O0 -fno-common provider_0.c -Wl,-install_name,@loader_path/provider_0.dylib -o provider_0.dylib"
SNF-015,1,1ab3bf68f56e5e259f080925e989e156c730211d4a32ebb67b0cc763b6c0d4d5,33c5fba154e9a74aae4558ef8ae28c6479009f507633263f8f2dbcc7ffd35645,C4B278ED-C6AC-4F22-A1B1-A0B5DDA15E89,[],"/usr/bin/clang -dynamiclib -O0 -fno-common provider_1.c -Wl,-install_name,@loader_path/provider_1.dylib -o provider_1.dylib"
SNF-015,2,c7d6030d2aa6e99fa0b8dbf7c80c71cf30dedb9e69aa0326c4da26e9c1ee6299,ed68d093a4341af5b25305717b8dc04d5462da9b0e87966305149baa81d01708,36ACADD8-EC8E-45CF-B622-B05ABE3770D1,[1],"/usr/bin/clang -dynamiclib -O0 -fno-common provider_2.c provider_1.dylib -Wl,-install_name,@loader_path/provider_2.dylib -o provider_2.dylib"
SNF-015,3,f19107684a7502a589fd0c1dceccbaa7c05a8b127c00ad15f4bcde34cf67bb6d,f3bd78446bfb8610195db1eac0214cfc30bc23b6c18dee80f042daef9f6359ee,8CA2E462-8B28-41F6-849B-0CB20100C5F7,[2],"/usr/bin/clang -dynamiclib -O0 -fno-common provider_3.c provider_2.dylib -Wl,-install_name,@loader_path/provider_3.dylib -o provider_3.dylib"
SNF-015,4,0e9bb80c509539c13168b303518e7e4064c4e565619302dc725fcf6918ce3ce2,f1f21ae1f0d25ee8ba411788406f4a1113210c4cfbf9a730b379f2ad79940922,BCF0C2B9-B29A-45BC-B264-0F764BD50D12,[],"/usr/bin/clang -dynamiclib -O0 -fno-common provider_4.c -Wl,-install_name,@loader_path/provider_4.dylib -o provider_4.dylib"
SNF-015,5,a72af6181859a8f92fe5612d1949d647bf491ffc35b8c089bdbc459bbd3985aa,8ff24eb0c3381296e3765c7dad0a64470ca80ff03457ff622e70f19f793b1ff8,05AFCA24-DA6A-4FDA-A357-5B99148A4740,[2],"/usr/bin/clang -dynamiclib -O0 -fno-common provider_5.c provider_2.dylib -Wl,-install_name,@loader_path/provider_5.dylib -o provider_5.dylib"
SNF-015,6,59093a1efeed848677c8508965a5f74c05ec07be529bc1c2cce41eab2d72560b,dca8579e802ef9e157026d104e624449790c4e18de03854035ff8b169e738cfe,502AE1F3-731D-489D-A31F-632FF79B8B8C,[3],"/usr/bin/clang -dynamiclib -O0 -fno-common provider_6.c provider_3.dylib -Wl,-install_name,@loader_path/provider_6.dylib -o provider_6.dylib"
SNF-015,7,1eb6fc4b9757280a9a9f16be28c2cd8afacf60542d0b200e4fb631e62d446099,4b66ee20791ac4ab3c130e482cad28bd8a06fe4f5b6d00acf4c8e60e53a8941d,76DCAFAC-7743-4E4B-8D85-440E18C09B09,[2],"/usr/bin/clang -dynamiclib -O0 -fno-common provider_7.c provider_2.dylib -Wl,-install_name,@loader_path/provider_7.dylib -o provider_7.dylib"
SNF-016,0,f33213e7664235dcecc1e723436b6f724cbd128838d7238adc99594d15e42c79,e3d7da98952eadd9c63dbe72832a5a8857ff1977a459e1ef67b8fd093ef8b529,B18FD087-0210-4145-BB66-0D3ED54E651D,[],"/usr/bin/clang -dynamiclib -O0 -fno-common provider_0.c -Wl,-install_name,@loader_path/provider_0.dylib -o provider_0.dylib"
SNF-016,1,b02ad96eab247b1f575f6ef1feaf421b89ff2cf9cda05f84bcb9e80b540bf48d,8e08fc58f3524fa24c337bbdb83b086a44e354eb2fde518e1f8e14a6def664c4,F43297DE-4C4D-4CB0-90D2-64AA6A4B2F72,[0],"/usr/bin/clang -dynamiclib -O0 -fno-common provider_1.c provider_0.dylib -Wl,-install_name,@loader_path/provider_1.dylib -o provider_1.dylib"
SNF-016,2,f06ab1c8973846fbb0e90a739dbe9fe08a108f6327d0dbd1c2883b100c951b2f,97293e61c4cb31e16cfb5050d4898a8a7ae148440d31968a74b2edea4bef5f7c,9756308A-4782-48CC-BDF5-DAB838D2700B,[0],"/usr/bin/clang -dynamiclib -O0 -fno-common provider_2.c provider_0.dylib -Wl,-install_name,@loader_path/provider_2.dylib -o provider_2.dylib"
SNF-016,3,ee08a9ab1e65a4b6618b9b23ec62472dd815c1dc15eeb0a69e439dc6c6d67f0a,96e30620c2260d071b0725ab2ca8be270c2c44879c040c2b28d05521468af826,4C8DA5F8-B1B1-4047-BD32-690982AA6ACA,"[0,1]","/usr/bin/clang -dynamiclib -O0 -fno-common provider_3.c provider_0.dylib provider_1.dylib -Wl,-install_name,@loader_path/provider_3.dylib -o provider_3.dylib"
SNF-016,4,725d67d46f248c10206b5560f9f55e484f191743073488234aca65c6b9b16a1b,77eba9cb3426cedde24faf7bbde9e2156656f6acb3e0f022cbae5056df58c845,36226D96-0B98-40CD-A725-1A83C84CA844,"[0,3]","/usr/bin/clang -dynamiclib -O0 -fno-common provider_4.c provider_0.dylib provider_3.dylib -Wl,-install_name,@loader_path/provider_4.dylib -o provider_4.dylib"
SNF-016,5,150d466b2bbc1806e5d0c370267f9b340725787af11be16984b080883f9de3fb,4aa4bdc29865cfe290e37ab8d0f9cbc1ee5102aad8f83702a535f808a7e9528f,DDAD1EA6-4CF3-481E-927E-256D57CD653E,[3],"/usr/bin/clang -dynamiclib -O0 -fno-common provider_5.c provider_3.dylib -Wl,-install_name,@loader_path/provider_5.dylib -o provider_5.dylib"
SNF-016,6,d210d26bca0fce48f8af666a6360aa5fd001ed54e7a093203a3ffa658d0fa24b,f5dc0a401f8edc0079670b167fd28b97a7edfb1fcf7da302b9aec88072853089,81025A92-D222-4BB2-AAE3-8C973449ACE5,"[4,5]","/usr/bin/clang -dynamiclib -O0 -fno-common provider_6.c provider_4.dylib provider_5.dylib -Wl,-install_name,@loader_path/provider_6.dylib -o provider_6.dylib"
SNF-016,7,1f348126af9a9290bf529a2c9d4820638c6b0eabd1331f11048b6971147419bb,9a695a9333881fc204dac1cb0b3b1a3fbd5ea5fb243ed1c6b305f895eed3b278,3240B73D-1BAE-4A03-BC7F-B1CDCCD7F34E,[3],"/usr/bin/clang -dynamiclib -O0 -fno-common provider_7.c provider_3.dylib -Wl,-install_name,@loader_path/provider_7.dylib -o provider_7.dylib"
SNF-017,0,0cc9f3e62d06e7e7649b750718f5623e73bb85f23f6192baf8cee0c4cc74be8e,9f9fc3d73f952922100cf975fffd57ab8ebe4668ba83942aef8ec512183f1540,CA8E3F85-EC8E-4AA6-BA3D-1F52937A6617,[],"/usr/bin/clang -dynamiclib -O0 -fno-common provider_0.c -Wl,-install_name,@loader_path/provider_0.dylib -o provider_0.dylib"
SNF-017,1,2fc68c190f79b4004e1676313f04182c56bc7b994d591759e2af61cf738ae447,0f369c456c146b7040b0dd13cf177b070540502d5e8b00bda2bf827970291d5c,CCDE0F4B-C771-4957-8449-9628B3918941,[0],"/usr/bin/clang -dynamiclib -O0 -fno-common provider_1.c provider_0.dylib -Wl,-install_name,@loader_path/provider_1.dylib -o provider_1.dylib"
SNF-017,2,8d40c4ca1db5681cb6634a06ad19d67fc954479eded1dc74045c23f8c06cfedb,0932a1b14b356dc30fd2fd7067c0295d450ab0622fc729cb487d68244a0cbee2,25B6F16C-CD01-4DF6-8255-A701C1AEF18C,[],"/usr/bin/clang -dynamiclib -O0 -fno-common provider_2.c -Wl,-install_name,@loader_path/provider_2.dylib -o provider_2.dylib"
SNF-017,3,a46c54f369a91b2e1bf8c3f4af9214fd1bdf0f6edae7442c8e1bc7ab3274154d,ca7499933a185610c136c5b7e633747468e123ee2ffb675049bbd6cb6ffbb825,2AFA59E1-DC43-495E-8FA1-30833CB03650,"[0,1]","/usr/bin/clang -dynamiclib -O0 -fno-common provider_3.c provider_0.dylib provider_1.dylib -Wl,-install_name,@loader_path/provider_3.dylib -o provider_3.dylib"
SNF-017,4,88a0bacf481cfb8152ed923950d9accbbb56d61f98caa10dc0b7ccdc9606ec8a,a91146a50fcbd20d9ac0c484052d4832ca6ab3495dc47399fd934d3aa6dc23ac,BB3824E0-7CD5-46D3-BF4D-383AE9E7E1B9,[1],"/usr/bin/clang -dynamiclib -O0 -fno-common provider_4.c provider_1.dylib -Wl,-install_name,@loader_path/provider_4.dylib -o provider_4.dylib"
SNF-017,5,b69c820bff974f5e34dfc07b758df7288d3858ded87210117d1479d04a0df842,7241f504a1ce32668321073212bbff653846680aafa0416ff029fcb25d6e71d4,0A370544-9616-4557-9721-EB7D4A97A078,"[0,3]","/usr/bin/clang -dynamiclib -O0 -fno-common provider_5.c provider_0.dylib provider_3.dylib -Wl,-install_name,@loader_path/provider_5.dylib -o provider_5.dylib"
SNF-017,6,719ec1b257194ea0456e62c9e4e63fb2ef161928f14a51040dc594e38879728d,c61b9bbc973929c493f9c7010b34e8f31a23597284d09d9e300c3dd8d975f518,4589DEE1-7CCD-4C4B-A1A2-08BAD339851F,[1],"/usr/bin/clang -dynamiclib -O0 -fno-common provider_6.c provider_1.dylib -Wl,-install_name,@loader_path/provider_6.dylib -o provider_6.dylib"
SNF-017,7,5e8fef3fa2b417119298022521856748dbd4ad723ecc74ffdb097dbd7907259f,fa7b255b88612c20d6d1161619d4c048ede59d5377e862873602d7bd297f84bc,5234B8BA-57FF-4B5A-9BDB-39F9EB877694,[3],"/usr/bin/clang -dynamiclib -O0 -fno-common provider_7.c provider_3.dylib -Wl,-install_name,@loader_path/provider_7.dylib -o provider_7.dylib"
SNF-018,0,9485fe3d40c7d04bf7dec094042f7547d485198aee737342fb44595b2cf6bf6e,9b72215956b2e6f82bee92a793e5a8391af0203045bb29869fe08c216aa46247,98761279-F756-4BF6-835C-379C99288D57,[],"/usr/bin/clang -dynamiclib -O0 -fno-common provider_0.c -Wl,-install_name,@loader_path/provider_0.dylib -o provider_0.dylib"
SNF-018,1,ad010eaf24f736df3942861f803c24635ba17f31135e57d0f2e1b7fd2120b48c,f8b8f9f2bc2f2add050aa5b8a61999dbee6947686ee495ab60bcf99859240761,F77FB385-636D-4DD4-A071-9FBF1A65DB98,[],"/usr/bin/clang -dynamiclib -O0 -fno-common provider_1.c -Wl,-install_name,@loader_path/provider_1.dylib -o provider_1.dylib"
SNF-018,2,20608dd3f6015d8d76766e933ff7175b8ab894e0ef7961565e77d20c26e615e1,231f555d0b332f92adf015c50eca76d08ac19dedcb50666126bef87e9577835b,8F464560-D936-44AF-8040-7BE9E8C8D75A,"[0,1]","/usr/bin/clang -dynamiclib -O0 -fno-common provider_2.c provider_0.dylib provider_1.dylib -Wl,-install_name,@loader_path/provider_2.dylib -o provider_2.dylib"
SNF-018,3,124c57d1ad84da43567e0c2df6788efba8aadd5514166dd804518852da7d974b,ce702773ff6ec9482d725cb5a5413886f097e889661d0900647ff021e8328628,F220F0C4-E795-4AAD-AA65-C49426F43854,[2],"/usr/bin/clang -dynamiclib -O0 -fno-common provider_3.c provider_2.dylib -Wl,-install_name,@loader_path/provider_3.dylib -o provider_3.dylib"
SNF-018,4,40f6695541d77ce328dcdce866408757d0377c9d336ec424fa702ce99e5c8f84,d9a0f15dbf0af3351ae3e5a7b9efba579b2460de3784440730cc3e04b120cde0,1097F106-1E5F-40F3-9E41-CEC594316A47,"[0,1]","/usr/bin/clang -dynamiclib -O0 -fno-common provider_4.c provider_0.dylib provider_1.dylib -Wl,-install_name,@loader_path/provider_4.dylib -o provider_4.dylib"
SNF-018,5,6bc498619ec9af1218ec5069722b27437cf0b55bec102f86d44b2b5ed6835869,d39dbfb8d90aea974947cc1b8326d3f359531783fd3d2776e5926e393bb9e833,A2E28ABD-59D4-4CE6-94CC-7A1C5835690B,[4],"/usr/bin/clang -dynamiclib -O0 -fno-common provider_5.c provider_4.dylib -Wl,-install_name,@loader_path/provider_5.dylib -o provider_5.dylib"
SNF-018,6,f5de429da8b8a605f1124b968cb32927df7c83c1ea80cb9000365796c313fade,2f2feb92dbb9af8dd54bf9db7e891b019746ad1c98da9e05c640e741542e8270,D79DB9ED-D667-493A-8B7A-AD64F8CDCFF2,[],"/usr/bin/clang -dynamiclib -O0 -fno-common provider_6.c -Wl,-install_name,@loader_path/provider_6.dylib -o provider_6.dylib"
SNF-018,7,d84efa96a03bc32b4ddf36e8e5e831e70a954aaba9e14e5fc3aec4960a2874a6,7a3f4bb17a64e8487c22b93f46a2cf67e40da54061c3e7c4fa1c5c9e66e79020,79F9EF6A-2125-4AFC-8BF4-4367E2CDBD9F,[],"/usr/bin/clang -dynamiclib -O0 -fno-common provider_7.c -Wl,-install_name,@loader_path/provider_7.dylib -o provider_7.dylib"
SNF-019,0,f856607b851a703a40e1387f099f8797c969a533a3da82085367cb15aaddfa7e,8aa58c9b452000a859fc92e9a7c696c9563f2fef65cc0e00232279c0b54b9e55,A6C17129-99D6-4C9E-ABA1-F08983536DE0,[],"/usr/bin/clang -dynamiclib -O0 -fno-common provider_0.c -Wl,-install_name,@loader_path/provider_0.dylib -o provider_0.dylib"
SNF-019,1,0b8fb5a604a4f03f6ffa0eff29ec4789cd5109ce87010f72135823535a515567,ea2ec615868e41a24039b3756883846a45bd79d33eaff62c8ab1271edd8ec0a4,5FDA3565-BE7A-479F-9070-E83DC181AB92,[0],"/usr/bin/clang -dynamiclib -O0 -fno-common provider_1.c provider_0.dylib -Wl,-install_name,@loader_path/provider_1.dylib -o provider_1.dylib"
SNF-019,2,90b47320655cc4085fe603c50cf29e7a2868fca6b2ddbd315a2253707abe89ff,c8e8668cecb92bdb633b8f8aa0d454aaca4fb8841e03846c25e009cdf1d7d62d,728C7968-1CAE-4B7D-8518-9DAB5CAF3498,[],"/usr/bin/clang -dynamiclib -O0 -fno-common provider_2.c -Wl,-install_name,@loader_path/provider_2.dylib -o provider_2.dylib"
SNF-019,3,5e61a7dee51444544e16a67462771edbe0683638adaae519663870f6dc947e32,8c95a1e3eeb53efa6d026d964969f73bb3510f54818db677ced4753b44eda7fb,637881CD-E141-4365-9BBA-4D84B64F90E7,"[0,2]","/usr/bin/clang -dynamiclib -O0 -fno-common provider_3.c provider_0.dylib provider_2.dylib -Wl,-install_name,@loader_path/provider_3.dylib -o provider_3.dylib"
SNF-019,4,4f867e87d7c2160b567632dd1dda1565f7cd80a5911b3f32166518f7a70241f0,507f66d67f685641c902bc441c5224ff08ea85ec9c2adc2fbe42074d9de4a82b,417AE94A-6B17-4519-9D1E-A3F1CAB5331E,[3],"/usr/bin/clang -dynamiclib -O0 -fno-common provider_4.c provider_3.dylib -Wl,-install_name,@loader_path/provider_4.dylib -o provider_4.dylib"
SNF-019,5,97c50943d5bbf5b3181cc495ed415a37f0514732e61aa185cec2cac943824e27,c6d6fabc59e5cc336fc12c5aa20be4e61960fa0b98f7523956b011ec2d2a0f30,1D677F8A-7BAB-4183-9619-7BDBDCB63B2B,[1],"/usr/bin/clang -dynamiclib -O0 -fno-common provider_5.c provider_1.dylib -Wl,-install_name,@loader_path/provider_5.dylib -o provider_5.dylib"
SNF-019,6,2887593a21bda233b25f3f2f3407f0d3ae4903a06b5af54640b085d6f94a4a70,17ac52e6a07b10a047b7087785ba59bed1871a9aac575e02b693e9ac0869365a,6F956149-4E97-4451-B64E-B88756DC471A,[3],"/usr/bin/clang -dynamiclib -O0 -fno-common provider_6.c provider_3.dylib -Wl,-install_name,@loader_path/provider_6.dylib -o provider_6.dylib"
SNF-019,7,94c636d19de9f6414b2ae8a2bddce51b529f76f5936af30cbad4b3d58d077653,7f69c5161f2fbd604e42648d14c2e1616e2d04316f6fd4f76af7ba19d7f1e3b5,3E302DB9-13DF-4BD6-B918-D6F617FE4922,[5],"/usr/bin/clang -dynamiclib -O0 -fno-common provider_7.c provider_5.dylib -Wl,-install_name,@loader_path/provider_7.dylib -o provider_7.dylib"
SNF-020,0,90dfa77b054a4ce9dd4ae015e5cf841cfe46f95a156495475100c0ce532ee046,4461acfb0af7525d3c6e61963520090081813b88554e96214b1bba946ed9ed3b,AB99A7BF-ED4C-4614-BA7D-92B99D0C3920,[],"/usr/bin/clang -dynamiclib -O0 -fno-common provider_0.c -Wl,-install_name,@loader_path/provider_0.dylib -o provider_0.dylib"
SNF-020,1,41ead4339fa212f00322279f515ba012911fa5d6159eee40e8d29abe27c5c3c4,b7403d2df002b097e3f48907935bf6d517ca04040f2c5080f64e988cfea6df4d,543C5D8B-AF07-4342-91F1-EDCAF96477EC,[0],"/usr/bin/clang -dynamiclib -O0 -fno-common provider_1.c provider_0.dylib -Wl,-install_name,@loader_path/provider_1.dylib -o provider_1.dylib"
SNF-020,2,108a663acefa7ece0a46ce0ebe0bea7e1f6265fa650cc4ce35e081f7026a2642,efb383fdad0ec778f57207694371492e68dad5b4b446cf2f12fadd45a95b2410,8717C11B-D7A1-4D28-8440-9080C66EDEBE,[0],"/usr/bin/clang -dynamiclib -O0 -fno-common provider_2.c provider_0.dylib -Wl,-install_name,@loader_path/provider_2.dylib -o provider_2.dylib"
SNF-020,3,257cf9e727cbe159cd44e551da586104b0c8404952600d3755325ef3283bd4cc,7be4552649681682b52505b7b9c7be9c8e767e2e9e184cfc56f2e868fab974c7,A2B71FF7-953C-4184-B0CA-B5F5F985EAEF,"[1,2]","/usr/bin/clang -dynamiclib -O0 -fno-common provider_3.c provider_1.dylib provider_2.dylib -Wl,-install_name,@loader_path/provider_3.dylib -o provider_3.dylib"
SNF-020,4,61f17c4f1097647515f80e821a2bd074454b1fb1d5050de8297a2710978d92fe,0446d39534aa3fd190bcee81c3fb7c3c114175c22ac4b72b7fd49cc223809971,3638BCEF-2548-4925-A042-227B3A447934,[3],"/usr/bin/clang -dynamiclib -O0 -fno-common provider_4.c provider_3.dylib -Wl,-install_name,@loader_path/provider_4.dylib -o provider_4.dylib"
SNF-020,5,6ae414afcb4773a3f842826dd885b9e0b89f1178d0223d8673612523a3b73a59,c4a5c56a26db39be68072be9ee5afcdd7825116ef62a7e045648ec4a798cf2a7,677D5EC9-5941-4079-BB93-0A2A576BA2FF,[0],"/usr/bin/clang -dynamiclib -O0 -fno-common provider_5.c provider_0.dylib -Wl,-install_name,@loader_path/provider_5.dylib -o provider_5.dylib"
SNF-020,6,0bb3f967868e737b87a47223c2d0f09569414fc8fc35fd3e77f2add7021e579e,34c3588ce83f7e51a4777dceab1f8baf146a247a81aefe602b736fae9ed1f2f0,DADE6CF7-A34E-4760-85DE-7FA926C0541B,[2],"/usr/bin/clang -dynamiclib -O0 -fno-common provider_6.c provider_2.dylib -Wl,-install_name,@loader_path/provider_6.dylib -o provider_6.dylib"
SNF-020,7,d4daf29863cdcf477978b0c1c03fb3506c79563311b21d9c10cdf7599c4ee4f5,d24fd6bea1a3d459aeee75998d7e7a92bedb7c5b078ad9545d2d9549b149b625,B7A9DFB8-FE75-4722-99A1-D47680F4891A,[3],"/usr/bin/clang -dynamiclib -O0 -fno-common provider_7.c provider_3.dylib -Wl,-install_name,@loader_path/provider_7.dylib -o provider_7.dylib"
SNF-021,0,11e54deac36cc0072ad5d7c83570439287dc703cb265af8fc6936a4b3284a4c9,54811738f3a4d4cf643d24907cb07ed6783821492c2952755823be403d5139b8,D2C1CF86-9AAC-47FB-BD96-4C0C3A7D1E8C,[],"/usr/bin/clang -dynamiclib -O0 -fno-common provider_0.c -Wl,-install_name,@loader_path/provider_0.dylib -o provider_0.dylib"
SNF-021,1,87479e84c17f639b454dd5c2021a006141bd8e1093f73bba004bdefe5b23ab8e,01f6f52dc26752670cc4e601838094138746aff5b8a753cb28a573ef71b84ca6,26B17C9D-2D72-4DEF-A251-2BE33036A994,[0],"/usr/bin/clang -dynamiclib -O0 -fno-common provider_1.c provider_0.dylib -Wl,-install_name,@loader_path/provider_1.dylib -o provider_1.dylib"
SNF-021,2,523ca180f41af28394f56c96498bba0574c68d3dc81fb4c76fbebdd86aa7f298,317628840b826ece0f8f59abae86632536bd021999d019eb6945302d5f11ac43,87934922-8EE3-4CF9-BDE6-9AA429C25B8C,[1],"/usr/bin/clang -dynamiclib -O0 -fno-common provider_2.c provider_1.dylib -Wl,-install_name,@loader_path/provider_2.dylib -o provider_2.dylib"
SNF-021,3,fc006c6228db024144ef2efd6c4a2935d865a3ba48da22973eca202fad28e918,4575036a1e1b78b281d664bd7a3e688c5d1efaef9ff232a91487657bd6bd59f2,FE94A32E-E832-4CB8-AD0F-F64445488014,[],"/usr/bin/clang -dynamiclib -O0 -fno-common provider_3.c -Wl,-install_name,@loader_path/provider_3.dylib -o provider_3.dylib"
SNF-021,4,cb4e8915bd6ae0b081d94315e17efe83238dc638d78ef700b9c2c5386e23ca02,29a79d78cfcaba2d6923801f421472843acc9e09ac08f3f4e4cf1b0ef6827683,1949D19E-43FD-4F7F-A60E-4415CA63CEF8,[1],"/usr/bin/clang -dynamiclib -O0 -fno-common provider_4.c provider_1.dylib -Wl,-install_name,@loader_path/provider_4.dylib -o provider_4.dylib"
SNF-021,5,e9dbc6b1cd78ad6bbd1ab9be088de4aa03a83529976a06dde32e3e30b7101e6e,8bc886b29e49d622e37f2dcf5ccc3710671acd2f79784aa00744d55ad2ae7558,33CA57C4-9240-43C2-B6CC-1C6EC14CBACE,"[0,1]","/usr/bin/clang -dynamiclib -O0 -fno-common provider_5.c provider_0.dylib provider_1.dylib -Wl,-install_name,@loader_path/provider_5.dylib -o provider_5.dylib"
SNF-021,6,0a22a000839bcac02bb2c5dde6dd64f0f038693eeff8ebcacef1230a7f1c1358,910ca1ac2acab02d8f65871e81ee8e779fffbc2948ce28ba515537fc4cb402ac,3DB06AFB-C9E3-45FE-AC6E-88D88AB283D2,[],"/usr/bin/clang -dynamiclib -O0 -fno-common provider_6.c -Wl,-install_name,@loader_path/provider_6.dylib -o provider_6.dylib"
SNF-021,7,bd07d1435b3a4ab74ba8c602c5535abcd4e7f1a21b95e8ddfa68f43b15f1921c,0f3b8ad984ab0db854e92868d3c16014bfcf3704b58cf63e5a6972342e53451f,15B7E60B-27A9-4A67-B33D-64F485EA9BC1,[],"/usr/bin/clang -dynamiclib -O0 -fno-common provider_7.c -Wl,-install_name,@loader_path/provider_7.dylib -o provider_7.dylib"
SNF-022,0,a0735f6b534fcb1c577c1e6a52c227b32ec8cb7c3feceb3e089ba1cfbc48985f,599ae3dccae50e270362e76d9c4b86fd67a949c2925e253a4c6f97fe0180244a,A01C5901-8192-4175-946F-E83652B446C0,[],"/usr/bin/clang -dynamiclib -O0 -fno-common provider_0.c -Wl,-install_name,@loader_path/provider_0.dylib -o provider_0.dylib"
SNF-022,1,a80a18868f8a1197a02c75a0084ef041629decba4fa5026ead16326245834f92,27d0d375f1a2bcdb240a476c5f52aa3d559de49cd6a4c730f88351a3b63c3f13,9B33947A-CC67-43EE-B437-839F36585837,[],"/usr/bin/clang -dynamiclib -O0 -fno-common provider_1.c -Wl,-install_name,@loader_path/provider_1.dylib -o provider_1.dylib"
SNF-022,2,6d56647b1c197d4f476795fe389d350467cc8033268c3974ca2ffe7bb6813454,769707b4ade7d5e4472044298f153d5c352bc1f1bf3c2d98cf23025bfd121003,995C0AF8-C2AC-423D-B564-2C5A594BA292,"[0,1]","/usr/bin/clang -dynamiclib -O0 -fno-common provider_2.c provider_0.dylib provider_1.dylib -Wl,-install_name,@loader_path/provider_2.dylib -o provider_2.dylib"
SNF-022,3,a5882322d454ecb88374fa5b1c38ec6b3f3d31d26794add07b8234c9ef8d681d,e34ecedb92fbf9a9b0593ec2318581c75d5025adb170d61e4f20b18ff35eec0c,44246B76-CFC6-43A8-8F86-533ECA32B9C7,[0],"/usr/bin/clang -dynamiclib -O0 -fno-common provider_3.c provider_0.dylib -Wl,-install_name,@loader_path/provider_3.dylib -o provider_3.dylib"
SNF-022,4,ac5818285fb6b982f09e4bf4c45a72171f8d01610ad0d335fc495996822fe750,9b7705db542642d67967c09ecc874edeef71af7b550507be8a097ccb2357539b,5CF080B7-D082-4052-90D8-BC97B9DAA4F6,[0],"/usr/bin/clang -dynamiclib -O0 -fno-common provider_4.c provider_0.dylib -Wl,-install_name,@loader_path/provider_4.dylib -o provider_4.dylib"
SNF-022,5,fb26fdcc03c8c683d375a7800644756748a9da43d0ac379539e62b88b454a95a,02f4df4adfdd4784ae887434e7aa0696790216b71d91940a036a3192728f2f31,0A361611-5D25-4B6F-989E-ADD7ADC018CE,"[0,4]","/usr/bin/clang -dynamiclib -O0 -fno-common provider_5.c provider_0.dylib provider_4.dylib -Wl,-install_name,@loader_path/provider_5.dylib -o provider_5.dylib"
SNF-022,6,078abadccd9b8fcd93474c11226cce002471622d357faa61e3dedc4113905ee8,347d85bc2fae83b0d0a1d644f9a6fc16d5e776be12c72652751a865054c57462,534B75E9-252E-4762-A96F-3C9D413FB9D1,[0],"/usr/bin/clang -dynamiclib -O0 -fno-common provider_6.c provider_0.dylib -Wl,-install_name,@loader_path/provider_6.dylib -o provider_6.dylib"
SNF-022,7,b007e94bbe4da62fd5e0ce6042bc56163f3affa0416b0be8fb8c3bdd936f4210,79599ac5d7a36766fe109f3f783de085bf89a79b2b5fddf05219385000e71329,343460D9-B3C6-4460-8694-65E98DA857F1,[],"/usr/bin/clang -dynamiclib -O0 -fno-common provider_7.c -Wl,-install_name,@loader_path/provider_7.dylib -o provider_7.dylib"
SNF-023,0,e894411dfb5178a7fcfd072c006f4a412ab680194f3c75dd2464dab2f6847fcd,faf8a19c7a3e21d1ce8673faa7d2f7412c8ba67bde682d55843e32f727105009,706A2BE3-4A93-4A24-9FF7-9E6EC56FA59F,[],"/usr/bin/clang -dynamiclib -O0 -fno-common provider_0.c -Wl,-install_name,@loader_path/provider_0.dylib -o provider_0.dylib"
SNF-023,1,3b02ef92a3eae889e4db3f2c4896b9abb1bed8100b3f64b53a85f1a13c828f08,b154222608448c8c602f1e649c9fe9203d64a3e0af0e829bb9906b27d4d5eb96,94458022-E130-417A-BCCB-F66ABD69B00E,[0],"/usr/bin/clang -dynamiclib -O0 -fno-common provider_1.c provider_0.dylib -Wl,-install_name,@loader_path/provider_1.dylib -o provider_1.dylib"
SNF-023,2,98b7d952ad9f0270b4cccbefca330ed939e89f32498a050b898c0a53a1b52112,25839dfd1ca8056cc989df8ea98b76c102253e408b633c27b75dcd5563b2dc99,DB8F885F-A8C2-4283-AD65-90148A67A810,[0],"/usr/bin/clang -dynamiclib -O0 -fno-common provider_2.c provider_0.dylib -Wl,-install_name,@loader_path/provider_2.dylib -o provider_2.dylib"
SNF-023,3,3ef56492441e589042578ce67a24d7475675f28994e8261f8ed4b1eb8b970b23,487da35345c084b3daef124576589c8ffe81b811278877faca510f058365476b,1C2491C0-1A6E-47F6-A279-3E2E4D356C4D,[2],"/usr/bin/clang -dynamiclib -O0 -fno-common provider_3.c provider_2.dylib -Wl,-install_name,@loader_path/provider_3.dylib -o provider_3.dylib"
SNF-023,4,5e3ff86fe2d210c8510403c0defb49897d8308486df838b75d502b44cb6b1f5e,33cd038b48cedaa76221509419f9b9aafd046e532979a184e831ecc4053f57fc,C82845AA-71DC-4E27-9326-C85C01AE4D71,[0],"/usr/bin/clang -dynamiclib -O0 -fno-common provider_4.c provider_0.dylib -Wl,-install_name,@loader_path/provider_4.dylib -o provider_4.dylib"
SNF-023,5,bda066f496810fac73cbbf212b4262c24f6c559f6d149ac7b4cb61bd189e9eb5,47f2f875cd62535697fa3ab0f44797bbe9c7e471339c151389a76fba95fb000e,268C48C7-B7BC-495B-9696-42E27A129EA3,[2],"/usr/bin/clang -dynamiclib -O0 -fno-common provider_5.c provider_2.dylib -Wl,-install_name,@loader_path/provider_5.dylib -o provider_5.dylib"
SNF-023,6,ae9db67d23bdfb9933c9a7a617296ba6b6e4320ff0fa0ad8447e632104fe79ae,a2eb648446abf9c40ceb8e79580123d0567fda3d94f057a932546704a290de9f,21BDD94A-88F0-4316-AFBC-7552C888322E,[],"/usr/bin/clang -dynamiclib -O0 -fno-common provider_6.c -Wl,-install_name,@loader_path/provider_6.dylib -o provider_6.dylib"
SNF-023,7,c7f91102a6bf2db1565466b3712876357b6181ff8dcedd3ae761deed238e3889,95a6131f27622dd3e3d0016a8f2eaf13c6e5b065aa39030bd3b2fbd92ecf0634,848F71BE-FC53-46F4-AB33-F7CA47477C9A,"[0,6]","/usr/bin/clang -dynamiclib -O0 -fno-common provider_7.c provider_0.dylib provider_6.dylib -Wl,-install_name,@loader_path/provider_7.dylib -o provider_7.dylib"
SNF-024,0,3d058dffdc276b73ea0cd52001c52f56696199eb29a5b8c04947ae83dfc87f3c,881b6c590f1a509889ec6add32c98c01c1634134213c8989912dd1ea2bb20dfc,D4AEA205-FC1C-4BFE-BE0A-D79A6395B791,[],"/usr/bin/clang -dynamiclib -O0 -fno-common provider_0.c -Wl,-install_name,@loader_path/provider_0.dylib -o provider_0.dylib"
SNF-024,1,719758c8e4421cfa08e67f239f731b159ec9bdc21ade2438d1c7f2fc385367c7,3806953765a548583d11f99d72fb7a9e81d0644127dd923168f6e38ab55db3c8,8346F7E4-620D-4148-9DF8-8010DECDD5B6,[0],"/usr/bin/clang -dynamiclib -O0 -fno-common provider_1.c provider_0.dylib -Wl,-install_name,@loader_path/provider_1.dylib -o provider_1.dylib"
SNF-024,2,354e135a226fdaf467f58c86b92e39caa695406043d085c4a4be9a3e2ba5e888,bff9fbbe2e53e06b83ca478446459227f4f301f8a7ba04dad9ea85aa715062d0,DF2A90AE-7302-47BB-802C-0D6918FD5032,[1],"/usr/bin/clang -dynamiclib -O0 -fno-common provider_2.c provider_1.dylib -Wl,-install_name,@loader_path/provider_2.dylib -o provider_2.dylib"
SNF-024,3,869f2f2e0f845ed0a3f446c169faa765933e10e68d1fe39daa92f71a6ab70785,9d4e0eeca7f6c19ef065b0790f640575a6c07ba51d88c25c17d7e4434aaa8fd1,D59BB831-EEB8-4AEB-AD39-820A2ABA690E,[1],"/usr/bin/clang -dynamiclib -O0 -fno-common provider_3.c provider_1.dylib -Wl,-install_name,@loader_path/provider_3.dylib -o provider_3.dylib"
SNF-024,4,645b70fd6372ef34bc832fdf6c48e68676e237abd1a604ee6f4f4b772a59b53f,03139ba61289e14e3dd1f366c821967c19bf65fdfe66a584d4f807698d7aa875,E8DE6037-7312-472B-811B-6CC486404ADE,[2],"/usr/bin/clang -dynamiclib -O0 -fno-common provider_4.c provider_2.dylib -Wl,-install_name,@loader_path/provider_4.dylib -o provider_4.dylib"
SNF-024,5,e582878a9d2c4c22e8ca87790538a489e97b3580c1b994f3847fe162c176ca23,ce2cb1efaec4f56d4ac846523a765549be9f0321dc453e74957e3ca2d261d7ee,13D272A8-23A5-42A2-8CCC-4DEEC486592D,[],"/usr/bin/clang -dynamiclib -O0 -fno-common provider_5.c -Wl,-install_name,@loader_path/provider_5.dylib -o provider_5.dylib"
SNF-024,6,93a25986717f4034df03fe87cd108dd5707fde0820a98b4a4324b659965de035,448d1ef8e72b4eaf49369317983983ba700ca4181a2b3ec35efb6c5bdcade705,AF5A9C52-C63F-40F1-B134-A12463888ED7,[5],"/usr/bin/clang -dynamiclib -O0 -fno-common provider_6.c provider_5.dylib -Wl,-install_name,@loader_path/provider_6.dylib -o provider_6.dylib"
SNF-024,7,890ed096d37b1d9e9a0c513c687b86691bb56d8af4d715feaf02ebbaddf30e3c,96573c9dee21356ea402f0e915619db9932d24d5e9c24a9b21cf2f9aa82940a7,F663EE41-D752-4AF1-AC69-D98EEBB57E9B,[5],"/usr/bin/clang -dynamiclib -O0 -fno-common provider_7.c provider_5.dylib -Wl,-install_name,@loader_path/provider_7.dylib -o provider_7.dylib"
SNF-025,0,9266784e91e07783a189813d15387f1f4445fce579653fce14220ec5400fd16e,577b0d24625d49e3189865570019d724907618d186d70ab718cf85b544288b95,8ABE3F93-929B-4EAD-9DB3-FFFE4063A2C1,[],"/usr/bin/clang -dynamiclib -O0 -fno-common provider_0.c -Wl,-install_name,@loader_path/provider_0.dylib -o provider_0.dylib"
SNF-025,1,00368a342e404fba0647e76da1921e62fe80cd0bdf5707b1a8eae85d8c787213,6464be068e6c51fba9ba6c53914b47987b4b87610d9df51bf704959633d6bc6a,A6A8E69B-D262-4DAD-9ADB-C0FCB0FC7ED9,[0],"/usr/bin/clang -dynamiclib -O0 -fno-common provider_1.c provider_0.dylib -Wl,-install_name,@loader_path/provider_1.dylib -o provider_1.dylib"
SNF-025,2,19e345ea1e20fe0bc857186a585f0fd75fb60a3cf759774f1ba7ec46e91a9069,208bcfe42af5175130a1692103aaeed940641ade3d4c22df6b13e3367a98c743,59FB9C07-D502-4A01-A6C4-68DAD278F6FE,[0],"/usr/bin/clang -dynamiclib -O0 -fno-common provider_2.c provider_0.dylib -Wl,-install_name,@loader_path/provider_2.dylib -o provider_2.dylib"
SNF-025,3,95be67ac1c2f9c522782e5672e192acad020e5c1ec1922e41c380a1292f05c68,42c30b34f7ded9e194766df8e89bad8d456c5acf0afc875eaf3a8c390bf3765b,C5682862-D911-4BB6-92B6-C35C8FC00699,"[1,2]","/usr/bin/clang -dynamiclib -O0 -fno-common provider_3.c provider_1.dylib provider_2.dylib -Wl,-install_name,@loader_path/provider_3.dylib -o provider_3.dylib"
SNF-025,4,1a79a92163ae7a6606b272ccc684f969d80ba39dd4e500956ad274d4c06e53f5,b3c7b0c5f29220347eecfbef33bdda934cfbb81a08d4bdd2f07445bcc2a47cc4,2883C199-43FB-4CAC-9378-1E3FBECE720D,"[2,3]","/usr/bin/clang -dynamiclib -O0 -fno-common provider_4.c provider_2.dylib provider_3.dylib -Wl,-install_name,@loader_path/provider_4.dylib -o provider_4.dylib"
SNF-025,5,a53f062f65cd57e4b0dc514ad000008b30e5b53808f806bb9ed4a3e67ede6acd,67a15296008726cb175a459a727403ef2d2685e80eefb7df084b5349b674df87,5BCB15A6-7965-4D87-A791-A005C2C2F78B,"[1,2]","/usr/bin/clang -dynamiclib -O0 -fno-common provider_5.c provider_1.dylib provider_2.dylib -Wl,-install_name,@loader_path/provider_5.dylib -o provider_5.dylib"
SNF-025,6,ecaddfa014b35b25de4e7ba37d217211783110fed652983c02eaf857dad2e9de,c1282c9d8c372eda69eb8d4c970a3272d81f13b668df733e85f4708707f4c3d0,3AA3E183-EE0A-4111-AC94-C558672D96AC,[5],"/usr/bin/clang -dynamiclib -O0 -fno-common provider_6.c provider_5.dylib -Wl,-install_name,@loader_path/provider_6.dylib -o provider_6.dylib"
SNF-025,7,cdf7d829ffa73daa91f59c02cd5b8999e2e7b129b78fea3cb946f354adc9a8e5,0e22dd613d70bf95311eaaf3f404e7ab8d11dd55f954a5418933650fc199b1d7,3370121D-96D1-4D0D-BCD6-46316671ECB2,[2],"/usr/bin/clang -dynamiclib -O0 -fno-common provider_7.c provider_2.dylib -Wl,-install_name,@loader_path/provider_7.dylib -o provider_7.dylib"
SNF-026,0,a690dcb0a7841873b5827c261b3e8623251e1be1240f8d913d9b99048709bc1c,515ebb1237f652221e702dabf42fb1e24384606191fe70fb50448e8cc5d95811,0E266FA1-7078-4DA6-AA1A-1A9A63CFEAAE,[],"/usr/bin/clang -dynamiclib -O0 -fno-common provider_0.c -Wl,-install_name,@loader_path/provider_0.dylib -o provider_0.dylib"
SNF-026,1,abb83ba38a316e8dc7d890f6c4610b7e1b903d173c62485b02eaeba4015497a8,a4ad7d3ca1957a92bf808fe45a2bd801cfaf1886f283c7c61c07522bdcfda9c0,0804C92F-F847-4BE8-9A81-51F7D9306F97,[0],"/usr/bin/clang -dynamiclib -O0 -fno-common provider_1.c provider_0.dylib -Wl,-install_name,@loader_path/provider_1.dylib -o provider_1.dylib"
SNF-026,2,06c36d85e3c9c2900c0d338e2f8a05850f5ed25c67da059b9e797e385f122592,ee5749c35cffc2083e35f8b2ef9bbe46130d7c79915f6fbf6282d0a1466886b2,F332E230-5CF9-4449-9569-FADCCF2CE5D4,"[0,1]","/usr/bin/clang -dynamiclib -O0 -fno-common provider_2.c provider_0.dylib provider_1.dylib -Wl,-install_name,@loader_path/provider_2.dylib -o provider_2.dylib"
SNF-026,3,5dd79d238a406be1c24290256e3a36affad89f66d1cdb5075dbdd09e272cbf4c,ee4cd48a0f5f129ab0a06cb66a9fea7aa4adfe17e1ae99b94a8a53980c45a3e3,EDED70D9-BC5A-4BF7-8567-EB8E951F48EB,[2],"/usr/bin/clang -dynamiclib -O0 -fno-common provider_3.c provider_2.dylib -Wl,-install_name,@loader_path/provider_3.dylib -o provider_3.dylib"
SNF-026,4,eac7c40d9ac72a3204041c093eaec9f83e5bd5260d18fa889fef871326e17485,5ec4d492a3d35f3167ff4fe5a8794539d4682650e87e06c9ca5b60680c095af7,3BDA8A93-C53F-4A0A-804B-CC8EF549004D,"[1,3]","/usr/bin/clang -dynamiclib -O0 -fno-common provider_4.c provider_1.dylib provider_3.dylib -Wl,-install_name,@loader_path/provider_4.dylib -o provider_4.dylib"
SNF-026,5,92a12f386c50fd537e79a9fb2e46993a6c056c1fb3906f8b40528df20b3f9482,26f3d35b04016df5ef0c97468e4846bf81484e2e2b69821232a487d69c62ee97,25C83D5F-9E69-4468-A94D-AC517251CEE0,"[0,4]","/usr/bin/clang -dynamiclib -O0 -fno-common provider_5.c provider_0.dylib provider_4.dylib -Wl,-install_name,@loader_path/provider_5.dylib -o provider_5.dylib"
SNF-026,6,fc9770c65221d1aa32c0eff24919aef5862564e738d04eda2b3f89bc44239c6a,382317ba1b84752a57b39a6e50fd726a871548fc1c77faff037ff31b691832bd,7052C513-5264-44B8-A5E3-F511701484D8,[],"/usr/bin/clang -dynamiclib -O0 -fno-common provider_6.c -Wl,-install_name,@loader_path/provider_6.dylib -o provider_6.dylib"
SNF-026,7,25ca00dfd7651b052039a6cb67d944403e86a35c6b2dda4beae3a07a856ea949,23b8be568eb075af9bda9032b429a9b1a8dc1a8b13050d4fc5c5ecae50b8710f,784946F5-CD0D-4758-B0EB-829543A9F79E,[4],"/usr/bin/clang -dynamiclib -O0 -fno-common provider_7.c provider_4.dylib -Wl,-install_name,@loader_path/provider_7.dylib -o provider_7.dylib"
SNF-027,0,e7a88a92082ed9dd22994f802c6174f383abbacfb70802ff5e88653a0994024b,74e68efd6b95bb09c567f55385280587647c4f47ad38c3799e0c76301a9acfa0,08D56037-41AE-4FF2-8934-7331CFCC14E7,[],"/usr/bin/clang -dynamiclib -O0 -fno-common provider_0.c -Wl,-install_name,@loader_path/provider_0.dylib -o provider_0.dylib"
SNF-027,1,70200c81db5b19e94f0eeeabd3b4d272aa6b0b54e0688ebf3f541a730829f0d9,9e7fefcc2b3693c48f95b71cfc5cad2959fc9b687b6188c2ad1376f7b8a28bb2,AE235230-79C0-4034-8822-24A813139778,[0],"/usr/bin/clang -dynamiclib -O0 -fno-common provider_1.c provider_0.dylib -Wl,-install_name,@loader_path/provider_1.dylib -o provider_1.dylib"
SNF-027,2,358070f14d7ad0ea602d4f1b7c2e32e230f3c1a7a3b0f5edfb4a9b2004e27c39,bd5277cbffe5f926dc4354f74e5209c51bafd5f879b3034cce9ad0c43859a3c2,D0FCDAF2-5FA8-4304-AF9D-E1AB09DB7BD0,[0],"/usr/bin/clang -dynamiclib -O0 -fno-common provider_2.c provider_0.dylib -Wl,-install_name,@loader_path/provider_2.dylib -o provider_2.dylib"
SNF-027,3,e8163d06c4305f8298a25631f2615c00490ac824bd62bbdaa1f5556fcb7a9325,8672599ce3568108798d6d8ca453c256602b17b31820cc3e48dd0d9d76bd40a6,267BADF2-7CFA-4CC4-96B9-D0DB97EE8F6C,[0],"/usr/bin/clang -dynamiclib -O0 -fno-common provider_3.c provider_0.dylib -Wl,-install_name,@loader_path/provider_3.dylib -o provider_3.dylib"
SNF-027,4,b68ffdd77c2df59819c01b5851fe2598a7f8792a8b1d1e5de01297b482001506,900a5fbd4e7a1dca339f6ff68b93c0ab2d4449b6e4566660b464711b71a28aea,4E0F46F6-A6F3-4D01-B5C5-E7B9AC22069B,"[1,2]","/usr/bin/clang -dynamiclib -O0 -fno-common provider_4.c provider_1.dylib provider_2.dylib -Wl,-install_name,@loader_path/provider_4.dylib -o provider_4.dylib"
SNF-027,5,70319b4cc10a7d2d42b2f63c13baf4112188aaf41bf6f929db97462b4858f960,ac9c93ca8276e493926f319d475c370c0ab7464a472bbd41bc660f6574f20942,40610EC2-BCA6-429D-9BF1-095DF9E1E9DE,[4],"/usr/bin/clang -dynamiclib -O0 -fno-common provider_5.c provider_4.dylib -Wl,-install_name,@loader_path/provider_5.dylib -o provider_5.dylib"
SNF-027,6,1fafe96eadb2aa02185f6b39bd672af4154a8f702892da75c3bb39b637395fe0,864667782a519a4bcef301d9838e098ee346979d49996b02b4f23808b25e1fe7,770F07FB-63B1-4F5A-9AE5-505BCED234D9,[4],"/usr/bin/clang -dynamiclib -O0 -fno-common provider_6.c provider_4.dylib -Wl,-install_name,@loader_path/provider_6.dylib -o provider_6.dylib"
SNF-027,7,f7755c14b6d41e6865c02795dc98fc06b85fcc66ffb2979d8062289ffa40a335,36b203ae71de0c0d4012fb9ea6edf723061e70bbaf64724c220396258e36d9b2,8CDB1B98-1C3A-47F7-A241-B0E406B4B5AB,[6],"/usr/bin/clang -dynamiclib -O0 -fno-common provider_7.c provider_6.dylib -Wl,-install_name,@loader_path/provider_7.dylib -o provider_7.dylib"
SNF-028,0,c2db1d1014cfa344d475769af4e1c922e5e812b7b3a735ecfd0f22eb0139d86f,c4a41470858a055b98f2b9d201aad154d8289ff73bde24230edcc494f008adc7,19DD3804-CA2E-4DAD-B5D6-9D8C8149AA50,[],"/usr/bin/clang -dynamiclib -O0 -fno-common provider_0.c -Wl,-install_name,@loader_path/provider_0.dylib -o provider_0.dylib"
SNF-028,1,beabfd13087ced828d0b6b3b950f805d450f9b029af871be185049b9c2035c92,32b7e835b86f8011a07993b809b6fb9ab7f0cbd2d727ff0ef23bfc90f1eb9b0d,F2F63C43-3F99-4757-9132-577F99ADA6BC,[0],"/usr/bin/clang -dynamiclib -O0 -fno-common provider_1.c provider_0.dylib -Wl,-install_name,@loader_path/provider_1.dylib -o provider_1.dylib"
SNF-028,2,5ed0047bd2c3d394efbd04bc94145e173c93bed44dd1c7b38e7cdaf15d48923e,1d9d7c7f80402b313daaa7199cfbcf7201c1a7faeedac7bd32b67ff709453675,79ED55C8-B5C3-4319-AB37-745C088B0D29,[0],"/usr/bin/clang -dynamiclib -O0 -fno-common provider_2.c provider_0.dylib -Wl,-install_name,@loader_path/provider_2.dylib -o provider_2.dylib"
SNF-028,3,f270bf4d60a7756880f89ad7da9d93415da77e51725dc4ed2fb184ef4bdc71ba,cae21dd1355ee6691ad60e653f065e3c2d47a910f5d4ad9a086766720fc20e49,0F468536-C444-478F-B94E-2A97E7102244,[0],"/usr/bin/clang -dynamiclib -O0 -fno-common provider_3.c provider_0.dylib -Wl,-install_name,@loader_path/provider_3.dylib -o provider_3.dylib"
SNF-028,4,ba63b26c986a45b26778e34421304a813557913dcbb26069ffe07c2661a7f39b,eba3770cc8e3eb07cd3d7d1c37b31f85d6250ec41d264a14310a9ce8761d33b6,4E9ABC6E-EB47-4948-9DD9-96B94F4F4B22,[0],"/usr/bin/clang -dynamiclib -O0 -fno-common provider_4.c provider_0.dylib -Wl,-install_name,@loader_path/provider_4.dylib -o provider_4.dylib"
SNF-028,5,3ef7e65acb2da6aea7c375d2ea5947b222d7a289b6e2bf654ba1ded0dfa1a252,8344bc8eab2332cbf8242979b0af2f1c43d3032118e336bc2bfab75fa206585a,B9303C00-720B-4304-80AB-6FD550406D13,[0],"/usr/bin/clang -dynamiclib -O0 -fno-common provider_5.c provider_0.dylib -Wl,-install_name,@loader_path/provider_5.dylib -o provider_5.dylib"
SNF-028,6,7a47657f1441810a9723470e61af00f34dc0cc9a70a3fa4dfa8b72935b205236,c24180e0e2cedc263edba22f213b91857c9a549f974a6e60bc9f3373412799ed,CCD70EA7-C5F0-4D32-B648-B88826CEA7EE,[2],"/usr/bin/clang -dynamiclib -O0 -fno-common provider_6.c provider_2.dylib -Wl,-install_name,@loader_path/provider_6.dylib -o provider_6.dylib"
SNF-028,7,52ad91f0711d10f8d62b5e18ffc369acfdba17ac193437aded93e3828859ddee,f11fe8e3e8eed6940d8fd8ebe7d5ea9a55853e2e6a90e37fb3c4f99c276bd6af,A01F6C3F-32C1-4A9D-8842-26362487FA50,[4],"/usr/bin/clang -dynamiclib -O0 -fno-common provider_7.c provider_4.dylib -Wl,-install_name,@loader_path/provider_7.dylib -o provider_7.dylib"
SNF-029,0,44af52bd725fd09dd025e15d59c75ad444f2cfc675c7304edca0c477935c4c9a,ce7ed56098ef0146fae8131d3b06608e31fe5909202da9915c291ab1187a7127,41456F1B-9FDB-4CAE-9A1C-C2A59D02D81D,[],"/usr/bin/clang -dynamiclib -O0 -fno-common provider_0.c -Wl,-install_name,@loader_path/provider_0.dylib -o provider_0.dylib"
SNF-029,1,7dd1367d870774fd26ec20b5ee697334586109cd7a3bff52260cbbe86bf2c9e5,077946ae18a75ca2773b8c2d7ecb707fd11cca914d2868dd9e99c16d7e249c7c,64452861-205D-44E9-8242-B1A45DDB80F5,[0],"/usr/bin/clang -dynamiclib -O0 -fno-common provider_1.c provider_0.dylib -Wl,-install_name,@loader_path/provider_1.dylib -o provider_1.dylib"
SNF-029,2,1b2dcaf4eb029685139b8fabad55ff099a7233e7e083e934a4881e5635246d7e,c9810f287562a6d10289d08f158972e01dc560ca26f2083b1e01229310c6b976,4ABDA828-6328-40DE-B3F6-EB44703B999E,[1],"/usr/bin/clang -dynamiclib -O0 -fno-common provider_2.c provider_1.dylib -Wl,-install_name,@loader_path/provider_2.dylib -o provider_2.dylib"
SNF-029,3,143ac44a022c097eba55f241e174d6c610fa93dd5cfb55a3e39c8875bf52feb3,9e9ad465fcb4bce35d449b4e4ec58b4d67c7fe10d1b30c9d8ebaf39cd7b6ebf3,4E4A36FE-7A03-4018-98E6-28DFAF86815A,[],"/usr/bin/clang -dynamiclib -O0 -fno-common provider_3.c -Wl,-install_name,@loader_path/provider_3.dylib -o provider_3.dylib"
SNF-029,4,e97df6d596cd463121d63cdde15ef431973230fe4e5452604c84f54e3ca4528c,a9f5feabf91b197096e4b78a0e43e0a332bd1f183b0bf61139dceaee6300380f,317D17FF-8BEE-459E-BA3C-B50D22387FD0,"[2,3]","/usr/bin/clang -dynamiclib -O0 -fno-common provider_4.c provider_2.dylib provider_3.dylib -Wl,-install_name,@loader_path/provider_4.dylib -o provider_4.dylib"
SNF-029,5,5140364598f4684b575e987bf23ecc9aa433fdab6d710c2c557687c3e0223275,8b2be29b453f6d1cb54dbd1645c4b4f45786a1c7732f9539e54ae7cbb5b9ad33,8A6049F9-BC27-4764-934E-01A7A093F7E3,[3],"/usr/bin/clang -dynamiclib -O0 -fno-common provider_5.c provider_3.dylib -Wl,-install_name,@loader_path/provider_5.dylib -o provider_5.dylib"
SNF-029,6,455c3e159c4adaf8f09f51731b268c0e61f1d412dd126005c7ce4f0c13c29777,bedf671c8dfcbdedde850ba782b5d930e480332c7a2c1a3016d8be8e992a5a57,C90272AD-DD2B-44BB-B76F-617E47D19C6B,[],"/usr/bin/clang -dynamiclib -O0 -fno-common provider_6.c -Wl,-install_name,@loader_path/provider_6.dylib -o provider_6.dylib"
SNF-029,7,92c6111f8f01c843f61f173602e8bc6884460e6c969069e24513dc8b8a1bd981,317b1ae6bb1b111df21d9d6265c633fbdfd32d39eb3f78f1259587e686d6209a,286B8B54-0635-4E67-983F-19172092EA52,[5],"/usr/bin/clang -dynamiclib -O0 -fno-common provider_7.c provider_5.dylib -Wl,-install_name,@loader_path/provider_7.dylib -o provider_7.dylib"
SNF-030,0,04a4843c2a96f2cd37bcbd0fd97fcdfdff40f79811ae75632bdfb09095374d42,afa5ab39b23870e7b2f328890a042aeebf0c0363bdf0166a8308a6cf4ddd1b6f,4404E49D-5E49-4271-87F4-2135A3F4A454,[],"/usr/bin/clang -dynamiclib -O0 -fno-common provider_0.c -Wl,-install_name,@loader_path/provider_0.dylib -o provider_0.dylib"
SNF-030,1,22f81ec24145161f4108a50357927736bada494517df3693a5937d6b80b3cd6d,5e89658ef8807ec1b7e43c4d1a4ee517b9834697cf501e13d4f52bbe914e1e11,5320D37E-FFE0-40F8-BBFF-28C706D09923,[0],"/usr/bin/clang -dynamiclib -O0 -fno-common provider_1.c provider_0.dylib -Wl,-install_name,@loader_path/provider_1.dylib -o provider_1.dylib"
SNF-030,2,c9c3a0818b2c5f50f24553ccd71d4faad78a5b8dd5fa2a6536f1736088bde16d,ac9de7e754c2ac2670ce9b24a7a689cef47173c9360121f3d40dda7a7b08f95d,38645FF8-D6CD-4C8C-A84A-A4B342A700B1,"[0,1]","/usr/bin/clang -dynamiclib -O0 -fno-common provider_2.c provider_0.dylib provider_1.dylib -Wl,-install_name,@loader_path/provider_2.dylib -o provider_2.dylib"
SNF-030,3,9d76f89bb07b8dc673a975d0148d4e5ac2d4f7d4aa89cdedf4d7864145c778be,9d52f3709dbd16f0d95d7ed8fa089324336e55fc3e61ad39e9d22421f59648d7,7E35935A-228F-48D2-9559-4C8B55CFDBF9,[2],"/usr/bin/clang -dynamiclib -O0 -fno-common provider_3.c provider_2.dylib -Wl,-install_name,@loader_path/provider_3.dylib -o provider_3.dylib"
SNF-030,4,dc5a42fb4e7543b5e5da3c87bdb740571228e4e83911394a171ad08d745fec89,1b141db0d7e67c2e1887a9bfe46f71570574e7290550e1f9f43e2b733485d075,2D35700E-CD5E-427B-86F8-79C8463270AD,[],"/usr/bin/clang -dynamiclib -O0 -fno-common provider_4.c -Wl,-install_name,@loader_path/provider_4.dylib -o provider_4.dylib"
SNF-030,5,9dea252d92b925148a103b44346bfa201b5b7644ad228b272d09c124aef52bf6,1a006f4492e8426afe6482597bb2cc357ac51246f64583eb9df4fe2b1642eb97,2477D5CC-1069-4A0B-ABC5-44648D4CD23D,[4],"/usr/bin/clang -dynamiclib -O0 -fno-common provider_5.c provider_4.dylib -Wl,-install_name,@loader_path/provider_5.dylib -o provider_5.dylib"
SNF-030,6,98a9deff3d88be6507ec35f466e929bc85fba0f294fcece3f396dda43ca869ca,6f264bdca9cde1f5bead11758895922629ec06ec34e85ac0b3f901e60f000b91,837ED0DF-6B2B-418F-AB34-734CF94D3D83,"[1,5]","/usr/bin/clang -dynamiclib -O0 -fno-common provider_6.c provider_1.dylib provider_5.dylib -Wl,-install_name,@loader_path/provider_6.dylib -o provider_6.dylib"
SNF-030,7,85fc21e81c9701a7fed6beace6fb5b1042cad16f06fa58334f7c463bda7539dc,56a2abff7899063d1058bf5d3fdb1349b7df3a08a406e744d4e4f93afde0dffa,4AC61998-B34C-4AEB-B83E-246955E663F7,[0],"/usr/bin/clang -dynamiclib -O0 -fno-common provider_7.c provider_0.dylib -Wl,-install_name,@loader_path/provider_7.dylib -o provider_7.dylib"
SNF-031,0,af4297356fef41427fed63f508deb1e0e738cb0cd11b8e2ded0a4414cb9b4413,7cd38dbf2277cf427e8d69d193fd949732cf2689cf62203c777414388af675f5,B07EA907-D667-43E7-9565-FFB60D381636,[],"/usr/bin/clang -dynamiclib -O0 -fno-common provider_0.c -Wl,-install_name,@loader_path/provider_0.dylib -o provider_0.dylib"
SNF-031,1,fed1964a2997718ae14143f5b7836633ff311e3fea86c8b2d3263dcf582358a1,067c06874765a14989d463f9c0037b2f97f635bf1311cc73e00ff81f5697b197,C1E35073-67F6-4FB5-8258-B6C584899964,[0],"/usr/bin/clang -dynamiclib -O0 -fno-common provider_1.c provider_0.dylib -Wl,-install_name,@loader_path/provider_1.dylib -o provider_1.dylib"
SNF-031,2,3c144ec3ad50d782a300ebe91832c626b1c5a5b4b708f98c40c15f1a69d58d29,d335302414dde442900daf902df15cfc12a72c99162fec078f1158526c297859,99C33562-913A-4946-B324-BABBEDFC96CD,"[0,1]","/usr/bin/clang -dynamiclib -O0 -fno-common provider_2.c provider_0.dylib provider_1.dylib -Wl,-install_name,@loader_path/provider_2.dylib -o provider_2.dylib"
SNF-031,3,aabefbeb2b8995e3eb148c0a971c8d6f729a00b264e1eb55e22bc182c52ebb70,24cf47a183a4c5f03156c56d64d39e08e39caab58f863738f6924669d64c8f1f,312D552B-F8E4-43F9-87A9-51E7F6D8746E,[0],"/usr/bin/clang -dynamiclib -O0 -fno-common provider_3.c provider_0.dylib -Wl,-install_name,@loader_path/provider_3.dylib -o provider_3.dylib"
SNF-031,4,3606886f63525144677173c56a7cba08912e14060900641e1fbd8dccbd002038,027f4fea3ca754416fb7a0658051767350241c68091628ad2e14414496b80831,905739C7-250B-4C12-BAEF-5DF32E9231D9,[],"/usr/bin/clang -dynamiclib -O0 -fno-common provider_4.c -Wl,-install_name,@loader_path/provider_4.dylib -o provider_4.dylib"
SNF-031,5,7637989e6b6fdb3b62b983f6ce8e847bd4dcbdbe0fcaaaf32e62beae14c11c1e,c60ed14c943d89795bee62b5cdc7a8aad7b16dc90ad39e490b77d618f3c47234,488CF816-6B11-44DB-ACB0-B29A7B49D0AB,"[1,2]","/usr/bin/clang -dynamiclib -O0 -fno-common provider_5.c provider_1.dylib provider_2.dylib -Wl,-install_name,@loader_path/provider_5.dylib -o provider_5.dylib"
SNF-031,6,cfa5d41765c9373b3b1e60de64a66338d95a6f08a71a788a08d22c4e434b33f0,b955d11ca0383ed55b0e79a59561ec3fd9cd787f2940072525201edfcc42dc61,455F7F77-3D0C-4298-B7D4-C1AA247E6486,"[2,3]","/usr/bin/clang -dynamiclib -O0 -fno-common provider_6.c provider_2.dylib provider_3.dylib -Wl,-install_name,@loader_path/provider_6.dylib -o provider_6.dylib"
SNF-031,7,2f1c62b3449ce81e83782be713f7c3fa51cc4b7a0ad892553dd1bd6dd59355eb,e29f47c91ca3782ce6721fe6400f3d575863a431f2f15fbdf500853c314f0cd5,A9E2A831-9794-4EA3-A0A5-CFA3BEA0F9EF,"[3,5]","/usr/bin/clang -dynamiclib -O0 -fno-common provider_7.c provider_3.dylib provider_5.dylib -Wl,-install_name,@loader_path/provider_7.dylib -o provider_7.dylib"
SNF-032,0,0904a849be3880d2e5dda3dd7078f60fc941a3757a64d917963f9603762a88de,6f46c7481547608d456fe00ab0b89816c4187aee19d3fb6486f760b8d3b9331d,2BD9B8E6-7D0A-4DFB-8B35-AED0CF4C2EC9,[],"/usr/bin/clang -dynamiclib -O0 -fno-common provider_0.c -Wl,-install_name,@loader_path/provider_0.dylib -o provider_0.dylib"
SNF-032,1,00c42cb58558bfa971621853f0ed036e2030c7773e70a9f7aad4636c4a295282,7d97e0fcefb3e95bc81e76948c75df2fac840ba167d8dcbcdebf1d65f8bee4c9,5BF9112C-64F9-48C9-AEAB-4840D0C0BF85,[],"/usr/bin/clang -dynamiclib -O0 -fno-common provider_1.c -Wl,-install_name,@loader_path/provider_1.dylib -o provider_1.dylib"
SNF-032,2,c9d29762326cea1e9f60cc8222e440441779979dc953e0410f89b96c970c1006,8b4452b95ec096d33a7d5156cd9a48e76a21d52dae423bc2a53e8a78ce242a10,713A2C9F-FBEC-416A-AB86-2E9E6BCEB534,[0],"/usr/bin/clang -dynamiclib -O0 -fno-common provider_2.c provider_0.dylib -Wl,-install_name,@loader_path/provider_2.dylib -o provider_2.dylib"
SNF-032,3,bf7a9df0b241f65f7d55b808586c86702dee3f497b6206986d7a304785cdc508,d95c5a67f86101e820fc6d6a846b30efef2ed9fd14f73caea0b8b81da3a0e3be,096AAAC2-A6D5-48B1-8FBC-98962998CE37,[0],"/usr/bin/clang -dynamiclib -O0 -fno-common provider_3.c provider_0.dylib -Wl,-install_name,@loader_path/provider_3.dylib -o provider_3.dylib"
SNF-032,4,181bb767b8750527f8835918837122df1919c02857bbfcf4e57e5f9308050bb7,c2cb92083f2121f0738220c0b964ae7b6cfab07ec3c424c45dd97ce69fb21398,8C9FDA81-AB55-4FCE-B32E-05A01A39BAD0,"[0,3]","/usr/bin/clang -dynamiclib -O0 -fno-common provider_4.c provider_0.dylib provider_3.dylib -Wl,-install_name,@loader_path/provider_4.dylib -o provider_4.dylib"
SNF-032,5,36bf785b966b233f57d491cb9b66dae8d3274b86cdc265335db079653ab90128,2aba0e950088e781fbe7734363c70736a3a1d63751717feb62f4babf982a3ac2,4B3D7C25-4975-4D1B-AA67-B297F861BE3A,[0],"/usr/bin/clang -dynamiclib -O0 -fno-common provider_5.c provider_0.dylib -Wl,-install_name,@loader_path/provider_5.dylib -o provider_5.dylib"
SNF-032,6,e0526ea0e99e4021becbe58f0911dfa4531207476a203b9ab14e00c5894b5e8f,fb3efa1d19d494e47f8da8fdb307fc710e9de3581abc1a3e7c26c834134754c5,AEB7F7FF-1A45-4AD3-A050-17C200CA8E1B,"[0,5]","/usr/bin/clang -dynamiclib -O0 -fno-common provider_6.c provider_0.dylib provider_5.dylib -Wl,-install_name,@loader_path/provider_6.dylib -o provider_6.dylib"
SNF-032,7,3ff3ca301e8e99b598c5509e292f58e6474a495c308505eeeb40284bdf7c5a5b,c94f4071006e88195440cd8768ff19887530a6d267e20840e307e681b2afc48d,A879BB79-6E6F-4AA0-8F2C-4CAB66D3E8D8,"[2,5]","/usr/bin/clang -dynamiclib -O0 -fno-common provider_7.c provider_2.dylib provider_5.dylib -Wl,-install_name,@loader_path/provider_7.dylib -o provider_7.dylib"
SNF-033,0,7fed40c19eac36510a375a0dbb2515dfcb6c88b92db12e29f4a6c8ef02b79078,3d5751ffd53ed063e367a43df6d5b59ee5f5df62873560950f9486766264c6cf,446D9FC8-DB03-45A3-8830-ED4BF47C1127,[],"/usr/bin/clang -dynamiclib -O0 -fno-common provider_0.c -Wl,-install_name,@loader_path/provider_0.dylib -o provider_0.dylib"
SNF-033,1,4ed6b14c4a0b3d48aa9f3e0962e69c123c0c70df2f5afa9f2ac0ac1dfa90287d,5ac3bf48d1f4094a69cf4ed93a42dca1db7d3efb0713f81ccaf64704eb5de316,1F4DF627-21E7-4F95-8B11-B1C21049EA06,[0],"/usr/bin/clang -dynamiclib -O0 -fno-common provider_1.c provider_0.dylib -Wl,-install_name,@loader_path/provider_1.dylib -o provider_1.dylib"
SNF-033,2,26443d2df1cb254097413b107adc5d9fb8610296ce8f9c83b9f89ea45637bc43,c5a41675bc5802069a2f7fafd14c518bb3e6d0de38de93061685151b8d84a20f,AAF17A89-22F0-4AD4-870B-05B3631F7F34,[0],"/usr/bin/clang -dynamiclib -O0 -fno-common provider_2.c provider_0.dylib -Wl,-install_name,@loader_path/provider_2.dylib -o provider_2.dylib"
SNF-033,3,84bf19a69af06e4e81f659a5622895d920d666e284c758d141b46d90c71b20b5,d0ee684f025ff631867961289eaa7520c761a50bec6eb46c975faef0c377cbc7,ECA8474A-F335-47B3-A7BB-6AF4EF7E7FC4,[1],"/usr/bin/clang -dynamiclib -O0 -fno-common provider_3.c provider_1.dylib -Wl,-install_name,@loader_path/provider_3.dylib -o provider_3.dylib"
SNF-033,4,89c9082117e995a75c5dd926711d4b5c097b83d9e1eb441e5d84e06907731df2,1788ef7144eb40a006e1d66c076dfaecf22e303618b7a0ee705504ad416eaefb,DA68282B-5B77-41A6-9B4C-CA5610D7BC25,"[2,3]","/usr/bin/clang -dynamiclib -O0 -fno-common provider_4.c provider_2.dylib provider_3.dylib -Wl,-install_name,@loader_path/provider_4.dylib -o provider_4.dylib"
SNF-033,5,2e91b2bce6f1eac5238ed28a253a844178db533355ae580b38c97c3ce4ec63ec,0e0f5dbb615b6d53d2c449a879c57069b4a4da46f0f3b8432b058a242d90e7b6,F69EEF05-E90A-4A59-867F-6128E58CF25A,[1],"/usr/bin/clang -dynamiclib -O0 -fno-common provider_5.c provider_1.dylib -Wl,-install_name,@loader_path/provider_5.dylib -o provider_5.dylib"
SNF-033,6,6efcb1c1ead57e86b6d6fcb776c0a82ae37f44df581d22c5184caa34d8285463,92c696587580c88f4a1bf71a6021b4a55949d8d5f4305a593573676f262f3a47,5EEA5EDB-4092-4B04-A03E-4286AA924840,"[3,5]","/usr/bin/clang -dynamiclib -O0 -fno-common provider_6.c provider_3.dylib provider_5.dylib -Wl,-install_name,@loader_path/provider_6.dylib -o provider_6.dylib"
SNF-033,7,762fad8d53c4bf30b0f7eb2ffdc5eb8faff82825b0f32c28b243b0e80f930a4a,84e84f9dbd9dc3f572320fed00934185120772ce904cfaeb14485c154a2a1740,0F0D7411-288D-4913-BAF1-927AA2A10A05,"[0,6]","/usr/bin/clang -dynamiclib -O0 -fno-common provider_7.c provider_0.dylib provider_6.dylib -Wl,-install_name,@loader_path/provider_7.dylib -o provider_7.dylib"
SNF-034,0,beb928a62bb5566004bc3cdb2447e9587fa706f9e0f07c40729c257b771aa4b3,6f78bab2ba9adfc1a960424c55fa273f55cdce69c9525fbaf5e35ff11adbc545,FA41503E-360C-41DD-98D8-791D9847F427,[],"/usr/bin/clang -dynamiclib -O0 -fno-common provider_0.c -Wl,-install_name,@loader_path/provider_0.dylib -o provider_0.dylib"
SNF-034,1,b58c4cfee287cd198cbdbb0d76d8fd656854094089e69d0302f4b0d8990e2ce4,ccb6d0193304ca93d61c00187b2a9c3ef0ad5fb0f20c8ea2705882a9545b9109,85460301-1D73-4CFD-9C55-E9B2A1F19C8C,[0],"/usr/bin/clang -dynamiclib -O0 -fno-common provider_1.c provider_0.dylib -Wl,-install_name,@loader_path/provider_1.dylib -o provider_1.dylib"
SNF-034,2,9823125eed03fe19ad05fdedc525bc1d6ac4fadb73e5ee76226ae566b87c5d1e,32dbacc752d543131a17aff36abaf5bc8db52b5ab0ad21ba345324549ccef862,90543AA9-80BD-4C0F-A035-DF303B26944D,[1],"/usr/bin/clang -dynamiclib -O0 -fno-common provider_2.c provider_1.dylib -Wl,-install_name,@loader_path/provider_2.dylib -o provider_2.dylib"
SNF-034,3,c17f78e566c57cf8a4967cfa9bb6a834ba888e8bf9f2c9eaa33d74ffe09f714e,c36610a74dda340aa571f80f8c182634388a30328c54cb91ede70ffbfbb34c04,D37B026D-A958-43CF-A159-04494B443F15,[2],"/usr/bin/clang -dynamiclib -O0 -fno-common provider_3.c provider_2.dylib -Wl,-install_name,@loader_path/provider_3.dylib -o provider_3.dylib"
SNF-034,4,e7ad098d602e33ac688a8e5aab7e55ec87a20f6639557e7a5ac72d04dbbeacb1,57a38b3f242f4574de6240cfdc3f95fcd00da4f0e7da4f66eb4883b509011a44,CE808D2E-F20C-45E6-B1A7-A7C50BFE8F5E,[],"/usr/bin/clang -dynamiclib -O0 -fno-common provider_4.c -Wl,-install_name,@loader_path/provider_4.dylib -o provider_4.dylib"
SNF-034,5,4a33f6f0b4195621ead2f714906e6d05653c5321a872b958a7999f1b17209862,e7fc31bd36a288e1afe0b96be828ee9bfdc4beb92d4ff3e072c62d9dd04a5651,2BCB3A5A-AE95-44A1-A359-A8ACCFA02AA9,[2],"/usr/bin/clang -dynamiclib -O0 -fno-common provider_5.c provider_2.dylib -Wl,-install_name,@loader_path/provider_5.dylib -o provider_5.dylib"
SNF-034,6,3d5d8859cb84ec9a6bda11e1d251bb8283799346ef1f5ac1f6cb8e0e1eec81dc,0b369175dd4055032cfc101bc7333820f9b9e249f47b708fdc23963bd7d57e8b,0F90489A-63E4-4A74-BD0B-BD83A113F21E,[],"/usr/bin/clang -dynamiclib -O0 -fno-common provider_6.c -Wl,-install_name,@loader_path/provider_6.dylib -o provider_6.dylib"
SNF-034,7,5b1448d80d1f452192d5c8e085a4747077d0102f197b43aba09ac72fc1dfcfe4,12bb8be25af6bdbd0832961677df1276abed1c64a48ddbd6d6b4a15ca2931cab,E13B242D-C932-4C80-B8DB-0950D8230465,[1],"/usr/bin/clang -dynamiclib -O0 -fno-common provider_7.c provider_1.dylib -Wl,-install_name,@loader_path/provider_7.dylib -o provider_7.dylib"
SNF-035,0,06f58d5cbb7545534c75e31df8e630dfedf3a27bdb079da0e3b2c2bcbc45eac7,c2da863718c06c460c8d659936ef4dcf5add3b3a4432d61e3f0f3550bbb6be9e,70EF1C87-C434-4BB3-A06E-4568F2609599,[],"/usr/bin/clang -dynamiclib -O0 -fno-common provider_0.c -Wl,-install_name,@loader_path/provider_0.dylib -o provider_0.dylib"
SNF-035,1,283a0504ee7603eb31dbef7ac544d9a7e27807df2a7d07134ba35e222cca6028,c0f2a49194d3729c74f04dd72f098c8144c272757cbfe222095ba92478f19e2f,3EA884FF-D91E-4301-8A6B-9EBBF64A4619,[0],"/usr/bin/clang -dynamiclib -O0 -fno-common provider_1.c provider_0.dylib -Wl,-install_name,@loader_path/provider_1.dylib -o provider_1.dylib"
SNF-035,2,ca8399d2470e01661b4631205eac51a2038385aa742b7998dec76c4c0bc52074,ec976f4e82fe9842dd25232e0d016e9909560f4ec0c4be9bc8243fd27b25cf03,CBB030D5-F059-459E-A0DC-35D4237B7D94,[],"/usr/bin/clang -dynamiclib -O0 -fno-common provider_2.c -Wl,-install_name,@loader_path/provider_2.dylib -o provider_2.dylib"
SNF-035,3,0d2c5cf676b9a720b22dd160b8c485a82e33808c7a3943531aebdfa9137751fa,1848cac8fe7bdb7610ccf492a3fb89fcdb46e84efe9cffff6bc135fbfa2dca52,3B7BB50A-345D-4561-8919-BD97D06A23DA,[1],"/usr/bin/clang -dynamiclib -O0 -fno-common provider_3.c provider_1.dylib -Wl,-install_name,@loader_path/provider_3.dylib -o provider_3.dylib"
SNF-035,4,25675612f37a3216f07170101a9db06e26dc3f3510ce7bb725ffc8a309f828c8,f4dad59220ca4c3dea68c38c61909ff0c225d5d324e5ca843f1459ff1f5d9335,C74E47C1-14BC-45C9-9A24-2FC9D5BB9A15,[2],"/usr/bin/clang -dynamiclib -O0 -fno-common provider_4.c provider_2.dylib -Wl,-install_name,@loader_path/provider_4.dylib -o provider_4.dylib"
SNF-035,5,690743fad8ab6acef0327eada1dfb15be2e854aaa7a5edd267685dc2533b5575,6d66b4d4ae2e8d7e86704b5f851d4ff60e0bf9631183e1e2003038d9c0759622,42DE557B-6076-4C79-8E01-B6CF510FF936,"[1,2]","/usr/bin/clang -dynamiclib -O0 -fno-common provider_5.c provider_1.dylib provider_2.dylib -Wl,-install_name,@loader_path/provider_5.dylib -o provider_5.dylib"
SNF-035,6,e00cf134f68dfecefae1fa1a6f40b7a249e9cc44031a4746b5091affb54cca3c,9c204512dbeec62069d30edfa43a61601afc07cfbbf113ca45a554cff7487636,8D399C21-4E27-43DF-89FB-3DDBE296D812,[4],"/usr/bin/clang -dynamiclib -O0 -fno-common provider_6.c provider_4.dylib -Wl,-install_name,@loader_path/provider_6.dylib -o provider_6.dylib"
SNF-035,7,1642a8c1444c5d1d923ff3b305cb3941804e859fa0cd8d45dc11d7f5082f7105,0066e2267fdc5e2b063691294e3ba08dff3276bdb4e7d70b78c8366adf1bc095,D680CF10-8317-4377-B00F-533EBDA100CF,[3],"/usr/bin/clang -dynamiclib -O0 -fno-common provider_7.c provider_3.dylib -Wl,-install_name,@loader_path/provider_7.dylib -o provider_7.dylib"
SNF-036,0,bb96ef1b57a0281d5c22857189dc46838bd4aeff53d70be1ae93acadee5d5151,1e58ddea8620d3999bbf2b23a764d67753efcfe216784509886ae98581e2c863,8BB9CA22-514A-4C4C-89B6-7F5DEEB5472E,[],"/usr/bin/clang -dynamiclib -O0 -fno-common provider_0.c -Wl,-install_name,@loader_path/provider_0.dylib -o provider_0.dylib"
SNF-036,1,b14bdc8e1b4304499d0d336d18a9f82f0c0e35fa5afc5a6f5ad9ae93fa96b143,a831043e54308074fafcf6a45406db26611b6d7de6fb3a1477824f002ff27e87,8B2339C0-263A-44D4-91B7-E822F76996A1,[0],"/usr/bin/clang -dynamiclib -O0 -fno-common provider_1.c provider_0.dylib -Wl,-install_name,@loader_path/provider_1.dylib -o provider_1.dylib"
SNF-036,2,9a83a471a90ae97b9476525b163aad641ea19b40cf5d4439849f28e5b3023c59,5ff28b37ffe0883d0a030e64867684bfd02ff8f9afd6e1902e584f4778d4593d,718F45B3-77D8-4061-B554-81FED8E341F1,[],"/usr/bin/clang -dynamiclib -O0 -fno-common provider_2.c -Wl,-install_name,@loader_path/provider_2.dylib -o provider_2.dylib"
SNF-036,3,1911f1ce95749aa1f1ee8ce89e496422167d009a52a7bb0d6db9da14677a852e,eb17cfd46fdf716a0a331829a4223f6b792c2efd69e73a31f5dd2a3ffbeab94f,2A8243DD-77A1-48E5-A1D0-C8F2499FA0B3,[2],"/usr/bin/clang -dynamiclib -O0 -fno-common provider_3.c provider_2.dylib -Wl,-install_name,@loader_path/provider_3.dylib -o provider_3.dylib"
SNF-036,4,bde505de4754ad86c38514215e22fed405c72d851a67621be0998bacec55eb51,81d772b73a59a521d94f890a276a967c4d91112f16d32430e38ae3a0890d8a2a,F77D3EA4-0181-4EDE-8FEF-40BF59105820,[3],"/usr/bin/clang -dynamiclib -O0 -fno-common provider_4.c provider_3.dylib -Wl,-install_name,@loader_path/provider_4.dylib -o provider_4.dylib"
SNF-036,5,c1d13e9fe55020485af87fa152dfa94952a3357aad1bc576e7627a8f8e509e14,0f7c41176b1d136739875131de98316096cef5366a7abc8133faa8ed7d78ec6a,260C6B3C-2D7A-4201-ACAC-ACC1F876CBE0,[],"/usr/bin/clang -dynamiclib -O0 -fno-common provider_5.c -Wl,-install_name,@loader_path/provider_5.dylib -o provider_5.dylib"
SNF-036,6,7b867f82d02ea3f307ad80353a48892f18fb4f16dbc23602b6b06290b799dc19,aaa8ee8dbe96191bda050ef8c26db4f58538c1b2b1cbeffb1ce2b0621465a288,7785154C-34FA-4C8A-9EE5-6A014D11938A,[1],"/usr/bin/clang -dynamiclib -O0 -fno-common provider_6.c provider_1.dylib -Wl,-install_name,@loader_path/provider_6.dylib -o provider_6.dylib"
SNF-036,7,72708158c4b0b76dfef4634deb8a49607482eb3ff021754e7200e3f11e63d67d,ec185b86e80f47865152aa36db0bc3dcf916bc4df054189bbbe2f07049054bdf,0A23D2F6-2C3F-4DA3-9F9A-A61EBDDC61AD,[6],"/usr/bin/clang -dynamiclib -O0 -fno-common provider_7.c provider_6.dylib -Wl,-install_name,@loader_path/provider_7.dylib -o provider_7.dylib"
SNF-037,0,155f41e842a30e5f42c354133704099df3e4edccdc85f33c8b16de7a99a4c668,74f80e9d3f108019e6061e0a61ff936e9de37a83d65984eb8138206b195e1003,435C3FF4-48EC-4D77-9613-94E21F3666F3,[],"/usr/bin/clang -dynamiclib -O0 -fno-common provider_0.c -Wl,-install_name,@loader_path/provider_0.dylib -o provider_0.dylib"
SNF-037,1,21da486dbf1e3f3bd18567768be26267bff4a6707f04bddbb7174c7f5bc68f92,3e5b49a2765f6abec891a4912fc26b7aef604f7accdc4c5819b24bca26948741,003A06A7-5D8A-442E-A9D0-BAA054193D9B,[0],"/usr/bin/clang -dynamiclib -O0 -fno-common provider_1.c provider_0.dylib -Wl,-install_name,@loader_path/provider_1.dylib -o provider_1.dylib"
SNF-037,2,a3cd01ece532e50fa63689c24b95536b3aa9417c7d9884424be65197e2d7c7d2,29f98d4fec442f439b4423fb07e14fc4387c3164ded40a1253bcdca237f3727a,917CF1D9-8B70-472A-BA73-64CBB9042C51,[1],"/usr/bin/clang -dynamiclib -O0 -fno-common provider_2.c provider_1.dylib -Wl,-install_name,@loader_path/provider_2.dylib -o provider_2.dylib"
SNF-037,3,fe50e39af27883f31c28f796fea3b77b4cd162c386f64f3cc2f785c844e5e293,dc9f2694da3764eae4f8dd2c802daba8849c15e01441d775f82d7a5202323742,003B586D-6CE3-48D1-A20E-189D6C46842B,[2],"/usr/bin/clang -dynamiclib -O0 -fno-common provider_3.c provider_2.dylib -Wl,-install_name,@loader_path/provider_3.dylib -o provider_3.dylib"
SNF-037,4,bc5c752707ebd6227a6490919001c5c617ae6eb049bd0cd1888f93d9f46e005c,9888c3d7b984e2c0edb309bb257efe17871e9e270d84c48232218c4ac02f4fca,892871D8-3AF2-4296-8890-1E5E376067E7,"[0,2]","/usr/bin/clang -dynamiclib -O0 -fno-common provider_4.c provider_0.dylib provider_2.dylib -Wl,-install_name,@loader_path/provider_4.dylib -o provider_4.dylib"
SNF-037,5,ae953ea0b95657a9032ef43405f8379236a7d5c0cbda0491ab7f9d837ab74780,5bc52baa7042827bba54d64f761c11bd2fb1d01680f722f9a4d10018dc0cdb0a,F32EC5F6-BB52-40DD-BA61-CD1263A745C4,"[0,3]","/usr/bin/clang -dynamiclib -O0 -fno-common provider_5.c provider_0.dylib provider_3.dylib -Wl,-install_name,@loader_path/provider_5.dylib -o provider_5.dylib"
SNF-037,6,dffb53bfba02685d4f31d821c49cf46c09338298ab1849f4e672a453464f02f3,f304cba5a89ae1edd3c0db72c4ad45fcbf0d47fa2f41223bf6ca11ba821f9651,DDE1EEB5-0DB8-4D7B-91E9-0F47E8455A36,"[1,5]","/usr/bin/clang -dynamiclib -O0 -fno-common provider_6.c provider_1.dylib provider_5.dylib -Wl,-install_name,@loader_path/provider_6.dylib -o provider_6.dylib"
SNF-037,7,35d51c9e549ea49a761255ea5f2d8f4181e141888c9a1bc360144244d389b713,32e9fbea18791daa3c198a659df22eba549a6a05a6bf7d2b6170ca7fcd8df706,3EBAFD64-79C0-4C43-8FA3-7B0E427CDE31,"[2,3]","/usr/bin/clang -dynamiclib -O0 -fno-common provider_7.c provider_2.dylib provider_3.dylib -Wl,-install_name,@loader_path/provider_7.dylib -o provider_7.dylib"
SNF-038,0,8f6548b1c264a9653167f11d874163adf5b70f4816a1dd03a097ab9c84d0e509,c69e9b3597b565bef4413f5d04b1680a7353f5c771c2a7d476da15e8841114e8,4927CE7E-D599-4055-8C89-950653EF5593,[],"/usr/bin/clang -dynamiclib -O0 -fno-common provider_0.c -Wl,-install_name,@loader_path/provider_0.dylib -o provider_0.dylib"
SNF-038,1,978695cc329ce6ceece521b4a51ae8632550a71c8604d6893ce8cac90445fd70,bc8b41c16321c2ee613e4d7ff8c2ed679aacecc4b5c5cb61f8e972befa9cb962,2B212217-AA85-44E7-B1B7-9F428401CDE6,[0],"/usr/bin/clang -dynamiclib -O0 -fno-common provider_1.c provider_0.dylib -Wl,-install_name,@loader_path/provider_1.dylib -o provider_1.dylib"
SNF-038,2,b4328ba265274710d3a97bbcb8c920c674680d2298936c977582c8cb7ef54ff4,ce98dae3d7124dddaeec61c0e07fc395ce9f41f5dc204741a7652f5ceb0913c5,25EE6FD0-9609-4D9E-AD19-5D961A547607,[],"/usr/bin/clang -dynamiclib -O0 -fno-common provider_2.c -Wl,-install_name,@loader_path/provider_2.dylib -o provider_2.dylib"
SNF-038,3,60dcd1f1730a0396aebcb07ce90109831f6eb1a431aafcb1e8b0172c42d17002,f7d0f810a59fcccd2e30b953895f3553f6a1cb84b54993fe6495bb149dfc9509,1D7A0F5C-7162-4CEC-AB09-4B475C41DC08,[0],"/usr/bin/clang -dynamiclib -O0 -fno-common provider_3.c provider_0.dylib -Wl,-install_name,@loader_path/provider_3.dylib -o provider_3.dylib"
SNF-038,4,15e0b790815d417e56a3de78e2f62492f05cfcd833e5085f419edafa01ce9e7c,6299c2819adfcf2a88cd353c6516ae868315bb7a497268e968e732874b69a7d8,D2B7C1FE-6929-4827-8BA7-C94B8B19B633,"[1,2]","/usr/bin/clang -dynamiclib -O0 -fno-common provider_4.c provider_1.dylib provider_2.dylib -Wl,-install_name,@loader_path/provider_4.dylib -o provider_4.dylib"
SNF-038,5,dacd6974c6094f6ec9c446e7a1a23ac9f13c1ea172eb894509803bf9da0b3bd1,e685e62e9a902ec0630893c440ba84082a419a1abe4d998048fe90ff5497f9cb,F1FDEAC5-B3E3-42A9-9DD5-769CECC718C1,"[3,4]","/usr/bin/clang -dynamiclib -O0 -fno-common provider_5.c provider_3.dylib provider_4.dylib -Wl,-install_name,@loader_path/provider_5.dylib -o provider_5.dylib"
SNF-038,6,dbdc6fe14b9998fa1577efd44c4b838ac92e69b6bb0273eecc20ad1863240d0a,ec5a2fc9ffa503591d0c719492e0609a56cb0e373e949c3d58b43b9ee2606cd2,F3BC1ED6-26EE-4A5D-845C-1C3CF45B1A14,[0],"/usr/bin/clang -dynamiclib -O0 -fno-common provider_6.c provider_0.dylib -Wl,-install_name,@loader_path/provider_6.dylib -o provider_6.dylib"
SNF-038,7,38e92852ff0ade683aae4034f1ab24e5c66b20743a62489b7ba909938391eda8,49eff227fc5a9ed63a17cfbd0cd58e7c53ee448b1fcf3c9e93fc77f9e25d2f80,0522DAA6-9878-4374-B538-B34FBF3896F9,[3],"/usr/bin/clang -dynamiclib -O0 -fno-common provider_7.c provider_3.dylib -Wl,-install_name,@loader_path/provider_7.dylib -o provider_7.dylib"
SNF-039,0,3b3f9b61331f792f089b3b5ca428b8e4d7ee62cce6a9718ee75b3eaf5dd11c90,a1b3edc742440095299b2ecf256e00330227c098646e257e098907ed0ea9e32c,18928048-483C-46CA-9E96-31788C23C554,[],"/usr/bin/clang -dynamiclib -O0 -fno-common provider_0.c -Wl,-install_name,@loader_path/provider_0.dylib -o provider_0.dylib"
SNF-039,1,6e1f9bca66908059ce3992d66026b663bcfa619570b26e3e0ef1d4ecd9bac263,ed0ee2d49db7bdc207230ccaef642eed21fc3ab64415ccbeeffe4b8ce7fc3aa9,579D2B54-FDDF-4395-99AB-9F3846082CB7,[0],"/usr/bin/clang -dynamiclib -O0 -fno-common provider_1.c provider_0.dylib -Wl,-install_name,@loader_path/provider_1.dylib -o provider_1.dylib"
SNF-039,2,fa4cef43469674140188a08a94ad6fba164cd8e4365da4524db88353ebd75ccb,34eeaf538135509489a7e0f3ca43e9df1d1ad2142efc77502468d558bc84d01f,732245DD-246D-48E6-8B2A-0CE684116954,[],"/usr/bin/clang -dynamiclib -O0 -fno-common provider_2.c -Wl,-install_name,@loader_path/provider_2.dylib -o provider_2.dylib"
SNF-039,3,06e25f0d7494b74ca5e542524d3c65fae1817ceb30acf8be9d7b0908b1ee14d0,9b28d7ed4b976a20196c6f61f1fce246b5cbd85d018eaf86341687675e36c394,76F20120-EBFD-4D58-8145-B74440FCC620,[0],"/usr/bin/clang -dynamiclib -O0 -fno-common provider_3.c provider_0.dylib -Wl,-install_name,@loader_path/provider_3.dylib -o provider_3.dylib"
SNF-039,4,1d5b4bd44950c03bdeda31a0028d6c2799cdf1f17f4ab4dc95ce969f49feb31a,8dcb094b6899b319bb16ddc47d9093f2566055a843a6d47ea7e9c0e8fa907c2e,B8417BCD-00CA-4E0F-A47D-BF6914AFCF01,[2],"/usr/bin/clang -dynamiclib -O0 -fno-common provider_4.c provider_2.dylib -Wl,-install_name,@loader_path/provider_4.dylib -o provider_4.dylib"
SNF-039,5,47378c3cb21b6cae2b9b1246142540508eca20bb2b87d396222ec134128654bc,7ffff57594ca4ba9003dabcc1caab487e4229cfadec380d43e6c67d7a326d761,89C5069D-7D0D-416C-8FF9-D8B12DA287B9,[1],"/usr/bin/clang -dynamiclib -O0 -fno-common provider_5.c provider_1.dylib -Wl,-install_name,@loader_path/provider_5.dylib -o provider_5.dylib"
SNF-039,6,d1f606a640be607d0a634eaeeaef46c3323d81fb70735fa8dec862b3aa629a20,14d8376e70cd85898fd6b8cb2d868b294364b08abf058b93e639cb42eeed31af,8A50DD97-4B91-4311-B2C2-56B09062FEAE,[2],"/usr/bin/clang -dynamiclib -O0 -fno-common provider_6.c provider_2.dylib -Wl,-install_name,@loader_path/provider_6.dylib -o provider_6.dylib"
SNF-039,7,08afcf8257680c9fa8c91beea5669e0e4800f1d8db3e3e57101c7cf9f9c9d474,30515870e123d41f915d19fc837f41e1252594060ba528e3058ee68eb5959cc0,8BA12F19-417F-4AC0-B9A1-E9F1EC22AEC1,[],"/usr/bin/clang -dynamiclib -O0 -fno-common provider_7.c -Wl,-install_name,@loader_path/provider_7.dylib -o provider_7.dylib"
SNF-040,0,cd6271fc18f7219b7a69fff17d049d8bc2240042f82e9d014171e6afedf84aac,e7a68842e26f00ff929b4fe3acada90a63b15e2814bc1e485b51946f19254c73,FF893106-7D27-432C-84AB-647DAFF59E7E,[],"/usr/bin/clang -dynamiclib -O0 -fno-common provider_0.c -Wl,-install_name,@loader_path/provider_0.dylib -o provider_0.dylib"
SNF-040,1,732db0004e35fe4d3423e2a7d4fa494695313ecc28910bff5510d53dced01123,797fd815c3fb07579f3f6a1f298197682de4d8e49a2503141b1d21d4c057a2dc,49BEDE20-3E7D-484C-934D-E47E607CE2D6,[0],"/usr/bin/clang -dynamiclib -O0 -fno-common provider_1.c provider_0.dylib -Wl,-install_name,@loader_path/provider_1.dylib -o provider_1.dylib"
SNF-040,2,61f0a115a7760100c282ac676e4323e4adebbfbac189e74075671a5649d7b3e3,f6cfeaa93adf0ecb7fa1540a4aacaab9b109532efa3901c73882161e021393a8,426D4900-7A17-42B0-BC21-2382D0980A5F,[1],"/usr/bin/clang -dynamiclib -O0 -fno-common provider_2.c provider_1.dylib -Wl,-install_name,@loader_path/provider_2.dylib -o provider_2.dylib"
SNF-040,3,fb42df603dd6c67d06e9b80a42a41f624dbd6ffb800d5ab121b8adb1032ce89f,c17cc4d54253bedcd40886ebb6bd66df5f539e8b79a01ea22a13e843c3304762,6FD6C2E4-6627-4D06-90B7-1A833BF09B50,[0],"/usr/bin/clang -dynamiclib -O0 -fno-common provider_3.c provider_0.dylib -Wl,-install_name,@loader_path/provider_3.dylib -o provider_3.dylib"
SNF-040,4,c7c7479ae15d625e87ce2f96e1c226fe83788f81b0336c0a38373e08dc1c6640,f459a5535d383c5293523583a2245a8adc193bc6206993d26083e402792704a1,01744116-86FE-4B0A-A1A7-FACB28A3B953,"[0,3]","/usr/bin/clang -dynamiclib -O0 -fno-common provider_4.c provider_0.dylib provider_3.dylib -Wl,-install_name,@loader_path/provider_4.dylib -o provider_4.dylib"
SNF-040,5,9aa1ee6980b9e94f470a4d50181771caf57e96fd41b9dfb0f8e04d9cc4db87d6,d7f44e92fcb5a56f7fb3aee47c03f28c5820da8e051796f991dfe8cae67aba65,72F5B405-5023-43F8-9C71-D800E20C52C5,[],"/usr/bin/clang -dynamiclib -O0 -fno-common provider_5.c -Wl,-install_name,@loader_path/provider_5.dylib -o provider_5.dylib"
SNF-040,6,aa093259842b65f204c7dd51005f9dafe3b0b06f6458730f7f69ecfd491af153,23f57c43eeaea4c81889ad67bc67f0f2e5193d6ff8961a25cfb263af1d86cc0b,2F0F7EDE-265C-4E53-95FD-66CED787BD1C,[],"/usr/bin/clang -dynamiclib -O0 -fno-common provider_6.c -Wl,-install_name,@loader_path/provider_6.dylib -o provider_6.dylib"
SNF-040,7,20cf25bf375ba5b9c867d3c91cda2e7458837dff83084433498d0ff35ed0528f,7365d184467a76facf818bb6112c32e93d3596d7e5d53f593f79c669fefa4b1b,59B0D6D3-08EF-496B-8F0B-FF2925E33993,[2],"/usr/bin/clang -dynamiclib -O0 -fno-common provider_7.c provider_2.dylib -Wl,-install_name,@loader_path/provider_7.dylib -o provider_7.dylib"
SNF-041,0,971c2331edfaa8da94142f2547f4d6c081de7bc6ef98c104b2cccb242dd811a8,0de546dc6a08c84160a4fb6f67d4805dfb6d4f6307fedf066da78f787460e4ef,2FF40A96-ED86-4B8B-B16C-A232465599B8,[],"/usr/bin/clang -dynamiclib -O0 -fno-common provider_0.c -Wl,-install_name,@loader_path/provider_0.dylib -o provider_0.dylib"
SNF-041,1,c513d390d49d37bb0f34c36879d0d12544ea79df780c6e579f3074af37b150aa,6d59dfbe379019e7be67675810ce3281cdc0df4e6bbb521d67350c9c5b049499,940B36D6-73E0-4885-AA82-674AC281B06D,[],"/usr/bin/clang -dynamiclib -O0 -fno-common provider_1.c -Wl,-install_name,@loader_path/provider_1.dylib -o provider_1.dylib"
SNF-041,2,c7d80d391c42a27d9ed9edbeabd49be92140cd7ceaa2543360d5b3640f4c140f,e919586e0aa94de4462426a063d882d57e454005905dd1724a9faf10b430d2bf,335D6533-8765-483F-BAB2-8F379A5F3CF3,"[0,1]","/usr/bin/clang -dynamiclib -O0 -fno-common provider_2.c provider_0.dylib provider_1.dylib -Wl,-install_name,@loader_path/provider_2.dylib -o provider_2.dylib"
SNF-041,3,c6788a64a5ca3ff271e3ea0e59a3a9db91b5d108ac9880d85b4ff5e74f51fe37,8c6aaa0a63103dc651f2f3274f233d748f6fceca94cb0c3e879d95a33eece705,8D5BB754-763D-43F7-AC76-F19B306BCB1D,[1],"/usr/bin/clang -dynamiclib -O0 -fno-common provider_3.c provider_1.dylib -Wl,-install_name,@loader_path/provider_3.dylib -o provider_3.dylib"
SNF-041,4,9e7b30f427ccc27d9c5e2348f5c05bcc1279f4acbd2b516f3cd06d946ab44a87,d2c91314b92e5691460b3114e82b040199cb7c72add35c2c9014ddfe4385f30e,7AD6F761-568F-40E4-A9DE-181B50379659,"[0,1]","/usr/bin/clang -dynamiclib -O0 -fno-common provider_4.c provider_0.dylib provider_1.dylib -Wl,-install_name,@loader_path/provider_4.dylib -o provider_4.dylib"
SNF-041,5,af99a2ea88861c4dfefe7f7125f21a97daca0af84fb697b34839ce69331d7ac9,b29ac7f65efacb92bf5780016b79e9a00ad216f4ab38fb1b42ed2ea7d549933e,AA244CCA-8DA9-4519-9E3D-04BDAD048857,[2],"/usr/bin/clang -dynamiclib -O0 -fno-common provider_5.c provider_2.dylib -Wl,-install_name,@loader_path/provider_5.dylib -o provider_5.dylib"
SNF-041,6,f164ac4733b482d58a02666929c2bddf31578ba89150a0128bf6c67d3d9e0758,7d13081accefc961dff81f881fda87e06a5b732856ea6565523e9e7ab23b4fcb,625EF045-0C70-42A3-9811-FABC515E82BA,[],"/usr/bin/clang -dynamiclib -O0 -fno-common provider_6.c -Wl,-install_name,@loader_path/provider_6.dylib -o provider_6.dylib"
SNF-041,7,bccea259c59759b69bf426ebe9743ec4c6631c250e6127e053bc781ad8395aa4,8f2992ffce0321126e0a9457455f7beb12a75ab7b18420f00a15203c2fb359c7,A683998A-A820-4C61-80BE-687E9957FD73,[],"/usr/bin/clang -dynamiclib -O0 -fno-common provider_7.c -Wl,-install_name,@loader_path/provider_7.dylib -o provider_7.dylib"
SNF-042,0,28e652cf7c1fcd7973dd58814e84ad8c90e7edd57a7a7a45ea6f17bb7460cbef,3d465d28af2e821ee91049eeb54456e3a4901afd721321c47d95ab92500c9eb6,AAE48910-CACD-4D80-A2DA-9F6EEB4377B6,[],"/usr/bin/clang -dynamiclib -O0 -fno-common provider_0.c -Wl,-install_name,@loader_path/provider_0.dylib -o provider_0.dylib"
SNF-042,1,14b3f874ad34d291be041c19c4243d7b5f1caceeac9601907ee4f1ca7faf621d,f762cf5acb43bb8b6aa1a639da2934be14e3d851829289df76f206c9dd06dff2,447988E9-AA3E-40FF-912A-E77C75E549B2,[0],"/usr/bin/clang -dynamiclib -O0 -fno-common provider_1.c provider_0.dylib -Wl,-install_name,@loader_path/provider_1.dylib -o provider_1.dylib"
SNF-042,2,e742ae3e8ee93c3bc431a9773dac067de5c406258e8ec418044a171f7af6b2ae,7b5b20708f23127c58ed253e43010d5d22197a3533fc0bd476a6e213c2044728,47022ECE-31EC-4DEF-9D37-72C02458CC4B,[0],"/usr/bin/clang -dynamiclib -O0 -fno-common provider_2.c provider_0.dylib -Wl,-install_name,@loader_path/provider_2.dylib -o provider_2.dylib"
SNF-042,3,665e4a92953a46c0469f531824a99786e1794eb84248fbbdc131716961773033,d76354fb8430f10ae9ca66ce3bbe527af55a75666f0f20be3f1dc867bc11a7cd,26B4E8B8-FB9B-4F74-B1FF-AB2C8B9E3482,[0],"/usr/bin/clang -dynamiclib -O0 -fno-common provider_3.c provider_0.dylib -Wl,-install_name,@loader_path/provider_3.dylib -o provider_3.dylib"
SNF-042,4,28b7457ead1fd08b9d69324376727390d86cbe6067ff7e1988b517b9f12eb8f7,7e51bc198dc5e78b81d11b1e88d7b15ac5dbf84269c8ddad8b13df95f123da13,83332CAF-5009-4552-AE28-C605C53C9DDA,[3],"/usr/bin/clang -dynamiclib -O0 -fno-common provider_4.c provider_3.dylib -Wl,-install_name,@loader_path/provider_4.dylib -o provider_4.dylib"
SNF-042,5,4e63efa019b0bc34580f85d2ddd4c105ddc4326d24747b5daf5aaadeddc00a6b,cf60d73ed186ea7e1d437d325b677b03c59d00b1bc14eaeb903704aa5ae5314f,D492D26C-8AF9-4461-BFD7-2AC72B43311A,[3],"/usr/bin/clang -dynamiclib -O0 -fno-common provider_5.c provider_3.dylib -Wl,-install_name,@loader_path/provider_5.dylib -o provider_5.dylib"
SNF-042,6,1241530d507c975855724ed0187c19b1d51ee78dc899b15e7795de2d02577c61,7a142793a0232df30a1ac6a09fcf5601e6a02cd7524fba42d750422b942bd07a,6A0B5F28-2A09-4031-B1BF-67048B4BDFDE,[4],"/usr/bin/clang -dynamiclib -O0 -fno-common provider_6.c provider_4.dylib -Wl,-install_name,@loader_path/provider_6.dylib -o provider_6.dylib"
SNF-042,7,ea59e88088bb70590fd9da21bfc51d17e222d9e097998c9273c9469be51ee6e1,45b5fb83d6ac1c24a99c4f95c3d2215bf55dc4c8b498d5dba29c3ea1e9f608ee,A14D0285-56B9-420B-A998-4F3454ED8131,[2],"/usr/bin/clang -dynamiclib -O0 -fno-common provider_7.c provider_2.dylib -Wl,-install_name,@loader_path/provider_7.dylib -o provider_7.dylib"
SNF-043,0,91f5b194cd793a6b6dbb624bdd2e6365d5b3107b5a457e65bd5d2da42dd3ea92,a4af4a94a7416762eba468c0df03fafee1d94f6a56f0c19cbb880085e3997969,60847063-9FDA-4335-B361-502AFED020C5,[],"/usr/bin/clang -dynamiclib -O0 -fno-common provider_0.c -Wl,-install_name,@loader_path/provider_0.dylib -o provider_0.dylib"
SNF-043,1,b0e3b975041c0c1d9c68f7d1b3b1cf99418e29ef168af38fc6dbf1e7299f7547,18edaa00e844d6e7ee53d029acc17c92fd363890a07f5a4bbb5b360b78214d1c,4FFCDE6A-74E1-4780-9DEC-D73A37BF04CA,[0],"/usr/bin/clang -dynamiclib -O0 -fno-common provider_1.c provider_0.dylib -Wl,-install_name,@loader_path/provider_1.dylib -o provider_1.dylib"
SNF-043,2,83fc7e98bee4fdc107c1db46f32c47f2a67c080e8ebb72f559eccc1f773765c7,945252fdcd8e63beeed596fad596ef9a84807780d34a515db3e3b5d58e1c6002,4B0B8313-0BD2-4412-B2CC-ACF3F71E6F7A,[0],"/usr/bin/clang -dynamiclib -O0 -fno-common provider_2.c provider_0.dylib -Wl,-install_name,@loader_path/provider_2.dylib -o provider_2.dylib"
SNF-043,3,681de824922fb5c8c1e16a5588e67e6d214474c815f3b3cabe539419c224c28d,271238dea2dee2eacf7f6d8353f9567b0233ab7aaac3eece7589816261bbd7de,1C6B3743-69A2-4377-84ED-6AC0DDF6FECA,[1],"/usr/bin/clang -dynamiclib -O0 -fno-common provider_3.c provider_1.dylib -Wl,-install_name,@loader_path/provider_3.dylib -o provider_3.dylib"
SNF-043,4,943712ffeb63fe89a217700b4b86c4bdec1a0dadfa8d01bf8883fb74d403e727,05a5ca6c46b743ba834347178665d34adc570b914e0aeaee0a00ee219d6cb0a1,1AC10138-0BF0-4034-9AE7-31CF0043DAA8,"[1,3]","/usr/bin/clang -dynamiclib -O0 -fno-common provider_4.c provider_1.dylib provider_3.dylib -Wl,-install_name,@loader_path/provider_4.dylib -o provider_4.dylib"
SNF-043,5,0e5936eb285d9e6e3b6e95003785798ce1158480c3ee35ea11806c5afce3bbf5,3f924b1f938de3007a70b780bc33566baa5346de450f4ff6387df191f629f622,96086094-A026-4A97-ADDE-9B4B422525ED,"[2,3]","/usr/bin/clang -dynamiclib -O0 -fno-common provider_5.c provider_2.dylib provider_3.dylib -Wl,-install_name,@loader_path/provider_5.dylib -o provider_5.dylib"
SNF-043,6,f7ae5abb271d170ce6a8cad51ace292cd6dd568c188a7a17a9329ff678e71423,0a5b676b979fa067e7f1154009cb61f61fed2b44caa4a2ddd3d66d2d8675dd8a,AF77C6C1-4719-43FD-AC38-3E4ECBDEDD63,[3],"/usr/bin/clang -dynamiclib -O0 -fno-common provider_6.c provider_3.dylib -Wl,-install_name,@loader_path/provider_6.dylib -o provider_6.dylib"
SNF-043,7,557d8b0c2f5b82570c0fcb35a6dc3971dcb630154f72dc43d1a02a3cfb6320f6,d4a6f7eafb3735186bb78aecef19c920cc39ba2da46760e3237b2da47e12b900,10DB0EE7-257A-41C1-B937-956932A373FC,[3],"/usr/bin/clang -dynamiclib -O0 -fno-common provider_7.c provider_3.dylib -Wl,-install_name,@loader_path/provider_7.dylib -o provider_7.dylib"
SNF-044,0,547c0e2c0ba2899e37984c3711294b6b0ee782c428c8bac2a4748de605701edf,e5585f045216c5385c0e16a1d2c6fd72e73ab409b3e0065bfcc18b13d86fd9f6,69B4A26E-D5DC-42DF-B6E5-0F72BB94B259,[],"/usr/bin/clang -dynamiclib -O0 -fno-common provider_0.c -Wl,-install_name,@loader_path/provider_0.dylib -o provider_0.dylib"
SNF-044,1,066f4f0f28cdeae0b8a3ab75ca86996b61e86e0471e469e8671934f7330d2b32,83f7676f3ad33cca801e82ffee8e559f3a136f45f8ed6dc00ff5eddcf06731c7,FA4314C0-E961-4A51-A19D-8BE05A9E7951,[0],"/usr/bin/clang -dynamiclib -O0 -fno-common provider_1.c provider_0.dylib -Wl,-install_name,@loader_path/provider_1.dylib -o provider_1.dylib"
SNF-044,2,052b7fdbfc6beeb4994913d2c5ac4f0c8ae57e2f7a2b9992a2800533eaa48ae3,2ff353041443026846f9854b8acd448661c54ba665d4886a8129e7cbf5072ec3,393B2485-4CC1-4C84-BDF1-92965CD21A0E,[],"/usr/bin/clang -dynamiclib -O0 -fno-common provider_2.c -Wl,-install_name,@loader_path/provider_2.dylib -o provider_2.dylib"
SNF-044,3,1f201ca89199bcce62d6a9039ccc00969b8ace8cf1677e24857809591c79f644,7332bda99717a03bd85ca449e453956bac812e08535c692618b8e3c1305820cd,24ACB126-8B7A-42E7-BB99-47310A370972,[2],"/usr/bin/clang -dynamiclib -O0 -fno-common provider_3.c provider_2.dylib -Wl,-install_name,@loader_path/provider_3.dylib -o provider_3.dylib"
SNF-044,4,5bbb16950265564cedb189c2c8e1d9c46e8ab859f9a1529b734e3626221864f6,e8a0d6d64b2683be843dd5cc76be51b6f0fdd9f62f7faba6db8273ca5da78939,B866BFA9-4813-44FF-9812-CEDCCF824153,[2],"/usr/bin/clang -dynamiclib -O0 -fno-common provider_4.c provider_2.dylib -Wl,-install_name,@loader_path/provider_4.dylib -o provider_4.dylib"
SNF-044,5,685ea9c17e4dd1aec4813fbc15e8cc781cf5cdcf2febbb1ed1441472363bcc83,9c555c9533f390803288eaac14aaadec1b68a8cfe6951ef6c192e8441267b6ee,2EA1A55F-C66B-4835-8A1D-5B23F4DD7A34,[0],"/usr/bin/clang -dynamiclib -O0 -fno-common provider_5.c provider_0.dylib -Wl,-install_name,@loader_path/provider_5.dylib -o provider_5.dylib"
SNF-044,6,2d234eca1fbe236894807309a2f390ac7f46e942df7db07f1e560070fded990f,69aef3516edd955ac3a29cf76a96689ab01df54df6807646cc21a5fdffd6b8df,CFED4EB0-00A4-450D-9758-F9D041800F73,"[1,3]","/usr/bin/clang -dynamiclib -O0 -fno-common provider_6.c provider_1.dylib provider_3.dylib -Wl,-install_name,@loader_path/provider_6.dylib -o provider_6.dylib"
SNF-044,7,40e3028e632630ca9972c86e13d8496eb8dffce6d0a53a8d2d380bc7268e3a7c,9e4b4fe0de66dc51e836bc56ef992ee1c9176c4707f9f71a191c9fececfc79f5,980E0C2F-4876-4D50-86AB-9316EEBFC0D3,"[0,3]","/usr/bin/clang -dynamiclib -O0 -fno-common provider_7.c provider_0.dylib provider_3.dylib -Wl,-install_name,@loader_path/provider_7.dylib -o provider_7.dylib"
SNF-045,0,5cbd728065077761d44dcb22a01c0f59967424613ec9d05d910788d54c0eddb4,3dba9f4d59e59824dc6d682f34291ccddee4b645eb578920b1573e69f8d68772,CE0A04E0-84B5-42B3-9AB1-8BA155551F04,[],"/usr/bin/clang -dynamiclib -O0 -fno-common provider_0.c -Wl,-install_name,@loader_path/provider_0.dylib -o provider_0.dylib"
SNF-045,1,fcae74d7c7f0be5ab75fbf2db501af98ea25207abef46c53d9c43f2154e28aea,c65f666d0eff8be6c36d5157ba34f5ed0eb09eb2cd881fa000709850040df862,27BDA369-326E-4D20-AF89-9C7C8427BFAF,[0],"/usr/bin/clang -dynamiclib -O0 -fno-common provider_1.c provider_0.dylib -Wl,-install_name,@loader_path/provider_1.dylib -o provider_1.dylib"
SNF-045,2,90124894e975147cdeba207268b1ff2052028a077c03e22b64c13b33c9c53b58,19cb919843a458808aa3b9bdf17a3540d44d0f38b5a8eae3c1a70a07069d0aee,8B8AF154-66CB-42C8-A838-4A3D3663AA52,[],"/usr/bin/clang -dynamiclib -O0 -fno-common provider_2.c -Wl,-install_name,@loader_path/provider_2.dylib -o provider_2.dylib"
SNF-045,3,927479c87b46495db63c4f8f2088046e48a57efb8b2293bf59387d306b6c72ae,30468d18d3882094c901b6fca725beba162becd6aae5d50db4cd8bb70cd40879,2D382E31-0727-4664-9EE9-96E1083B6CFE,[],"/usr/bin/clang -dynamiclib -O0 -fno-common provider_3.c -Wl,-install_name,@loader_path/provider_3.dylib -o provider_3.dylib"
SNF-045,4,2d26b231c8e7a135d9722242c69b79e99ea0a83db087ad47b4da916582e72500,c72fc1fc0f92981977ba2a12bbc7ddcb6a8fdd9498f981279081329d7ea1df6d,5A102D45-9758-4A08-82E8-8266185D69B7,[3],"/usr/bin/clang -dynamiclib -O0 -fno-common provider_4.c provider_3.dylib -Wl,-install_name,@loader_path/provider_4.dylib -o provider_4.dylib"
SNF-045,5,88669e3033f864183bdc5124be7c19ba092373912fd1991dd682a342f89497d7,95ac26ab53ff6548f4cc0ee068f163c8b934c3639dd71a118b1d33129bf15c16,1DA5D4AB-DBB7-4C76-99FB-905F94441F5E,[1],"/usr/bin/clang -dynamiclib -O0 -fno-common provider_5.c provider_1.dylib -Wl,-install_name,@loader_path/provider_5.dylib -o provider_5.dylib"
SNF-045,6,ddeb5691103d1805b4064aac42dfa8c837a91ed5ba0f0fdfe1349b904cd12905,99912eacc32da55240cf4aebac8a19b142cfed9be23e13308092369a5bdcd490,4E35096E-B003-4C34-A396-4A1BF1331D49,"[4,5]","/usr/bin/clang -dynamiclib -O0 -fno-common provider_6.c provider_4.dylib provider_5.dylib -Wl,-install_name,@loader_path/provider_6.dylib -o provider_6.dylib"
SNF-045,7,249883fd1ac5483060a8c1354b3db6fdcb6c5910a43edce979ca9df1416924f7,af05127c313dbef86d1cfda6c73609972066ef8385c4a1123a713289f241d20b,4A232773-8A3C-480E-8C7B-EB817521B4A3,[5],"/usr/bin/clang -dynamiclib -O0 -fno-common provider_7.c provider_5.dylib -Wl,-install_name,@loader_path/provider_7.dylib -o provider_7.dylib"
SNF-046,0,b0e476b7e34fbf8ef3a4734cf70b5365cbd9dc7ea8b6a8180a19547b6261ab95,69b282f799b5a4928f8fd4c0077ef30e532b7732cb3136b9c32a049ea56c57b1,46DC45AB-4FDE-43D6-A880-38BE8073646E,[],"/usr/bin/clang -dynamiclib -O0 -fno-common provider_0.c -Wl,-install_name,@loader_path/provider_0.dylib -o provider_0.dylib"
SNF-046,1,6cd594ff0c2f658da1374ea37987c7450fd8eb174aab0f79047cd82b17d1a967,d09a5ec810d7d1dc87a3d454851846d91992a80ca8f03401d6675c3ad50e1f70,6B0BAAD6-B8D9-4D1C-913F-B3ACF4286674,[0],"/usr/bin/clang -dynamiclib -O0 -fno-common provider_1.c provider_0.dylib -Wl,-install_name,@loader_path/provider_1.dylib -o provider_1.dylib"
SNF-046,2,9f49e30eca0c42a1d14479b55a4efa3b7bd1ecd8b5ac3b154b387001c91285bf,5f6e3c06d52633081720fd1ebea34166475d794f38d8bf3c43249298dbc8c6db,C442AADD-2A39-4446-92F4-89E566601DF3,[0],"/usr/bin/clang -dynamiclib -O0 -fno-common provider_2.c provider_0.dylib -Wl,-install_name,@loader_path/provider_2.dylib -o provider_2.dylib"
SNF-046,3,a5864aefd927c426be872c0abd55a7f8da144d8de091999a58c120509863945b,71ea4b5a6af64361e26157ac3435542f672e1349a23482019731456b283a7594,AC9FCD45-44B8-4CE9-A435-D1046F5AFEA8,"[0,2]","/usr/bin/clang -dynamiclib -O0 -fno-common provider_3.c provider_0.dylib provider_2.dylib -Wl,-install_name,@loader_path/provider_3.dylib -o provider_3.dylib"
SNF-046,4,53c63e48f833a702b077f225f6da6d723cc03b478604f11f7d0438715682b631,93d7118682744f60aa4b7fcbabb5688889f397ecd5ae3e3b6b02bd1bb1238bcb,7A78F1E8-3C95-492A-BC3C-191AFFFA3E3E,[2],"/usr/bin/clang -dynamiclib -O0 -fno-common provider_4.c provider_2.dylib -Wl,-install_name,@loader_path/provider_4.dylib -o provider_4.dylib"
SNF-046,5,ad0a530fc074d53798b77ff84cbaf2de8f2cdc51152225c085fcefe6c0adfa5e,be83d242510e9a01d4c2a72c826e595fe886ae579d9b5b20676bb58c71e2d887,50D4CC03-2F03-4BD5-87A8-C03F06780AB7,"[0,2]","/usr/bin/clang -dynamiclib -O0 -fno-common provider_5.c provider_0.dylib provider_2.dylib -Wl,-install_name,@loader_path/provider_5.dylib -o provider_5.dylib"
SNF-046,6,e77561097994f93b8a969e96f981e1cb0bfe3b2531805ed8656c75b67b7e2d90,fc206408f2190964142642b6a638f42f6e3c13b3f683606980d0cd41379b79f2,49B132B7-FBC0-459B-BB1E-397F50CD2F7B,"[2,5]","/usr/bin/clang -dynamiclib -O0 -fno-common provider_6.c provider_2.dylib provider_5.dylib -Wl,-install_name,@loader_path/provider_6.dylib -o provider_6.dylib"
SNF-046,7,02674550f79436c4331ac4e9734323b7eb27e89adf79f32b399861290f60bf7a,e4170d4df6c693588c9a6856ec8427b3c99ea4b713c782cebcaa07cbea511b98,38CB3961-2B2A-4E6D-BF06-B9B1F5DEDD20,[4],"/usr/bin/clang -dynamiclib -O0 -fno-common provider_7.c provider_4.dylib -Wl,-install_name,@loader_path/provider_7.dylib -o provider_7.dylib"
SNF-047,0,ce246dcbf9aa2e6ed601dc0d5ea9288b88caa2d2fce1aa7c5cfe3f40cd4b1e4b,5cec9875e04d35596c9c5f53ecc105f3366067a693ce5858b68837619fc7f219,D242A9FB-51D4-4CF2-86DE-33EA95B01B16,[],"/usr/bin/clang -dynamiclib -O0 -fno-common provider_0.c -Wl,-install_name,@loader_path/provider_0.dylib -o provider_0.dylib"
SNF-047,1,0b053ae8c5dc7eee7a7b92f18c6ad79925815dd2484437e5ea30c8865eb75098,e00b4c953f9ccf88d6ba1c301d702e13ce33a1a61dcdbc87bc325df7da5db648,F332E70C-068B-4E00-9570-AB43A2DDFE33,[0],"/usr/bin/clang -dynamiclib -O0 -fno-common provider_1.c provider_0.dylib -Wl,-install_name,@loader_path/provider_1.dylib -o provider_1.dylib"
SNF-047,2,a4e8f8d58bac014bb9ba7b202febf1a0b655549fafd256eba07647a24d57ab8f,72190a40baea6e4a52bf08d2cf758d9fa43d4dc327a7c3f88e7a6403d854fd5e,09C9AD00-CAE7-46C9-AED1-3EFB0FFB9E3C,[],"/usr/bin/clang -dynamiclib -O0 -fno-common provider_2.c -Wl,-install_name,@loader_path/provider_2.dylib -o provider_2.dylib"
SNF-047,3,b3de0d0a80039cc707b82d1a0cbe4179453ff9edfa8ba7432de23036f5f722f5,736cf4b296bbd2c04db1cca38dd39e23a22f7555ec371ea7a78fad971527eda1,4BDB6257-B5D6-477A-A270-971386951285,[2],"/usr/bin/clang -dynamiclib -O0 -fno-common provider_3.c provider_2.dylib -Wl,-install_name,@loader_path/provider_3.dylib -o provider_3.dylib"
SNF-047,4,f305ad9e38098cbe36280a5569ac28d73be16230e0da48e60aeca5dfae100fe5,73f9383030316ff0e586e5c2d4dd81214f9251049c54f42548294dfc22d8ee23,4F6FBF69-EED0-40BB-91E7-9B2B658942EF,[0],"/usr/bin/clang -dynamiclib -O0 -fno-common provider_4.c provider_0.dylib -Wl,-install_name,@loader_path/provider_4.dylib -o provider_4.dylib"
SNF-047,5,accbd48bab023e929360d7721a49f3ec4a5f6fb702891ad4d8629a5d4beeec09,8704d329e98e31a8ccd09443f4e5d7254c6973184fa4e41ec4b7d57afa9eea04,618708E9-B05E-4697-9B08-D00D88D374DE,"[1,2]","/usr/bin/clang -dynamiclib -O0 -fno-common provider_5.c provider_1.dylib provider_2.dylib -Wl,-install_name,@loader_path/provider_5.dylib -o provider_5.dylib"
SNF-047,6,5b441502bf7d6e730c1d1dccad1d7add451adcc70c894773a2262c18599c45c5,0e3750716fd28a1ee5f1a166547bf8f8b057ff4d9ed1a202046884ebadfd5fc4,59E51A14-8E13-446C-A07E-76B0B9A58665,"[2,5]","/usr/bin/clang -dynamiclib -O0 -fno-common provider_6.c provider_2.dylib provider_5.dylib -Wl,-install_name,@loader_path/provider_6.dylib -o provider_6.dylib"
SNF-047,7,232409ca585fddfbed9e74f52ff9d7ac122fa3ed5988a9e52c97ee315d5710ba,1715d8ecbff5381dd5d751649c968e7202e673b222ac94a3372ebd0e2e430401,84005DA7-4B08-4E37-8FC1-DD96BF222917,[4],"/usr/bin/clang -dynamiclib -O0 -fno-common provider_7.c provider_4.dylib -Wl,-install_name,@loader_path/provider_7.dylib -o provider_7.dylib"
SNF-048,0,ebd6f65eb5afb5b3926337b3b1b337f491638a334afd414227b741d2598c1a9a,5d36a280f42a9c021debed9670782b70e76d0cefa16d703ca04d2fb0e3edcdd7,B18DC1CE-69C6-4B65-A6D5-C2C5BA922FA5,[],"/usr/bin/clang -dynamiclib -O0 -fno-common provider_0.c -Wl,-install_name,@loader_path/provider_0.dylib -o provider_0.dylib"
SNF-048,1,6ec17a123ea6e4f93a6244e11e573cee867183e29106784a4e00f8c2dd9158a1,a89c63d63653516ee5341258460a56df1c22a02dc298b71c5df4b351c77e6bf3,8A5D416E-3985-4A01-A6D5-474CFE80F7BE,[0],"/usr/bin/clang -dynamiclib -O0 -fno-common provider_1.c provider_0.dylib -Wl,-install_name,@loader_path/provider_1.dylib -o provider_1.dylib"
SNF-048,2,f97331fbe859e70ed9354e561acc56797fb9b0e22b8fa9ff50770c9ef83ce077,2f8994a3ebd0c64f2f84397049a488159b7edfcf41b02c0f1d7dca5231852015,19711820-D666-4964-842A-94A9B252015D,[],"/usr/bin/clang -dynamiclib -O0 -fno-common provider_2.c -Wl,-install_name,@loader_path/provider_2.dylib -o provider_2.dylib"
SNF-048,3,1b134ae23b6bfb7de6faf0e0450d185c99f8984641e7c0d3bf454a107520dc8e,38876b0cc18b60e5c669ee4d27a79d6f42ea0459b398a58bd63097bdb15b2569,45DE4B4B-4582-4F4A-836B-216DC5619810,[0],"/usr/bin/clang -dynamiclib -O0 -fno-common provider_3.c provider_0.dylib -Wl,-install_name,@loader_path/provider_3.dylib -o provider_3.dylib"
SNF-048,4,9d068a21fb268829f7adda0258113057a9e56f38e02f10b174590773fbff65ae,5cbb906017e9e065c84c2d3e7c5c59a065ef1687a2b11e21eb4bb3c2a8da69bd,A58BCC3D-3D86-4381-A9C5-5A25C3394AEE,"[0,3]","/usr/bin/clang -dynamiclib -O0 -fno-common provider_4.c provider_0.dylib provider_3.dylib -Wl,-install_name,@loader_path/provider_4.dylib -o provider_4.dylib"
SNF-048,5,ab1190fe728f4f3404530320292847e6caef4f1e5dde60df14da941d58d6e462,4ca9db924dbfe88cd1b9b13083e8eb813a84ef9907bb76c0e51dc8855072d968,D89A29CB-15EE-440D-8D9A-66C68F93E2B6,"[0,4]","/usr/bin/clang -dynamiclib -O0 -fno-common provider_5.c provider_0.dylib provider_4.dylib -Wl,-install_name,@loader_path/provider_5.dylib -o provider_5.dylib"
SNF-048,6,9396454cedd430dc88ce10eed8910f1a590d435a25ff52f699c4a248da147ce4,4e95d60e6dc659bf002fc9c4c6a1976d0c649f52c61f7f929845948a9fc1b30b,402E752F-F482-4F01-B94E-70407ABE7939,"[4,5]","/usr/bin/clang -dynamiclib -O0 -fno-common provider_6.c provider_4.dylib provider_5.dylib -Wl,-install_name,@loader_path/provider_6.dylib -o provider_6.dylib"
SNF-048,7,1a6e692e632697b6e71dd3e7c58e6ef395e1452eb8d4af6f85fe72752f4368c6,24983ef4489be4537f7a97e940feddeff42257a1a5395ac0187520c92e1e9df2,FE9A60A8-4CBA-4365-BCDB-FFBD08C12486,[6],"/usr/bin/clang -dynamiclib -O0 -fno-common provider_7.c provider_6.dylib -Wl,-install_name,@loader_path/provider_7.dylib -o provider_7.dylib"
SNF-049,0,789e6eb0a622bba69b3e550b78b9af290345cc1e2dcdebdabbbc52a440907e58,b6b395340ef1f0a2d85eb7576eeb5cede7151301069840d0d77ed174be6b7ae3,E66EC1A9-3826-4D8A-A77B-769315C17C0C,[],"/usr/bin/clang -dynamiclib -O0 -fno-common provider_0.c -Wl,-install_name,@loader_path/provider_0.dylib -o provider_0.dylib"
SNF-049,1,1f0980fca96769fcf7173475a3dcd55d0f9e99d381bbe093f58dc3bd0e98f4f5,c4176c0ede1f4202c93fd1e5e92483c81fc794d9a7ae339d866d0f4b5ac7da4c,D35E82EA-A641-4D9A-8EEC-62398E38C429,[0],"/usr/bin/clang -dynamiclib -O0 -fno-common provider_1.c provider_0.dylib -Wl,-install_name,@loader_path/provider_1.dylib -o provider_1.dylib"
SNF-049,2,5ae3fc7b1479739acb96d6468b27f2751f023f7f081030ff1392f9a9e6c20d10,2ee16be9d018b4ec210d836521140456f7c0e3b973ffb5691690086a5c884651,AB9542FF-7329-455F-9CAB-46BDE4E6A776,[1],"/usr/bin/clang -dynamiclib -O0 -fno-common provider_2.c provider_1.dylib -Wl,-install_name,@loader_path/provider_2.dylib -o provider_2.dylib"
SNF-049,3,8cc788d68f448d3fe0cc803f9367b620aada63e80f727474fab1c14be25566e3,d99a087f2dd4f77c86d15dc0f8b64617190b4b06d47e65e6ae21a00c9d149d78,E4DA8AB2-9B70-4A3D-8286-967FCE517C00,[2],"/usr/bin/clang -dynamiclib -O0 -fno-common provider_3.c provider_2.dylib -Wl,-install_name,@loader_path/provider_3.dylib -o provider_3.dylib"
SNF-049,4,9bc0aca050f631ba85535aecc147cae10c8898ed265ae0395dcb8df95b3d98e8,48ca0c971749cb62f681ddbebf3b86c8f5eb2dc288428ac37ff1a19e699260a8,504F9B81-9D9C-4731-BB36-A4A5D703D737,[],"/usr/bin/clang -dynamiclib -O0 -fno-common provider_4.c -Wl,-install_name,@loader_path/provider_4.dylib -o provider_4.dylib"
SNF-049,5,73265611a89ced8f62ed01246da97416b918e9dbc66536dbdaab1d8fa7c1e02f,e84981ca5f6e9ce6012e272dca09e18d53a9242d01a358f71e7c3b5163cf4cbc,22CE9439-3156-4C73-A098-194B1CB38A91,"[1,2]","/usr/bin/clang -dynamiclib -O0 -fno-common provider_5.c provider_1.dylib provider_2.dylib -Wl,-install_name,@loader_path/provider_5.dylib -o provider_5.dylib"
SNF-049,6,31c5eec1b905ee4924ad2ff5616b13d31f29c7487c05f798701664c957a0a421,2325045d36251ac07296fef12e50eab932f8078050e3ed7d5dad09c9ae3982b7,202A0CE1-EB0E-4038-A170-1CA6CE1BB704,[3],"/usr/bin/clang -dynamiclib -O0 -fno-common provider_6.c provider_3.dylib -Wl,-install_name,@loader_path/provider_6.dylib -o provider_6.dylib"
SNF-049,7,4ac6f7e4bef52578feb05ee9972716239cf7e75905b62a3c0a9d41b83760a4ce,0d60e4ea9486e52d06d923b0762fdd19883d8caa0e19e92dc8c8f1eec4c97431,43223DC4-99A9-47ED-85BE-56DA0785F508,[],"/usr/bin/clang -dynamiclib -O0 -fno-common provider_7.c -Wl,-install_name,@loader_path/provider_7.dylib -o provider_7.dylib"
SNF-050,0,a297ab2325b8bfd33cf41c285f2e08c608d6d6e18f90a3831bcdf03271f22c0f,7256b4f73ec76e539e7e2976dccd2244bf1fdab0e613294ae4cbc45bb2d580b3,4BCE8A76-AC09-4AB0-83AB-C90545665864,[],"/usr/bin/clang -dynamiclib -O0 -fno-common provider_0.c -Wl,-install_name,@loader_path/provider_0.dylib -o provider_0.dylib"
SNF-050,1,5d7112c0ce44f8361aaa9304b6100ba89e895de63dbff08f668df259858fb2db,7c3a1e3c46a611f7d6764820b4c71d859dc31e5b04cd3fc65d1fbc9fbe67408a,D621C171-F1D7-4731-9A96-9322ADD1D073,[0],"/usr/bin/clang -dynamiclib -O0 -fno-common provider_1.c provider_0.dylib -Wl,-install_name,@loader_path/provider_1.dylib -o provider_1.dylib"
SNF-050,2,fc461c6c558bc126db37b0c6e405377763b7e7d71588c0ed5a8f3bc53bf68815,f0a5eaaf2157184e9957d528b9f77c71212bdd22695cb8bedeec6bdb181c53e2,46E0CA40-FCBB-4929-86CF-8605D8CBCE93,[],"/usr/bin/clang -dynamiclib -O0 -fno-common provider_2.c -Wl,-install_name,@loader_path/provider_2.dylib -o provider_2.dylib"
SNF-050,3,e63289b161c1d7a4496dcf4189da6d48ade38bda4b32bdfea7f57ba11e2ffa84,b9e1f126927b1b96a984e81f0459074386dec9a0b968f783867b2cce03163cb5,6BF0E7AE-11B7-4AFC-BC03-C18554C94173,[1],"/usr/bin/clang -dynamiclib -O0 -fno-common provider_3.c provider_1.dylib -Wl,-install_name,@loader_path/provider_3.dylib -o provider_3.dylib"
SNF-050,4,f951d5b4c8aae9d1fe42407213b1990510a92c53093b9d32eb84225a9b50c3c3,44b9aa3ca2186d48ab64a01c2e76da7420d078ef22ceb190aa4b3e4e4ad30f1c,1E85D3B6-CEFF-4972-9C97-E43D942BB1CB,[1],"/usr/bin/clang -dynamiclib -O0 -fno-common provider_4.c provider_1.dylib -Wl,-install_name,@loader_path/provider_4.dylib -o provider_4.dylib"
SNF-050,5,0f1bd3c033d5160c8342e9dd751cd215a4f49c57fafbdf31f7a52b3fdc462c90,d78faf62978965ba2d8005af8780073e336713ee25c33351790faeadfea45ff3,0A6873CA-9516-4B2E-BFDE-722EC9D37486,[2],"/usr/bin/clang -dynamiclib -O0 -fno-common provider_5.c provider_2.dylib -Wl,-install_name,@loader_path/provider_5.dylib -o provider_5.dylib"
SNF-050,6,743ef8214612aab1bd6ea73aa2f4b7239a105a842e81e00b61d8f345c4da675f,738f649fd69c091ee82567b465fa02a79cbd25ab278a1793a01fa0a7f5756e5c,8197761C-776C-4F67-A076-4B42115C593F,[],"/usr/bin/clang -dynamiclib -O0 -fno-common provider_6.c -Wl,-install_name,@loader_path/provider_6.dylib -o provider_6.dylib"
SNF-050,7,da005d0ef94b0514b44952e565a1bcd57d730304b985153adff94fcd8b49b454,74d946021b8095f661c54b35d30a66bf602a3e1a862cb0e1136cf40d4fac09c0,3425ED1A-FB98-45AB-8890-AFA4A225FEF0,"[4,6]","/usr/bin/clang -dynamiclib -O0 -fno-common provider_7.c provider_4.dylib provider_6.dylib -Wl,-install_name,@loader_path/provider_7.dylib -o provider_7.dylib"
SNF-051,0,0a8d07d8640aef9c4ee100acc73f3c6ba96c5d129a44025529484475677280f3,5c1876bc53a45ef0ecbea6fd6b882af534d166bb68f526d1258bb672761a4f01,7A3FF60E-DB4A-473B-B4B1-6BBA2BE30499,[],"/usr/bin/clang -dynamiclib -O0 -fno-common provider_0.c -Wl,-install_name,@loader_path/provider_0.dylib -o provider_0.dylib"
SNF-051,1,25953f968d80cdcdda914218e72f96fedf4bc3b9da28a486fc0cab355ba4b6e0,4878bff8551281af1823da8d2e47375b75af05e2cc04398a8b80ebd972e37669,C86C1DE2-D499-4519-BAB8-40EB9E423CEA,[0],"/usr/bin/clang -dynamiclib -O0 -fno-common provider_1.c provider_0.dylib -Wl,-install_name,@loader_path/provider_1.dylib -o provider_1.dylib"
SNF-051,2,1d85cf32d338485acd3c629d5cdf67c72b59b5e7ca6d5fa0bcc63d43d3c69bf3,fac6174ce2edd9621c33ec79584da4091620c6b8774c834e9e0a4615990930b8,64C75AE5-7C7D-4E93-B4F2-139E4007B8A7,"[0,1]","/usr/bin/clang -dynamiclib -O0 -fno-common provider_2.c provider_0.dylib provider_1.dylib -Wl,-install_name,@loader_path/provider_2.dylib -o provider_2.dylib"
SNF-051,3,f7d415d58770f645fe160f864f0958eb1d8e28ad021aede696ab90432c1ecf29,7c9bd6de860358ff1bb9d22aabcb3915708b625503564ae87c46a88572c3b901,675F99AC-143F-40FD-8A09-D317A2F9A2DC,[0],"/usr/bin/clang -dynamiclib -O0 -fno-common provider_3.c provider_0.dylib -Wl,-install_name,@loader_path/provider_3.dylib -o provider_3.dylib"
SNF-051,4,87b48691fe7da023b949febb55d22cfe3670d7da80e6f1d4db3fdeee6a65b925,2b0c85409f8b785f832a2e0db13a2fb22be2f16435df5b61c32f7b9322296e8e,D738CB5D-4899-410C-88AB-0D28E61DA686,[3],"/usr/bin/clang -dynamiclib -O0 -fno-common provider_4.c provider_3.dylib -Wl,-install_name,@loader_path/provider_4.dylib -o provider_4.dylib"
SNF-051,5,43662d03f027e840e7f5161cca131b28ef2cfcc1f256660306b38f50c2cd8fb9,0d047fa63a3799eccdf9f119a7898e0815914ddaa263db4fa34593cb787966a0,697752DF-E2FA-484E-96DA-6673D99F5374,[],"/usr/bin/clang -dynamiclib -O0 -fno-common provider_5.c -Wl,-install_name,@loader_path/provider_5.dylib -o provider_5.dylib"
SNF-051,6,19d7039d9af9d9f911b9bef2630cf05d04da11759083226e875c347ca233a542,39720601ee9c118522c5029ade22339c81e490ba2cd11bec9bfa1117270fe10b,127F06A3-DE9F-472D-962C-EC80092748F3,"[0,4]","/usr/bin/clang -dynamiclib -O0 -fno-common provider_6.c provider_0.dylib provider_4.dylib -Wl,-install_name,@loader_path/provider_6.dylib -o provider_6.dylib"
SNF-051,7,dc4632781d740be9051fefca8fdfedb202ec7380cec644d910cb6f0f56a82061,d4b1244095460b1ceab7d661ab8064050db33f13e9aff71077260a40f6d235b8,D21BB218-4F4B-4C04-AEDC-1F5FDF6F4ED5,[3],"/usr/bin/clang -dynamiclib -O0 -fno-common provider_7.c provider_3.dylib -Wl,-install_name,@loader_path/provider_7.dylib -o provider_7.dylib"
SNF-052,0,b996e4a62201d62b580cf587ea58ae58486cae445bd58225889a9988174424bd,90e880ad04405d15eb6eb3f766d2157c1317d201cc9d3b2a5ed8f1bad08e3bb5,A168A480-7085-4A8F-85D5-D3E5BC3FC12F,[],"/usr/bin/clang -dynamiclib -O0 -fno-common provider_0.c -Wl,-install_name,@loader_path/provider_0.dylib -o provider_0.dylib"
SNF-052,1,03de775a42b9f6237483183547fdf15569c6e99a974841fbdeb447e49fc75eed,c9297d2a69dcc2259a1b9bef64f0d561ffcd987e5631527f13523eb62b90e2fd,DD025253-EEDA-415B-8E38-F23C5D43565E,[0],"/usr/bin/clang -dynamiclib -O0 -fno-common provider_1.c provider_0.dylib -Wl,-install_name,@loader_path/provider_1.dylib -o provider_1.dylib"
SNF-052,2,891f33aa7e393ca482f5a07bf96121b95062de02aed49e451baac7211f7b0ef8,ee70e29364ecae87b8dcafc2e002d4a0605395a34aac7aa9ff3102a49be967c5,971CEFA6-065C-4952-AC6B-2B3FC256BCB8,[0],"/usr/bin/clang -dynamiclib -O0 -fno-common provider_2.c provider_0.dylib -Wl,-install_name,@loader_path/provider_2.dylib -o provider_2.dylib"
SNF-052,3,9ac5f44ccf10badb1f9b41f0f5c1ed720bb036d81179b0303613c16724fbf130,a142c94322aa7e9ece0f783884fff318a9fce6f6c7c765c4790be36b89bf5d40,4CC0DEF6-E033-4B9A-8929-B3DA618FD582,[0],"/usr/bin/clang -dynamiclib -O0 -fno-common provider_3.c provider_0.dylib -Wl,-install_name,@loader_path/provider_3.dylib -o provider_3.dylib"
SNF-052,4,3e7b0feb0f2235bbedc8cf04f555db5424468aab3e731f959ae448e0f0d0fba4,a471142716a5bbd3ebe222a6c7c7170b7046294f20a546cbf024dc1368baa46e,BC2879E7-F96C-4B47-AD4F-3A67CEE84E07,"[0,1]","/usr/bin/clang -dynamiclib -O0 -fno-common provider_4.c provider_0.dylib provider_1.dylib -Wl,-install_name,@loader_path/provider_4.dylib -o provider_4.dylib"
SNF-052,5,02dffa1043ddbaa6adf89aa0f18b08ac7d4db60a7fa86e1c149380864e9355c9,4f8fd30ffa7751df4c93c9a8ffe2f5d5119c8f10107bd3fde811ed90794adf44,2362FD31-CF22-4CA7-89D3-5BC161460A96,"[1,2]","/usr/bin/clang -dynamiclib -O0 -fno-common provider_5.c provider_1.dylib provider_2.dylib -Wl,-install_name,@loader_path/provider_5.dylib -o provider_5.dylib"
SNF-052,6,6ac84da3c9ec08f2fbf66f1c715eba131d14e5aa8b0652596635d31b7721b4f1,731dc271520986e46007b029a64528305a1f29cb845f5eb989d54793354d39a7,0E685685-2FD6-4440-9AE6-77BC83DE8ED4,[4],"/usr/bin/clang -dynamiclib -O0 -fno-common provider_6.c provider_4.dylib -Wl,-install_name,@loader_path/provider_6.dylib -o provider_6.dylib"
SNF-052,7,7a78249babd6c1257a3ad230dee3df273ba908aa2a963f9313f2774d6f0a0f27,677fd830e444923d24fec4e72ac2a26cef178bdd09c4035bf6e291a7ecf8bd72,C3A88E59-16CB-4D07-AC0C-420F45642C5C,"[3,6]","/usr/bin/clang -dynamiclib -O0 -fno-common provider_7.c provider_3.dylib provider_6.dylib -Wl,-install_name,@loader_path/provider_7.dylib -o provider_7.dylib"
SNF-053,0,3b67669abc66e7250a7b877c1d9990126edb987cebf050a3fb6f65b9052afedb,3614d03adf0b77dc3211fc24b7b042c46485ab3dbab9d896bfc23b3e987cf3a8,2EDA0EB7-8051-40E5-9481-DFE3A940372B,[],"/usr/bin/clang -dynamiclib -O0 -fno-common provider_0.c -Wl,-install_name,@loader_path/provider_0.dylib -o provider_0.dylib"
SNF-053,1,b0116af31fe53e098bf8f2794d7f4fedc1bc063baca28acabd9540dd5f21cf28,d7e145d3eeaa6576c353edb0be5ebb0d2a313c2cf97b0d6aa24fbfcf44b11086,EA160850-F6C6-4D6C-A4F4-9F94308D7EE6,[0],"/usr/bin/clang -dynamiclib -O0 -fno-common provider_1.c provider_0.dylib -Wl,-install_name,@loader_path/provider_1.dylib -o provider_1.dylib"
SNF-053,2,55768034abf74a5678a03f26ee28c628b0cc00b3b69210eaa457bf1e7e537651,2b4f6265eacd1c3362e930e04e862f5351e542411e4dfb4f692aebbc24235f31,D3CFE211-393B-4ED2-B21E-1BB2806C6624,"[0,1]","/usr/bin/clang -dynamiclib -O0 -fno-common provider_2.c provider_0.dylib provider_1.dylib -Wl,-install_name,@loader_path/provider_2.dylib -o provider_2.dylib"
SNF-053,3,de3d46713fe65b59dfb8fb598f04a264f0417c49d489bace83bf8e64177d978f,2260dddc791e75bd3b0f344f4d176c8e56930baaf10f0b6b91cf3a07c76d7b27,CFED6F47-7484-4F67-91C0-B6EEF5CCD5BF,"[0,2]","/usr/bin/clang -dynamiclib -O0 -fno-common provider_3.c provider_0.dylib provider_2.dylib -Wl,-install_name,@loader_path/provider_3.dylib -o provider_3.dylib"
SNF-053,4,4b0eb01708850f444d004ed3b71e13282ae3b72622617987bf0e5127786b2688,5743d706e3720fd0f58d412bbc972b23e545fe93aa8a8b56271570a5389c920a,26783607-B466-426A-8F45-B1541BA54B4E,[1],"/usr/bin/clang -dynamiclib -O0 -fno-common provider_4.c provider_1.dylib -Wl,-install_name,@loader_path/provider_4.dylib -o provider_4.dylib"
SNF-053,5,7c2c78b54dc20703b81feed2fde2a6956f4caa0e53d6fc8cd51af03cbbd0d9e1,6a524dc18004011e7b3db6a4005daf5362482d87c9defbb2051e0c4e139741d4,192A9D48-EB8F-4576-95B5-DC4A8196AAF8,[1],"/usr/bin/clang -dynamiclib -O0 -fno-common provider_5.c provider_1.dylib -Wl,-install_name,@loader_path/provider_5.dylib -o provider_5.dylib"
SNF-053,6,371ac71a759318c8c01c5956fcb5e8c473e96a8040f3984df6701550e85c746c,c20c873089aed12abc33f97d032b6f4d8035b770c9bdfd8aa31c3f7964e9df59,6296C112-E99B-46CD-987A-99D87B4D1D69,"[0,3]","/usr/bin/clang -dynamiclib -O0 -fno-common provider_6.c provider_0.dylib provider_3.dylib -Wl,-install_name,@loader_path/provider_6.dylib -o provider_6.dylib"
SNF-053,7,98693ac6dedb00007ef19466f5dfde52db31f87fb88bfc2f228980dc683cfc90,ce2f16cc62e5a346ea9815332ef4d355969a2190793071a04b8efc2efc7d0cc1,1F7459B3-D0F6-4E02-AB71-20F0A97868BD,"[0,1]","/usr/bin/clang -dynamiclib -O0 -fno-common provider_7.c provider_0.dylib provider_1.dylib -Wl,-install_name,@loader_path/provider_7.dylib -o provider_7.dylib"
SNF-054,0,8e0373af84704687cd1bf5ff38c0dbf320b18958e65e1435c6e132d635bba1b0,79efe5207056e6dc98512205193f90c82573f1399133bbbe8c99be5f2f735774,1E91D392-2C4A-48F9-A965-21670F3E98DF,[],"/usr/bin/clang -dynamiclib -O0 -fno-common provider_0.c -Wl,-install_name,@loader_path/provider_0.dylib -o provider_0.dylib"
SNF-054,1,b6d63a098dddd285e10c893af24a8afdb28245746c3a816e46339eed6355efcb,9cb76c5ed436e3b6d3f06b788bce1797cfda97cec831a75c670a67f2cb30d619,2C61F714-E67F-4652-8507-6D36F58F5CA6,[0],"/usr/bin/clang -dynamiclib -O0 -fno-common provider_1.c provider_0.dylib -Wl,-install_name,@loader_path/provider_1.dylib -o provider_1.dylib"
SNF-054,2,3258677cf61d91e4cf4055e94b3dbfd8a5ee71bcae9aa863f92369ca2dcd5fa4,afd811542496e2307257e4bcdffc35876f9528c708b9440f6d857ad0e018cb90,83F33E4F-F373-4BCE-88FF-04385210E993,[1],"/usr/bin/clang -dynamiclib -O0 -fno-common provider_2.c provider_1.dylib -Wl,-install_name,@loader_path/provider_2.dylib -o provider_2.dylib"
SNF-054,3,72c30c2cd32a3f47f4ed06d7d2424ebf495dc957e7bf5a04726ff65f13869538,8c1c2d9af089ac82f677ecd352c00dcca5af51576a974524a5112e316715c765,64E903D5-D282-4418-B38F-9B48E6F76DEB,[0],"/usr/bin/clang -dynamiclib -O0 -fno-common provider_3.c provider_0.dylib -Wl,-install_name,@loader_path/provider_3.dylib -o provider_3.dylib"
SNF-054,4,0497fdac37894229dd5937d2621ad75c00bdaf36879c3099b8173021fd19d424,5646e98e3779ae355d3728133f5b34f71af46da07b51fd7cc2480b362f118d05,42353C0C-4D0C-422D-96A7-F3DFE8E63800,[],"/usr/bin/clang -dynamiclib -O0 -fno-common provider_4.c -Wl,-install_name,@loader_path/provider_4.dylib -o provider_4.dylib"
SNF-054,5,a2a1275a3107f0389cc7bb4b9d81f6914496f20942bcf7eed25e391966f7c175,ba7233b61ed6d19f0b536d1bd151a8f2465e7381785e817d180c18b00879c175,5E19C25C-EE07-4D2C-99AD-6AC61BECF9B5,[4],"/usr/bin/clang -dynamiclib -O0 -fno-common provider_5.c provider_4.dylib -Wl,-install_name,@loader_path/provider_5.dylib -o provider_5.dylib"
SNF-054,6,23e71e138eca0153d98768471758e7a4e9594dfbd683dd631da292d8ff3d9425,558aa2f7d6e10e7d35474b9799e7e7e33c2b391359b632ba5d0d5bad4f3b120d,DA10D5D6-528F-42D9-9386-146EE41C755F,[5],"/usr/bin/clang -dynamiclib -O0 -fno-common provider_6.c provider_5.dylib -Wl,-install_name,@loader_path/provider_6.dylib -o provider_6.dylib"
SNF-054,7,080f75f62f34312e799c45e0b3c64823e1d31e4361a1ceb701f09884763c711f,3b30cb974dcdb9d1f656c3ff351cacaff46a8c9a5016f128e7d8a3f0488956d0,747EF830-BDF0-446B-84C4-A4BC04D06659,"[3,4]","/usr/bin/clang -dynamiclib -O0 -fno-common provider_7.c provider_3.dylib provider_4.dylib -Wl,-install_name,@loader_path/provider_7.dylib -o provider_7.dylib"
SNF-055,0,e2a99c5623fb5e56b4ccb34d36820df12b23da57b217edf232c20e799e94a410,5265040ef401351639b7d940e2d43522e8083147ce27e05d170050521a45fdbc,5B7097C4-2E0C-4761-9E48-3E0D9791CF66,[],"/usr/bin/clang -dynamiclib -O0 -fno-common provider_0.c -Wl,-install_name,@loader_path/provider_0.dylib -o provider_0.dylib"
SNF-055,1,b6a8fa06f047b15bd52465157bb92bbe1c5878812fe6da21c14d897336131969,ab9490e5dd6c57724f48367380b481b9e91641ae5788d50788eb13744c85a254,9C1DCE8D-66D5-4DC0-8B07-422343903C78,[],"/usr/bin/clang -dynamiclib -O0 -fno-common provider_1.c -Wl,-install_name,@loader_path/provider_1.dylib -o provider_1.dylib"
SNF-055,2,5132739ff5e65c4a11e68ac86c7ecb6d6d7392a5bd7e7a0d7200e1a2e46edde4,7522926ef53aedb62eb93b565f791897b72cda3ae174d32c482af35c20e71cc5,0D6E8D80-B5E2-4ED6-83B1-0BF35286CF85,"[0,1]","/usr/bin/clang -dynamiclib -O0 -fno-common provider_2.c provider_0.dylib provider_1.dylib -Wl,-install_name,@loader_path/provider_2.dylib -o provider_2.dylib"
SNF-055,3,6710abc675808e4912a32d5302f817ac28d3d6de8b55d34f7fceacd9ddb47969,4a276c01c6841e0089b6199120301f545343f0534bfe97d6d8a83fa595e2a01a,84E9B691-9CDB-4C4A-B971-F408F1C7A18E,[],"/usr/bin/clang -dynamiclib -O0 -fno-common provider_3.c -Wl,-install_name,@loader_path/provider_3.dylib -o provider_3.dylib"
SNF-055,4,10fa010877c5e46c6f3292e010b5bebe130aee09bd8ceb33d1ca9393ec472dea,64989df920174e0f97a56e731ffac8ea7264737b46c7ed632c461e798cf79266,B22450A8-3357-48E8-B19F-FCB022895169,"[2,3]","/usr/bin/clang -dynamiclib -O0 -fno-common provider_4.c provider_2.dylib provider_3.dylib -Wl,-install_name,@loader_path/provider_4.dylib -o provider_4.dylib"
SNF-055,5,94ab17624ef511e1a4cd036e84974808970b166cc178178c66382f1567a1e9ac,0b0558cf6bc9276f092ca80abe80118459854b4648a293eee1e6dff2d755cf3d,16188EA4-4DE1-4062-B462-2AAC1FBBA79B,"[2,4]","/usr/bin/clang -dynamiclib -O0 -fno-common provider_5.c provider_2.dylib provider_4.dylib -Wl,-install_name,@loader_path/provider_5.dylib -o provider_5.dylib"
SNF-055,6,2650537f98e2927cbb694dc3a5b6e53cea9118dec1b40c877f851cb249977c52,76c50668037c33e280fb892ab59f47e8ca73ac1c614f02b1a206f1ce5f3b92ed,78D7552C-6BC9-4F71-AC54-61E44C0A1208,[1],"/usr/bin/clang -dynamiclib -O0 -fno-common provider_6.c provider_1.dylib -Wl,-install_name,@loader_path/provider_6.dylib -o provider_6.dylib"
SNF-055,7,08db877f14597478d23391f01f3e72f337e5bbe8a8ceed16646b5d1e01e523c8,606840fd17dcbd3e346391587bc5c97d7a4bd669918bb32ce64038770eb740d8,E7A8A241-9CCF-4F44-A94D-3A5DDD2E539F,[3],"/usr/bin/clang -dynamiclib -O0 -fno-common provider_7.c provider_3.dylib -Wl,-install_name,@loader_path/provider_7.dylib -o provider_7.dylib"
SNF-056,0,58ddce59226d16210aab2caedf59fe03d48ca5cd016894e6cfe09b609718eab1,ed8211529e237b68a4c79730d0df1be9619b5bc3060c678cf0c68b24487dcf15,1B0EDAF6-3114-40FD-8300-E6A39723DAAA,[],"/usr/bin/clang -dynamiclib -O0 -fno-common provider_0.c -Wl,-install_name,@loader_path/provider_0.dylib -o provider_0.dylib"
SNF-056,1,dba7ab5dfcd97779b4dd8e93895648fa8df01549d8a83e118c4e91b3d2d2c083,2d16576bf076347674daa2aa82d43c4aa297f53b62b7454a9584c09221a2d251,08169B34-B4BF-4977-8C07-E3BE4AEBA398,[0],"/usr/bin/clang -dynamiclib -O0 -fno-common provider_1.c provider_0.dylib -Wl,-install_name,@loader_path/provider_1.dylib -o provider_1.dylib"
SNF-056,2,9d44822f5ad856c40db917023dfe0cb264bf60b3146164a33933cfde7e3e4487,39a76394a225dc811866637c08c6e06e6a57a803b07231a4a2f446734c9f0f26,92CEC925-EBA8-4395-AF87-9A5DE1E8D70A,[0],"/usr/bin/clang -dynamiclib -O0 -fno-common provider_2.c provider_0.dylib -Wl,-install_name,@loader_path/provider_2.dylib -o provider_2.dylib"
SNF-056,3,b02b61dd70fc7e7aec34d5e15e949dfbb05aa48c305912dca5bf3ce2cb4609dc,b8badf8d806847940dbc2fd89c4d8877cf8b4cf47122e5d1e8eb37cc945dbad9,60985A2B-3CDD-469E-9911-978A78BAB7FF,"[0,2]","/usr/bin/clang -dynamiclib -O0 -fno-common provider_3.c provider_0.dylib provider_2.dylib -Wl,-install_name,@loader_path/provider_3.dylib -o provider_3.dylib"
SNF-056,4,a14c9eba60b567b9a0f244071b4982d69c0a1cbef75b8c27de90aca4d5cf7235,e24d46025a7db03e46be9d66997c1fa85b1372829ce614131503852e9d554fa0,9278939D-9BD0-4661-8910-93BA49334F9D,[1],"/usr/bin/clang -dynamiclib -O0 -fno-common provider_4.c provider_1.dylib -Wl,-install_name,@loader_path/provider_4.dylib -o provider_4.dylib"
SNF-056,5,364a8c63089d87589e028006bcceb4a6cc8de1ed942c21c72a304a0cd0371e12,505d1a0051eed206003ede2ebf7322941f91e0746f1bd4af3e3dda3195577ded,F14AEB22-1BFF-46B6-B813-32DCF99F754C,"[0,2]","/usr/bin/clang -dynamiclib -O0 -fno-common provider_5.c provider_0.dylib provider_2.dylib -Wl,-install_name,@loader_path/provider_5.dylib -o provider_5.dylib"
SNF-056,6,61f6496fbe65116afc18f584b80fd1ebca83986680ced2d268166dfbeac98930,706f2cb2c119c097dabac438de8de5eced89b7266627c00b4f77c2343b4d31eb,4E1F9E51-2905-4236-BC89-6A914E805213,[],"/usr/bin/clang -dynamiclib -O0 -fno-common provider_6.c -Wl,-install_name,@loader_path/provider_6.dylib -o provider_6.dylib"
SNF-056,7,4411f9768a6ba84efd4b0c454583b5018190cd58ad35b45a499c14230bfe7764,87296c13b7c4944afeefbdb57b6e7eb6de86d213cc56d6f9a1d650b092f1fdf6,754A4EA2-EF52-49A3-BCAA-BAAFE5D249B6,[5],"/usr/bin/clang -dynamiclib -O0 -fno-common provider_7.c provider_5.dylib -Wl,-install_name,@loader_path/provider_7.dylib -o provider_7.dylib"
SNF-057,0,38c25cc13c7a5eac84090efbf9baf9551de103042987ad0cedc017a87f5770ed,6b87f0f16537a837d22349bf6a5de1d4d596d91bd48c6a38108261775e6d1788,80F38C0E-D463-411F-94DB-B6C463A1D3BD,[],"/usr/bin/clang -dynamiclib -O0 -fno-common provider_0.c -Wl,-install_name,@loader_path/provider_0.dylib -o provider_0.dylib"
SNF-057,1,67b20c547bb7fb099e64275eca24bb1967cf89ec73368d7365345702221881dd,b8eae33d43abdf82a2adfe52bb7224c3c0c6a630a6967603e54f4f90efd0ee96,141DB3AD-226C-401D-BF27-26D2E1786EB5,[],"/usr/bin/clang -dynamiclib -O0 -fno-common provider_1.c -Wl,-install_name,@loader_path/provider_1.dylib -o provider_1.dylib"
SNF-057,2,ed46f75fc66076304b79208dbdf978045b6b4e184d34522f36510531361e59a5,c9ba816f08852a72cf5e950433010d2452db08df7972575f5c276bdb6b0d39f8,7960A3C1-2D7A-4E81-80E7-0CF0E4A12368,[],"/usr/bin/clang -dynamiclib -O0 -fno-common provider_2.c -Wl,-install_name,@loader_path/provider_2.dylib -o provider_2.dylib"
SNF-057,3,54d252088a3853bb8013ff5b087b2bbf6156d142e736aecfe861b36cdf8d944f,f2915413144d22a3c8ccc09b769fedcc113578109c4ed6cd87bb03d7ebeb12ce,5741EAB4-92D8-427F-BE2C-A001E55DA6D4,[0],"/usr/bin/clang -dynamiclib -O0 -fno-common provider_3.c provider_0.dylib -Wl,-install_name,@loader_path/provider_3.dylib -o provider_3.dylib"
SNF-057,4,332b33408f3a9d5dea9dbe1c1b61de978802004346c46c37b08aac4371bf465b,e3a8277fd85f56f97dc029d45b89cbbf4d1c939ba768c6b359f39b92f0d00002,D4C52C4C-4BD8-4747-B5C6-2CC8AA1D7D27,[3],"/usr/bin/clang -dynamiclib -O0 -fno-common provider_4.c provider_3.dylib -Wl,-install_name,@loader_path/provider_4.dylib -o provider_4.dylib"
SNF-057,5,bb83869d9d5df4831650b3c7f94077d7dc437a4d297070080bb52b29f86c6d6e,26066eabee10f9c008f3dd12bb4780e92fdd0affeb6e7e9f4275684e325db83e,36582077-C42C-468D-AF5D-5ADDC13A4335,[3],"/usr/bin/clang -dynamiclib -O0 -fno-common provider_5.c provider_3.dylib -Wl,-install_name,@loader_path/provider_5.dylib -o provider_5.dylib"
SNF-057,6,db771dcc034f7286caa782b4bb6d1ac0326a9ea4a716093fc95faa57896b0cad,fee73e154a6ccd6d6065b0a3ee76d9712b5039e2dbff50e4f20508106d22bef1,B3891C5D-B829-4782-9F8A-5DDBF254B213,[5],"/usr/bin/clang -dynamiclib -O0 -fno-common provider_6.c provider_5.dylib -Wl,-install_name,@loader_path/provider_6.dylib -o provider_6.dylib"
SNF-057,7,4bdecd032cba8d04f48eaeec208bb2492535edf93f2281cad6a33b5c7e99fa30,155d5c426af1614b0a585c27e847607013744fb1f2f08064c0247cdc8438b328,9E4A2027-6DF9-4598-8138-167A2E0E01D0,[4],"/usr/bin/clang -dynamiclib -O0 -fno-common provider_7.c provider_4.dylib -Wl,-install_name,@loader_path/provider_7.dylib -o provider_7.dylib"
SNF-058,0,47cdc5184643354b595785e4e840163aff31565e781d4dca3852ed6dc671e28b,6ed5e2d7557748c10fe09716d5f78d487616c235e0507557d2a77f6cf71ca7e5,1A46781B-B61D-4D9A-8523-DCEB3344E6D0,[],"/usr/bin/clang -dynamiclib -O0 -fno-common provider_0.c -Wl,-install_name,@loader_path/provider_0.dylib -o provider_0.dylib"
SNF-058,1,c2ea12dea56ba480dcb6c56617c5bfc38e3ba82c5ee1d661b33c0f8c66ed8088,63fe05ae1a218ba334d40f40b9fcc4de9524dc1fb65563c7ccd01d084999551e,BD0846F3-588B-4570-9216-5EF6E7FBC04B,[0],"/usr/bin/clang -dynamiclib -O0 -fno-common provider_1.c provider_0.dylib -Wl,-install_name,@loader_path/provider_1.dylib -o provider_1.dylib"
SNF-058,2,9a28a5822909d14d83d1ebca623e64367ac268bc381671b61194afa5324a1434,0819c7138d54ba2c5af33acaf51de6e4b797ae9c92c507525d747ac38181d286,D1300FC0-78C6-4A03-98D1-C0FB1468712F,"[0,1]","/usr/bin/clang -dynamiclib -O0 -fno-common provider_2.c provider_0.dylib provider_1.dylib -Wl,-install_name,@loader_path/provider_2.dylib -o provider_2.dylib"
SNF-058,3,26ce874f774f971e87b4889f64b2445967d8ded330d8851c09ba5c447a8085c2,eb6579b5f8a575ac5ab0c6089b7d6f356e2d1bc6ce1fa7cddd37e5e57c8960a3,B7C47774-728F-4F33-9439-6223A32A1668,[0],"/usr/bin/clang -dynamiclib -O0 -fno-common provider_3.c provider_0.dylib -Wl,-install_name,@loader_path/provider_3.dylib -o provider_3.dylib"
SNF-058,4,e7241d48e320d262acebaaf67b7d4974b24e8d736df3de7e59657b2af4e6659a,7598ac5cfe13a5e25bb37524e94e6997115756c792c8eb1355b0cb6a45e8b6f5,599BBF37-5467-434B-B392-A05F8C614D49,[3],"/usr/bin/clang -dynamiclib -O0 -fno-common provider_4.c provider_3.dylib -Wl,-install_name,@loader_path/provider_4.dylib -o provider_4.dylib"
SNF-058,5,c61552444cea9bd610eacfa1e27fc8eaa2ba95afeca0ad2bc8d5cedd8465bd60,41cadf9ffe2a08b1486246e39c5ad7acc8b2decf5b0e6ffd3fc5aa401e2e579e,5FCC43A9-6069-4814-8D74-E021EE466DB4,[],"/usr/bin/clang -dynamiclib -O0 -fno-common provider_5.c -Wl,-install_name,@loader_path/provider_5.dylib -o provider_5.dylib"
SNF-058,6,4b2d3717a99131f2dd74e6c2fdc3559591ea1227afc87dec4b21b1ba988fb2d0,e8c7e53de1c7b2658871c9f62218c927ceef02093526b189f609bb72585b7599,15839DE4-426C-42CD-BFD6-DC938A2C6676,[2],"/usr/bin/clang -dynamiclib -O0 -fno-common provider_6.c provider_2.dylib -Wl,-install_name,@loader_path/provider_6.dylib -o provider_6.dylib"
SNF-058,7,7ce2e60b8dcb5c99b888c9e6fd0aa497d4fd3324800d747f8845791cf79372f3,d65c62f084cf13763e44c053870ac6c934d1ae565c213094cee4e8f3dbe1b34b,4178BB73-BC5E-45EE-848A-35D30B5ED266,[2],"/usr/bin/clang -dynamiclib -O0 -fno-common provider_7.c provider_2.dylib -Wl,-install_name,@loader_path/provider_7.dylib -o provider_7.dylib"
SNF-059,0,25d37fe912ac86f60a160f12b1eee5557793ed32b4d5178ec3682f6a50f9d204,57879f3407a9f29020c88d8c84517c3f749220e8dbe3f501f42735ced6f653d4,ED033E42-653B-4684-B7B3-5B853E818ED8,[],"/usr/bin/clang -dynamiclib -O0 -fno-common provider_0.c -Wl,-install_name,@loader_path/provider_0.dylib -o provider_0.dylib"
SNF-059,1,70e4ae5f1f2f668a0453a8083d6b62f483e4d12c50acf71c0275a8ac173942d1,707ab862919241e401e6f0835ef0506a945968f5f04ecfca5b0535dd2f1b9943,AE30FDF5-F529-4D15-98BD-2A34B8D4E194,[0],"/usr/bin/clang -dynamiclib -O0 -fno-common provider_1.c provider_0.dylib -Wl,-install_name,@loader_path/provider_1.dylib -o provider_1.dylib"
SNF-059,2,04d912e8e0394a2ffe024f702b6b01f07d2c536cd3b487605c23ba76d3a2d89c,6e3f68dea93d29b8199e5d000a9b880e32416ee178fd62014b12a7935f857aa9,A0426915-13A7-4070-8766-ECFA16420E4F,[1],"/usr/bin/clang -dynamiclib -O0 -fno-common provider_2.c provider_1.dylib -Wl,-install_name,@loader_path/provider_2.dylib -o provider_2.dylib"
SNF-059,3,8d426abd9de3d132f30778f5570fe226f2ee525843daa730c26cff2c209ad4e4,41d1df145a17c9079f28aa357c31962699f55b5a92e867a0e1b3d787d0bcfb1c,02318AA1-8D95-4AE3-99DC-0271A5C753C3,[],"/usr/bin/clang -dynamiclib -O0 -fno-common provider_3.c -Wl,-install_name,@loader_path/provider_3.dylib -o provider_3.dylib"
SNF-059,4,d1e32bc0a033fd95b75ccbc2d891017a09dbbedf9e1e5c4a39f2f66e1c8c23e8,c0df9cf42c62d6c695a140b9fb6897f08ecab97844c6e9f444418d888e47581b,6CFF9931-ABB3-4BEC-9C8C-80F09107CD68,"[1,3]","/usr/bin/clang -dynamiclib -O0 -fno-common provider_4.c provider_1.dylib provider_3.dylib -Wl,-install_name,@loader_path/provider_4.dylib -o provider_4.dylib"
SNF-059,5,8a6a4f6a0d15a082e19c16f39eea14fb721fe9d7c3e8cbce7ccdfe2d586c3d10,e72b0dffa78da66812e81959e3ab7e74531b0e21a3ea957bbeafd990505ba431,3B497551-8CD7-4A57-A1AE-D1CAB758F943,[4],"/usr/bin/clang -dynamiclib -O0 -fno-common provider_5.c provider_4.dylib -Wl,-install_name,@loader_path/provider_5.dylib -o provider_5.dylib"
SNF-059,6,740d834fef4a078c7b8affc18992dea83509c1785816942c8249d9506bad0400,ff0c917611105cbef3b9d1efe77bf691398375ef8af977757e98140711059df6,197EF701-02FB-4557-9C53-FF5B324AD835,[3],"/usr/bin/clang -dynamiclib -O0 -fno-common provider_6.c provider_3.dylib -Wl,-install_name,@loader_path/provider_6.dylib -o provider_6.dylib"
SNF-059,7,21c5c23d9f78c91507a4b6b07a4fcaf52d8e67998e0875a6c6de77a9b5bc0dff,df3c7f447a0dba7acb119102a92f3d63cad1ad08f0a42955ccf3add309954363,CA3F3243-61D0-4E2E-8ABD-6FCFF2D375F8,[],"/usr/bin/clang -dynamiclib -O0 -fno-common provider_7.c -Wl,-install_name,@loader_path/provider_7.dylib -o provider_7.dylib"
SNF-060,0,a3448ea50650f73e7df0897579e6ae70be0ab5b6acb23bfb2f7023b20c2eb1a4,7d761e7ce3ee6c570bec71ddaa778da7df0d40f06f4d14c25bc9de53ac3025ca,24FFEB6E-62B5-42A8-9074-DC6B2416A254,[],"/usr/bin/clang -dynamiclib -O0 -fno-common provider_0.c -Wl,-install_name,@loader_path/provider_0.dylib -o provider_0.dylib"
SNF-060,1,6bea7141a9d1447c33dde532c7cdcb8208f9087f7b05c1865dcc0c870d060240,9c710c01d836a94d4f268e863e6f5ac505f80a43252da1c5dea877b3249d2cf7,2B625E53-E61E-4048-809B-DDE83AEA4BC1,[],"/usr/bin/clang -dynamiclib -O0 -fno-common provider_1.c -Wl,-install_name,@loader_path/provider_1.dylib -o provider_1.dylib"
SNF-060,2,9733afe9ebec3fc94ac9affd45a79282d89e7c5fb3a8e45b36660b8ee235cf8c,1ddce18d2f60e725a39accf1f8fbfd006af43f2ec31b92534c25efa7479792c9,EC767322-F627-4EF5-82B2-F8ABE1A8385C,"[0,1]","/usr/bin/clang -dynamiclib -O0 -fno-common provider_2.c provider_0.dylib provider_1.dylib -Wl,-install_name,@loader_path/provider_2.dylib -o provider_2.dylib"
SNF-060,3,c279d54eac5abf71f34c95ef870cf3e44347cfad1115123a7c8396255f8e554d,84f7471ed34699fd3b3313c91543d4220c2f0e0b3f2d1c26cac2a80a208e9f52,80F33884-D4B5-4075-A74D-904385E98B45,[2],"/usr/bin/clang -dynamiclib -O0 -fno-common provider_3.c provider_2.dylib -Wl,-install_name,@loader_path/provider_3.dylib -o provider_3.dylib"
SNF-060,4,847ff69928a213e51460d2511407a07df1f0dcd0ab4a0686522fcb3174ece666,8498170fae59665d039cb1963b9e5b0c8c1ffee085b8b46a1a7136b6febfd393,9A2B36F8-A358-4251-9715-79E689BA3858,"[0,2]","/usr/bin/clang -dynamiclib -O0 -fno-common provider_4.c provider_0.dylib provider_2.dylib -Wl,-install_name,@loader_path/provider_4.dylib -o provider_4.dylib"
SNF-060,5,a2075306321b2eadfa91a26590b3768627d99766fdd789af2eebc679741b1d07,2522ef3af3ecb0ef0f9c1b11a666046d4c8ae8b0442bd00bbf34f84d8bddf5e4,5050DEA2-C01E-4818-84BF-ABA8B6A76DD8,[],"/usr/bin/clang -dynamiclib -O0 -fno-common provider_5.c -Wl,-install_name,@loader_path/provider_5.dylib -o provider_5.dylib"
SNF-060,6,e2cbaf34d04b2be928c3f6e0ba5a8d631876e671f6d2f4c345556bbd5c26139c,2f0357d371bc3d423640e85f83952fa85001f40e33d78e4c71408b808c6d3015,E713B324-CB27-4906-AB2C-6DAE03AD2F71,[],"/usr/bin/clang -dynamiclib -O0 -fno-common provider_6.c -Wl,-install_name,@loader_path/provider_6.dylib -o provider_6.dylib"
SNF-060,7,d9486aedcdc5cd84797099c13ad57a27257f21896932369c5e0e302629893f22,d604f29befd23757b53fe4989409c0e0875cd65bf0c5d58dec6669b8cfe79af9,EC6A180C-A5B2-466F-A5D1-57255452B78E,[1],"/usr/bin/clang -dynamiclib -O0 -fno-common provider_7.c provider_1.dylib -Wl,-install_name,@loader_path/provider_7.dylib -o provider_7.dylib"
SNF-061,0,cbf09576d84092072d291b74b723e7a5acd9e8732c3189abfef322bfc5be59ca,fcd5a6322f124c2e70823cf19410f973939ae4191968ee8a7390cf3fa2947285,244C8864-D182-465D-B501-63F8AF3744B5,[],"/usr/bin/clang -dynamiclib -O0 -fno-common provider_0.c -Wl,-install_name,@loader_path/provider_0.dylib -o provider_0.dylib"
SNF-061,1,272df3bd3484f79437ab92a0ab14e956b653199b7f85498d3ca4a946ca668c2f,c7cd5c1b3cad8d83cead1c6ffaec4fa5190ec7fcb2e644796dbca39a1f1fd07f,1531A31A-046E-4A6A-99DB-C7A393F18FA3,[0],"/usr/bin/clang -dynamiclib -O0 -fno-common provider_1.c provider_0.dylib -Wl,-install_name,@loader_path/provider_1.dylib -o provider_1.dylib"
SNF-061,2,cb0557866bdcac82fe8bc3dcdadca19bcd35f462d0a6b3f38094b036a50f098b,e9f9249093c83c3940fa054bbf90f668206e072b1a7ca5e36dd58e7d89b391bb,117099A6-6E48-4494-AACF-62C0A6849883,[0],"/usr/bin/clang -dynamiclib -O0 -fno-common provider_2.c provider_0.dylib -Wl,-install_name,@loader_path/provider_2.dylib -o provider_2.dylib"
SNF-061,3,274b2d6a5260eaa9d0d1d84ab648a97334ed4e1ca950b70c171e28f578a6bf3d,0e1a6f63df76812451de55fdb55031bcd73868a5a3cd0dca46ab044590cfd714,46EEAAF8-A0D4-4AB1-ACFA-7852058590E2,[1],"/usr/bin/clang -dynamiclib -O0 -fno-common provider_3.c provider_1.dylib -Wl,-install_name,@loader_path/provider_3.dylib -o provider_3.dylib"
SNF-061,4,d7bbbdc8c78e3fbfdef4e609755362762fa5689461d67a8fa397bd21a0f83193,03feb5b810b032a43ed1ae1984db528dde7a819f1f3ea639cfa523454202e832,6D7B8D7B-4693-4B7F-80AF-967D68A44D28,[],"/usr/bin/clang -dynamiclib -O0 -fno-common provider_4.c -Wl,-install_name,@loader_path/provider_4.dylib -o provider_4.dylib"
SNF-061,5,a1133018c5918fdb79991489af9d5b85ccdcd9f30ac52a2cbd8d513d45da3cc9,31c3eadb07a65056c47e3f7b61e40999c1d3918a4073c9ee5eb6ef303b5bfbe1,D429858A-908D-4D21-AF12-658DB3C56331,[3],"/usr/bin/clang -dynamiclib -O0 -fno-common provider_5.c provider_3.dylib -Wl,-install_name,@loader_path/provider_5.dylib -o provider_5.dylib"
SNF-061,6,724887b31ea6c7789832fa2d90a3883fcf141ae37eafc76d3df8dd1b04b5e13c,0d31b2065804b11aa65f5dbd6a052fbd305d5a24774e4e05cc83aea0fbc19779,97CFAD2C-5581-42AC-9E19-34DACDBCFBAB,[0],"/usr/bin/clang -dynamiclib -O0 -fno-common provider_6.c provider_0.dylib -Wl,-install_name,@loader_path/provider_6.dylib -o provider_6.dylib"
SNF-061,7,0e7a661a26ddac406765cc3d953411eadd4f42fcea5a0584ccec6c5766b22b4b,3add00d4da17fcf84548ef2524c30a009bb80b3c88a7e755f9689ac77c368db6,3FC9C749-AA8D-404C-815A-B3DBCE41219E,"[3,6]","/usr/bin/clang -dynamiclib -O0 -fno-common provider_7.c provider_3.dylib provider_6.dylib -Wl,-install_name,@loader_path/provider_7.dylib -o provider_7.dylib"
SNF-062,0,80007778c0cec09836ac418a5050fffb314486adb678d5f227bdb11de009382d,3c96633a367aa76c5ed90ec30634319af34a36f6809dfeafdb669cf8bd8eda68,14736564-C093-4CCF-AA09-60027AE9666F,[],"/usr/bin/clang -dynamiclib -O0 -fno-common provider_0.c -Wl,-install_name,@loader_path/provider_0.dylib -o provider_0.dylib"
SNF-062,1,cc54e2a9d22a6102da73d1ea948ec45f0081f7b0ae0d3a8888a436aaffd9b845,1a2d539027f50eddc33f7b60291ad46e7ad54dd37d7e8c7d334a033e2c77e6f0,3B933DA1-F2ED-4A04-A8F4-B282EE1643D7,[0],"/usr/bin/clang -dynamiclib -O0 -fno-common provider_1.c provider_0.dylib -Wl,-install_name,@loader_path/provider_1.dylib -o provider_1.dylib"
SNF-062,2,f8731631b711b468c76167a220a899b3810e7dee91dd08eecef4f2e0c623639d,2313347f9678660ad63a931c30da5c6597820ab11788a7e7aa34f5b253615602,07A080A5-CF38-449A-B985-1FB801255839,"[0,1]","/usr/bin/clang -dynamiclib -O0 -fno-common provider_2.c provider_0.dylib provider_1.dylib -Wl,-install_name,@loader_path/provider_2.dylib -o provider_2.dylib"
SNF-062,3,b77df3c1a28cc8c211d413f43207c2870f7cbb2c4f8b04aef669a8189e950533,4ba5bd5ab0e9037652597f45f953269b1efe8d33055be6fa0da77c4493a29104,6D8B3F1F-B1BE-424B-A1F4-D74F6B6C375E,"[0,2]","/usr/bin/clang -dynamiclib -O0 -fno-common provider_3.c provider_0.dylib provider_2.dylib -Wl,-install_name,@loader_path/provider_3.dylib -o provider_3.dylib"
SNF-062,4,7be68dd656dbed9d0ab94a3d05053937ac7e5c622d7ae5b881226c1b59c2ba37,aabf866c458bb493d6d539d09111e9003a048df6fc77947b1df71f813dc0f4ec,3B8E2711-71AF-4A58-84A8-1B0AEA3073FB,"[0,3]","/usr/bin/clang -dynamiclib -O0 -fno-common provider_4.c provider_0.dylib provider_3.dylib -Wl,-install_name,@loader_path/provider_4.dylib -o provider_4.dylib"
SNF-062,5,d040014df85dbebb2f2cc46153447adcd755504f66176327483e08d6924dfff8,1170d086f9f90afba255f298075de5b7337fc229ee172ef4ae817b183054d612,1B88C362-887B-4BD0-85A8-51B21707F514,[4],"/usr/bin/clang -dynamiclib -O0 -fno-common provider_5.c provider_4.dylib -Wl,-install_name,@loader_path/provider_5.dylib -o provider_5.dylib"
SNF-062,6,6f235da1f6b1055a9953f154625876a092c319d8673276bb6e71c35bfeb52724,2638ec45c4ce179e08f700e9c4be76292e7347051582cb5b40f0964f1ff0a8d8,57816728-FBE7-4844-871B-13DCC13B2AEC,[1],"/usr/bin/clang -dynamiclib -O0 -fno-common provider_6.c provider_1.dylib -Wl,-install_name,@loader_path/provider_6.dylib -o provider_6.dylib"
SNF-062,7,7867e78a7c24a260ea44af12f5b58467f9d7d8fc78181cb13c12cd5186401649,efd8aa10835a4bf94603f32e161e1d73def71a41f14af38bc239820f369bcf10,E82E9A32-425A-41A5-8567-D6744E4EAB95,[],"/usr/bin/clang -dynamiclib -O0 -fno-common provider_7.c -Wl,-install_name,@loader_path/provider_7.dylib -o provider_7.dylib"
SNF-063,0,92d697588e27110786e15d3cf0b9d1a124484eb7d6bcc603c5488db669ac7752,4ca04db503feb4fe5b021684ec60f30e035ff08226c69fd71a6748180fda40f9,DDD4D8ED-436D-4029-B451-2F448E8DCA64,[],"/usr/bin/clang -dynamiclib -O0 -fno-common provider_0.c -Wl,-install_name,@loader_path/provider_0.dylib -o provider_0.dylib"
SNF-063,1,73020993d7e1a9139f6a986bd2996cae391d0e58fab2cbe0afbd0cda3cdcc6b4,c166b2ef30d0a3f47989b60d38f630d500ff8d13c0d52757d9ac0c06cb6446f4,AE4EE64F-1882-475F-A04D-ADABE80EC709,[0],"/usr/bin/clang -dynamiclib -O0 -fno-common provider_1.c provider_0.dylib -Wl,-install_name,@loader_path/provider_1.dylib -o provider_1.dylib"
SNF-063,2,496a81a0645dc72b767e09fd9fa7868f9ebe3d5f9e88cb470b94e3664d8b81d6,24cdeeabd8bf64cd7c6bd12c0282bc0044a5518619db0c0a593a353950b296d5,E2A6179C-EE4E-44C8-89EB-607F2D2CA72D,"[0,1]","/usr/bin/clang -dynamiclib -O0 -fno-common provider_2.c provider_0.dylib provider_1.dylib -Wl,-install_name,@loader_path/provider_2.dylib -o provider_2.dylib"
SNF-063,3,ec0629093c7064efae1df1c454f0da8de266ff692f18683773f2f77c1ff8b739,a01c214411394fc8578b5c5e7f495a3bf10a345fa38a3693bff96590451aa2e6,20E7F4A1-0DCF-45D3-AE02-60DCCD3BBFCE,"[0,2]","/usr/bin/clang -dynamiclib -O0 -fno-common provider_3.c provider_0.dylib provider_2.dylib -Wl,-install_name,@loader_path/provider_3.dylib -o provider_3.dylib"
SNF-063,4,34a506498693209fde571be95e323ab9c59ac31f555b9d0da8a16fb1823765d1,4586f80ddfba70ecd1ddaf53c0aac8ceae66465b0eaa2b09ab5fbed57f090b51,283BBAE3-0A4C-4E45-9082-504CCDB5062A,[0],"/usr/bin/clang -dynamiclib -O0 -fno-common provider_4.c provider_0.dylib -Wl,-install_name,@loader_path/provider_4.dylib -o provider_4.dylib"
SNF-063,5,eecb2050fe978d6cbc4323025ccce93473797107a609d3cbfd59142fe38b867f,b903b32092bd0674de1bcd455b8aa1eb128f5b213beb85fac9d6c37cd725910b,4E0DD86C-8EBD-4192-8E48-F21ED0054F8A,[0],"/usr/bin/clang -dynamiclib -O0 -fno-common provider_5.c provider_0.dylib -Wl,-install_name,@loader_path/provider_5.dylib -o provider_5.dylib"
SNF-063,6,7cca7da2681c20e59cd62af57fbb616ea80427d7dc3791381aa8d868561f669f,29396285fe4b88d17b44bc6b5644c2eb8c3d20389dea9ad0ab4072323fcaa45e,0EC1BB6D-3DD7-42DA-B821-E3CA7DC9CF56,[4],"/usr/bin/clang -dynamiclib -O0 -fno-common provider_6.c provider_4.dylib -Wl,-install_name,@loader_path/provider_6.dylib -o provider_6.dylib"
SNF-063,7,39e991e0d67292548de6dfa45505e2c9baa033fd322b443a1ea52f797b194031,95d245efcd0cb9972412391c77cbf640515d91b13df5338814b43e7a15b9e233,6608F7AA-03AB-46E5-9EA6-F5CAC0AF631C,[4],"/usr/bin/clang -dynamiclib -O0 -fno-common provider_7.c provider_4.dylib -Wl,-install_name,@loader_path/provider_7.dylib -o provider_7.dylib"
SNF-064,0,44f9080230db50bee0f7093f72cb6cad4e6c59ead58a63c459e575525f431f46,57eda0cd6abea21f6597f28fb1c272f62620d2463eef60726c3853620d69b5a3,3587F2C0-420B-4A72-BE44-9F6EF0364848,[],"/usr/bin/clang -dynamiclib -O0 -fno-common provider_0.c -Wl,-install_name,@loader_path/provider_0.dylib -o provider_0.dylib"
SNF-064,1,bc2d2e0bd1e1a676e2697eb59468662749c0ab66fea228aab79164bef89b9193,8a7ac94d5e2e36d911a1d670567851e3fdf0bce4c34a3fb7fe06b19130b3154e,388C3F31-64A8-4E51-98CB-C3067E5C637F,[],"/usr/bin/clang -dynamiclib -O0 -fno-common provider_1.c -Wl,-install_name,@loader_path/provider_1.dylib -o provider_1.dylib"
SNF-064,2,5b2368a1fe6b92217109718fa7722078f0bdeed8af9295051a5c45006b30c72a,8a6433b72f55a35980a38446bdb731faef56e6101916fe749f4c22bb4d501f02,A617F82A-9C5A-4EB2-A71B-303FA595289B,[0],"/usr/bin/clang -dynamiclib -O0 -fno-common provider_2.c provider_0.dylib -Wl,-install_name,@loader_path/provider_2.dylib -o provider_2.dylib"
SNF-064,3,c720c8196ceb15087e674f3b0a8f9b35614fede0cbf0e3c4e06226eda213c950,555bfbb10cdef177bf0f18fb69150d4d96c74f45124b7df9c119deb0c8efe996,B88DB7D1-B957-459C-BFDF-A417359D3053,[1],"/usr/bin/clang -dynamiclib -O0 -fno-common provider_3.c provider_1.dylib -Wl,-install_name,@loader_path/provider_3.dylib -o provider_3.dylib"
SNF-064,4,c26cc8307f9451194409129ed6146bbc61ca40b3c41d2188ea60766142249953,0a7592ee4c66b57a6a97e43d455eca53d43530a5937e89e8b4eb7121a97053c2,AF56A58D-9229-43B8-BB3A-687A3BBC2883,[3],"/usr/bin/clang -dynamiclib -O0 -fno-common provider_4.c provider_3.dylib -Wl,-install_name,@loader_path/provider_4.dylib -o provider_4.dylib"
SNF-064,5,8ff320d516aee97cc24f22bd3bd9b023d39b414221a17aa53d8bfdee8218b046,a537c8a2cba7ead331372c8aeef9f72b6e2e5d663b5cb8a5aa495a3445135910,23352C6B-AB45-4694-B41E-D0F319408CF4,[],"/usr/bin/clang -dynamiclib -O0 -fno-common provider_5.c -Wl,-install_name,@loader_path/provider_5.dylib -o provider_5.dylib"
SNF-064,6,0c2757beb6954acfb71adb814a42edefac8d659a0a348c631422e7d843465639,a0725b4df5cca49f2313e05e45bc323dc3fc3b39b9f7aeb5c6835c54da1dee73,20DD976F-848B-438B-895B-0E9E9FE3E769,[3],"/usr/bin/clang -dynamiclib -O0 -fno-common provider_6.c provider_3.dylib -Wl,-install_name,@loader_path/provider_6.dylib -o provider_6.dylib"
SNF-064,7,c379f05c4d24b3dc3d386746cea96dc8947f6976f736ad400df69260001d1d9f,eb8fdcdb8fe8eeb1cb8574ef472898c4b632c8e23d8add8c8368732e51ed0148,9153F590-7E67-46A1-AE20-00A9B28ABCAA,"[2,3]","/usr/bin/clang -dynamiclib -O0 -fno-common provider_7.c provider_2.dylib provider_3.dylib -Wl,-install_name,@loader_path/provider_7.dylib -o provider_7.dylib"
SNF-065,0,3d79a660faa6ad522a2abd3efeea8f404f8db4bbf71d0f0f5962d13500be0f33,0e7a98160ba9cb462ffc20b1cbc75805e0307b00c4a4d9def7c29d46bcc5fca8,BD995661-8E0F-4FEF-81A7-8E9F591F37E7,[],"/usr/bin/clang -dynamiclib -O0 -fno-common provider_0.c -Wl,-install_name,@loader_path/provider_0.dylib -o provider_0.dylib"
SNF-065,1,29b523b6b39be504389852713387d827b108f6aec28088956f336c5b99691ff0,4fae8691bfaff3753e6699655a39fa907c41508c0765f1fe5245330ddad85142,6A6ED8A6-630C-4F99-B331-55ADD58365B5,[0],"/usr/bin/clang -dynamiclib -O0 -fno-common provider_1.c provider_0.dylib -Wl,-install_name,@loader_path/provider_1.dylib -o provider_1.dylib"
SNF-065,2,1ff51a96f2c9d9f5ab0758b6308545e17e5a78360d3c4c2e8b67f79eb655df00,d11dcaa3b771330ede210f3347b6fea1d917c37f3db7dc0607ef9d5259ed8ae7,F646FD27-C70A-4B2A-8B39-EE33E9E372E0,[1],"/usr/bin/clang -dynamiclib -O0 -fno-common provider_2.c provider_1.dylib -Wl,-install_name,@loader_path/provider_2.dylib -o provider_2.dylib"
SNF-065,3,45c2019ea4fbae2412b05e835fa22439b22d19a17bddbd8631b34984e4ec6e5e,f3a0254e770f869e97171fbe9bd84e42b08c0a906cd889d6a6b84e32dc033bc3,E5A75563-59E8-4DEA-A776-3D5E8279B715,[],"/usr/bin/clang -dynamiclib -O0 -fno-common provider_3.c -Wl,-install_name,@loader_path/provider_3.dylib -o provider_3.dylib"
SNF-065,4,9f38254e99f4300437a2c7bc17127c5644a53169b553e2c6d4d44761f83d7e1c,1a5727e6d220741820a379758e40694734a80eecb2bbfe174f7d6ce4439a2f7e,F9454E1D-D15E-4DFC-B1EF-C42E5A560558,"[0,1]","/usr/bin/clang -dynamiclib -O0 -fno-common provider_4.c provider_0.dylib provider_1.dylib -Wl,-install_name,@loader_path/provider_4.dylib -o provider_4.dylib"
SNF-065,5,7dfa29c5a6d8f024ea8cff81f402271468a86a92e16afa121576b1052a3b9b8b,7fcb2c1b86bbc4c4821c7133b61188fed590e9acbdefaf616b86c7cd24cfa6d3,37DF1424-A1B6-4600-AE51-024ACA9A9A2D,"[1,2]","/usr/bin/clang -dynamiclib -O0 -fno-common provider_5.c provider_1.dylib provider_2.dylib -Wl,-install_name,@loader_path/provider_5.dylib -o provider_5.dylib"
SNF-065,6,69c0d07e081f8b53ee0d92e1f83c427e199628e373b8bb1744149c6d6ce6ced7,54bbef3dbe8ddad2edc3ebc321c4b72d2f857b7b636f1ec9d53e2acf11f38ff5,B44EFED0-603E-4A0B-808B-08185816457A,"[2,4]","/usr/bin/clang -dynamiclib -O0 -fno-common provider_6.c provider_2.dylib provider_4.dylib -Wl,-install_name,@loader_path/provider_6.dylib -o provider_6.dylib"
SNF-065,7,d080a0dd8176e79907f127831a298a83fd93da33dc98bfcba8940dc9d0e47f9e,ef77f05508d9184c2e04dd049e0dd8c7f0e63a8f4f1f071ecb26f5348914bdd0,1C36B5E8-633B-41AB-9AE1-A11DE0B5C6CD,[0],"/usr/bin/clang -dynamiclib -O0 -fno-common provider_7.c provider_0.dylib -Wl,-install_name,@loader_path/provider_7.dylib -o provider_7.dylib"
SNF-066,0,cb1d9d8714a0f19668868b7decb3117ed896a0c3656c8bc84bbb7caacd7234c5,7c5311dfb3773745c46a4dba2acfe9ffc960dd0bcaaa2754e99053c2667945d2,462F83EC-9DEC-4A88-BDA3-8415803AD9B6,[],"/usr/bin/clang -dynamiclib -O0 -fno-common provider_0.c -Wl,-install_name,@loader_path/provider_0.dylib -o provider_0.dylib"
SNF-066,1,4aac131fb33b7ef06f7da50a44059ed779aa45fa40564a5c6a30828dce1442e0,f4194dbcc66a29a8f8f7365fcb437c60ab2d2c50ce55ca00b5bb8b7feeec12fc,86471C46-A479-413C-9DE7-DB32D31969BA,[0],"/usr/bin/clang -dynamiclib -O0 -fno-common provider_1.c provider_0.dylib -Wl,-install_name,@loader_path/provider_1.dylib -o provider_1.dylib"
SNF-066,2,553b8e61f7be39660d8ab6c25576997a5c1da6e3c7f65b78b6d310e3b9c0df33,a42f1355953b73af0c1b9d7fe7b5ec53f4630fb3ad8ad67d7e8b71d8e624511a,2020785D-DF64-431B-B81E-54F206AEC45F,[0],"/usr/bin/clang -dynamiclib -O0 -fno-common provider_2.c provider_0.dylib -Wl,-install_name,@loader_path/provider_2.dylib -o provider_2.dylib"
SNF-066,3,51cfd54e1de3bc58eccde24cac4540b3fa09af8a8a5cd2bbfbacdc09d7cc747d,cf5932d93d7a16fd9326461cfce39c8e2cbae348eb4c36700c3b2c2a9632d890,CEAD72F2-BE7A-41EB-B389-C990F028E018,"[0,2]","/usr/bin/clang -dynamiclib -O0 -fno-common provider_3.c provider_0.dylib provider_2.dylib -Wl,-install_name,@loader_path/provider_3.dylib -o provider_3.dylib"
SNF-066,4,3c183669cd4ecdbfe742e91f2cec7584e576fd591b2f755ae9d6c938ab8e59e0,05120762c3c97c273ac5b168d1f8143c4b1ac37bc997008ffa9414877d143d1b,B1C7DB8C-CF16-4E71-B6DE-CB38AAA4EFB6,[2],"/usr/bin/clang -dynamiclib -O0 -fno-common provider_4.c provider_2.dylib -Wl,-install_name,@loader_path/provider_4.dylib -o provider_4.dylib"
SNF-066,5,866d6891382fa9b9648fb5059a48f115a9b669bcfef4a5d0916999c1584de966,633da73738f47fa243e254a68ac18c38708ada230cb91422dc26b7909456311a,B495BC96-178F-4FAE-911F-98E128186F14,"[1,2]","/usr/bin/clang -dynamiclib -O0 -fno-common provider_5.c provider_1.dylib provider_2.dylib -Wl,-install_name,@loader_path/provider_5.dylib -o provider_5.dylib"
SNF-066,6,867f5c950b5561168994b4ebcc7bfe00272f430a61fdfd48c30eb7baffaf4200,4fcf413120c2cb8fa3df57e954af54fbc6258a7203d449fad7fd9fc67c047f4b,EFB02D12-4698-4881-B109-2E968C8D7036,[4],"/usr/bin/clang -dynamiclib -O0 -fno-common provider_6.c provider_4.dylib -Wl,-install_name,@loader_path/provider_6.dylib -o provider_6.dylib"
SNF-066,7,3ae8229d1277a77d8599ae169a711d5d9bfe19027b72fc8b01de534dd7be149a,51a4aa0382423667220a617ec16b81f996ee926a6d7f4afa608ebbcca3b8b364,0D133A14-1F0D-472D-9320-8949309A6BE7,[6],"/usr/bin/clang -dynamiclib -O0 -fno-common provider_7.c provider_6.dylib -Wl,-install_name,@loader_path/provider_7.dylib -o provider_7.dylib"
SNF-067,0,a734487a93730f6ac00862c58682f1e8c3832d1b35761ce0a37d2865f09f6c5b,6c74693c241eaae7e1f6ecf5296a58ba8e45fecfe8e2f1def1f83d6df7d65934,0A907646-B87C-462A-B7E2-695B02259488,[],"/usr/bin/clang -dynamiclib -O0 -fno-common provider_0.c -Wl,-install_name,@loader_path/provider_0.dylib -o provider_0.dylib"
SNF-067,1,b82a69844baa11f2a65cdf4c0f907b046baa1a54aa701aee6a8d42698b0aba32,446bbb1c33c1ff618f2b0ba5130d2ae10a1c63c21f750b91737e2ec83494d84a,7F756306-F5EB-4F2C-98CA-FD5FD3927D86,[0],"/usr/bin/clang -dynamiclib -O0 -fno-common provider_1.c provider_0.dylib -Wl,-install_name,@loader_path/provider_1.dylib -o provider_1.dylib"
SNF-067,2,37c4aaf4d173c0fbbd48e2912bb8f8a094b97b62c14e92ade0c428b31f37874a,e123f556363a47d3aad994062413d268b51f55e00b88e861fafcfd183a05f09f,1406CBCC-02BF-4DF3-957E-29C711E1D491,[1],"/usr/bin/clang -dynamiclib -O0 -fno-common provider_2.c provider_1.dylib -Wl,-install_name,@loader_path/provider_2.dylib -o provider_2.dylib"
SNF-067,3,0d038aba9d02e51323ddb33ad4da739c3da5ee1114732f52dad8810753aaf7e4,de7e4318d13f963b3f40b779ced3a1c6d1dff6ab71e9de07e4ccb47f0753f900,9B02E2E7-2854-45AB-B965-84975CEB1C5C,"[0,1]","/usr/bin/clang -dynamiclib -O0 -fno-common provider_3.c provider_0.dylib provider_1.dylib -Wl,-install_name,@loader_path/provider_3.dylib -o provider_3.dylib"
SNF-067,4,2efa2e0c05571a7326b80fd2aa68a8d77845f5164e15c62a8b5acb272f406603,43fcfe216cc6ba35ee774622a62c69588d8b7bb86868fd9cb0dcf95810e15eee,0857C6CE-7AF8-4EFB-AF1A-0B18415CD854,[0],"/usr/bin/clang -dynamiclib -O0 -fno-common provider_4.c provider_0.dylib -Wl,-install_name,@loader_path/provider_4.dylib -o provider_4.dylib"
SNF-067,5,8387cf5227934e39b58c76459a7e5a7d04bf56ef0c49e0507f22265d5ddd8c5e,cdfca4737c3e067aefe09f9893f52113e017b65bfe7aa47d72375e6cab9bf126,30B3EF83-1F45-47EB-83B1-EDC2ED7431AA,[4],"/usr/bin/clang -dynamiclib -O0 -fno-common provider_5.c provider_4.dylib -Wl,-install_name,@loader_path/provider_5.dylib -o provider_5.dylib"
SNF-067,6,daef23091158f05276376ecb5acc1735d413d79512742a256d8ec0cc4f49f343,5cbb4ac5d6f2fdbb6c27fc04b640698b93423686e39c159cff5bf8c508b4641f,2E870D3E-493F-4FB7-88C5-BEBD0CE6065E,[],"/usr/bin/clang -dynamiclib -O0 -fno-common provider_6.c -Wl,-install_name,@loader_path/provider_6.dylib -o provider_6.dylib"
SNF-067,7,b59526241c7f36b31136cdc7b49e86c635f40990705ab41346be0be36cf2dd1a,11f189cff33e86e7a29bb2f765719aeca7060b316fbd386035c44b8493622098,6EE3FB28-C105-43C7-B8D2-9F1741DC6868,"[4,5]","/usr/bin/clang -dynamiclib -O0 -fno-common provider_7.c provider_4.dylib provider_5.dylib -Wl,-install_name,@loader_path/provider_7.dylib -o provider_7.dylib"
SNF-068,0,97c464324d205e266f9af86fe4b009aaef2d9f63e28cce84fbb08995c63534ca,7d354450231d5c597b4aa0169b86cafff7ea67dcfd73140b84a42cf3d329f0b4,D309B92D-C991-4FE0-B37E-3CD73C2A1460,[],"/usr/bin/clang -dynamiclib -O0 -fno-common provider_0.c -Wl,-install_name,@loader_path/provider_0.dylib -o provider_0.dylib"
SNF-068,1,61057f145ba97b7fb7da559edff4043cf317727fbf0d8eb8397ca9bf0cc3608d,b8ebd419d3870e190bab1c4ea274e5d28e1b460e82a010c30e68c552f40e5c2f,C2A7C187-CD66-4497-808A-A0EAECCB614E,[0],"/usr/bin/clang -dynamiclib -O0 -fno-common provider_1.c provider_0.dylib -Wl,-install_name,@loader_path/provider_1.dylib -o provider_1.dylib"
SNF-068,2,704a3fc27ef5d6f938bbb14f7d5d4f2e2b9dbef057c56e5dd3cff5dfa1e3bb92,436cb83b016c289794d8e5737658b4beeaa4ad4a2bd7905f727319bc81df3d83,B1F314BF-CEC6-4287-A8A2-79C27BF3812D,[],"/usr/bin/clang -dynamiclib -O0 -fno-common provider_2.c -Wl,-install_name,@loader_path/provider_2.dylib -o provider_2.dylib"
SNF-068,3,437a65c253ed469941b6611d1d29c98cdac4be34f2305074603011df3750b797,3641f492b33c6012a9964ef3f5524a9b33de46945df4881e0cdb61b0119c51f1,D9F4D0BC-A1B5-441F-A327-D621E571811F,[0],"/usr/bin/clang -dynamiclib -O0 -fno-common provider_3.c provider_0.dylib -Wl,-install_name,@loader_path/provider_3.dylib -o provider_3.dylib"
SNF-068,4,4e88d69bca2554d0bbe83f825073053d3ba24b4d374f729b2ff6b79325bdcf1a,188c1ad6c070bd9815f0ae33d95cb2bcb9051a803d2f5ddbe44fa28296d8a760,6E74400D-A19D-42AD-911B-0390734641E8,"[0,1]","/usr/bin/clang -dynamiclib -O0 -fno-common provider_4.c provider_0.dylib provider_1.dylib -Wl,-install_name,@loader_path/provider_4.dylib -o provider_4.dylib"
SNF-068,5,c3ea5420d6af7dece7670b8e1c44848552829ff6d5c9c2836bd932fa5318daa3,5f55a2c59f1a1f3edb7f864dcd19defc8ea3acea72f8bea46169f8ef17afc4d1,BAB7304D-8AB6-4957-A36C-6BA04408B4A7,"[0,2]","/usr/bin/clang -dynamiclib -O0 -fno-common provider_5.c provider_0.dylib provider_2.dylib -Wl,-install_name,@loader_path/provider_5.dylib -o provider_5.dylib"
SNF-068,6,4b0dfb9eaa20c50f55c1f892df085c78102e523665ea187e06b231e9e970f00a,54a6829c5503bd24e2e1423ef8d3ab62c66ee91b815171d0eef31570ac603389,0235C3ED-3F71-4663-8E13-D4CF9F6A1009,[1],"/usr/bin/clang -dynamiclib -O0 -fno-common provider_6.c provider_1.dylib -Wl,-install_name,@loader_path/provider_6.dylib -o provider_6.dylib"
SNF-068,7,4da0c9ab3616c82f6865cd32280d0fb0c2dcf80e3f68e7148d8bcace1d55165f,699fba854ef94acca83fa0bed1f3ec45b973155701eb7ac46f87bbb94eecf8df,FD01A31A-69B1-4118-B1AA-982E1627036A,[4],"/usr/bin/clang -dynamiclib -O0 -fno-common provider_7.c provider_4.dylib -Wl,-install_name,@loader_path/provider_7.dylib -o provider_7.dylib"
SNF-069,0,e3fae15c8b7428ebb03388e7ca63a9584164cbdbd30b390dd942222427d51ca8,48844eaa6cb51a5bf73c2d214682ebf99985204debe6805f05bb65b1c9cd1344,F607BD1E-6A6A-417D-9110-F91A6C77BCC7,[],"/usr/bin/clang -dynamiclib -O0 -fno-common provider_0.c -Wl,-install_name,@loader_path/provider_0.dylib -o provider_0.dylib"
SNF-069,1,0e63f2ca802325dac4f0565c7ed4b5dbe4c8465e2558a6293b7fa5453cc330fd,eb1e5b491bead860ae0845c31ef699d738ce232f2a2b66c09b70e917acad0c45,2FF7B98D-59BE-46B6-8905-3ADD7A0C5FFD,[0],"/usr/bin/clang -dynamiclib -O0 -fno-common provider_1.c provider_0.dylib -Wl,-install_name,@loader_path/provider_1.dylib -o provider_1.dylib"
SNF-069,2,981b7a50367fe0403b6297ffaa47bed1b7a6e8dd1e9bb7c43a139c4ae40e9696,493bc8c770c3ee549cc1af967796cb6edf34275c5eae297a770e9dfda8c4df28,10299754-243C-407E-BD62-BA65A2867345,"[0,1]","/usr/bin/clang -dynamiclib -O0 -fno-common provider_2.c provider_0.dylib provider_1.dylib -Wl,-install_name,@loader_path/provider_2.dylib -o provider_2.dylib"
SNF-069,3,da135709e584fb37ed6bfdcc603b879e85f1fb84439e5ebfb241f91a875267b5,c96a812207c098dc2751318fec19cc0af614ece832a72e70fc1401719a558953,809CD702-8054-4A2C-B31D-107FF03C037D,[2],"/usr/bin/clang -dynamiclib -O0 -fno-common provider_3.c provider_2.dylib -Wl,-install_name,@loader_path/provider_3.dylib -o provider_3.dylib"
SNF-069,4,785bb17a4854d456b4d50a2347288428ee35b5fae08ee2015df097d365d6ac84,feda13d86109bd185953d020f092998bdbea4e17fe4e13632f6a683ca41f8517,6A4751FA-6B29-4871-8F31-14E7C3309D3C,[],"/usr/bin/clang -dynamiclib -O0 -fno-common provider_4.c -Wl,-install_name,@loader_path/provider_4.dylib -o provider_4.dylib"
SNF-069,5,13edbd52c8b29b20def980ab2f5bfcfc57b077234fc53ee92c11a9d933e2edef,e98d790d49bce212e1b888d9131cd8e098ad3f29df36beb7259bb312d519d9d5,694BDA89-800D-4760-B413-0343120D4843,"[3,4]","/usr/bin/clang -dynamiclib -O0 -fno-common provider_5.c provider_3.dylib provider_4.dylib -Wl,-install_name,@loader_path/provider_5.dylib -o provider_5.dylib"
SNF-069,6,e5b96c1e5e22f44e30bce3330fcf73278d8a1996e718d82c7f31266b17c4739f,5fb72a617550b4aaf5fa3ae8cf1b10c9a18616fef859e40290d07cf4a8a6b74d,5CFAC3AD-FE35-4569-A32F-D61321D4BC41,"[2,5]","/usr/bin/clang -dynamiclib -O0 -fno-common provider_6.c provider_2.dylib provider_5.dylib -Wl,-install_name,@loader_path/provider_6.dylib -o provider_6.dylib"
SNF-069,7,4c3814709c9fe4eeabbd6c3e489f52e7187408040e697171c6c377c516cdd3c5,960158934e93630867a94ac28e66d38c8fb945b9346943e815fdad77fc84b255,8098C478-75D1-4762-9C8E-D0A019CC0F55,"[0,3]","/usr/bin/clang -dynamiclib -O0 -fno-common provider_7.c provider_0.dylib provider_3.dylib -Wl,-install_name,@loader_path/provider_7.dylib -o provider_7.dylib"
SNF-070,0,d1e2891226e955eb2eae402b3c6e0a914372d3dd0a8a2d3417cf25f51b33f82c,cf46f938a2584ead76a6846b55fc993848e6ec5d7db5b7a94dc613c6d441ce55,148D0207-D741-456D-85E2-EA0EBC01C845,[],"/usr/bin/clang -dynamiclib -O0 -fno-common provider_0.c -Wl,-install_name,@loader_path/provider_0.dylib -o provider_0.dylib"
SNF-070,1,9e0973226a546912fa351fcfc8e86693ffad2d4dcc2545285da1701221892737,e43e872f65937d7bb0a2976d972f863913c8c087510d15c677a03c83df778e3e,1C96E60C-BD3B-4436-8020-840CA254A2D9,[0],"/usr/bin/clang -dynamiclib -O0 -fno-common provider_1.c provider_0.dylib -Wl,-install_name,@loader_path/provider_1.dylib -o provider_1.dylib"
SNF-070,2,fd86d1e7f8ed29e4ddd6991e396b470059c29138a065b91d66c5868417d6289a,b9ac1e1ded3f7e26f0c356175cb7b61693bec84e5ea85e2d07bd41a084a28107,9ACC2485-D897-401B-92AF-7548B69BC302,[0],"/usr/bin/clang -dynamiclib -O0 -fno-common provider_2.c provider_0.dylib -Wl,-install_name,@loader_path/provider_2.dylib -o provider_2.dylib"
SNF-070,3,cb4a3ed709b51d3d934442ff62b541c44d4a4df3819af010053fdc03d1dbf223,fd7185e46a8615e7747782321730980c8f8e6427cc8b4968537aeca9b5ffe637,8559C08A-4F70-4086-875E-DEB0E42E1F49,"[1,2]","/usr/bin/clang -dynamiclib -O0 -fno-common provider_3.c provider_1.dylib provider_2.dylib -Wl,-install_name,@loader_path/provider_3.dylib -o provider_3.dylib"
SNF-070,4,ceada8b1b9a24e0329649a81e84cd9e2a9fb0269287de18bda11ce27584ddb7c,3ab51a498ff8316fb189a58ded79f001ea88e7c182e0d44b11e0f9b0bb6a9942,810D1D67-ECFA-4C13-82DD-3F63EDA83309,[],"/usr/bin/clang -dynamiclib -O0 -fno-common provider_4.c -Wl,-install_name,@loader_path/provider_4.dylib -o provider_4.dylib"
SNF-070,5,ebaff15b025f9f28420e2d337a68eb5622239493b20835e9d12ce14c38a169ef,bf4f3851eda37bb1e204713c091583cbbfdccf28d3e1118622dd9c3cf8cea758,FD604074-063B-4B9B-B211-12F8C2ABB96C,[],"/usr/bin/clang -dynamiclib -O0 -fno-common provider_5.c -Wl,-install_name,@loader_path/provider_5.dylib -o provider_5.dylib"
SNF-070,6,1e1f351af54f37e0caf6d4126fc3581410e346084997de1312666216dbbec06d,3a21aae13b2a8625be1c0bc109cfa2f10fa512f41947e5c6f342238c63add6d9,BD29E101-0B7E-4D58-B785-578E806EE63F,[3],"/usr/bin/clang -dynamiclib -O0 -fno-common provider_6.c provider_3.dylib -Wl,-install_name,@loader_path/provider_6.dylib -o provider_6.dylib"
SNF-070,7,360218ac8bed013ded8eae954de9cb85b3201cbe6802c8f36e961a4835396f8d,6f359e679682a03a6a588451fc6171dc1a08efbbb26fa5325f7995ba95dd1464,18419376-A8D7-4778-B07D-C6084F51AAC4,[],"/usr/bin/clang -dynamiclib -O0 -fno-common provider_7.c -Wl,-install_name,@loader_path/provider_7.dylib -o provider_7.dylib"
SNF-071,0,ec104c9c0831cf5a26f16b47f0ce21370f68a5d8f5a763c9b900a0d66ce82d21,a8252750e36fdda0c0d6a3588dcb70668455209c5fcb7c9f57d4c309293604d9,1F89648E-07AD-4466-9E51-E9449DD8BAB6,[],"/usr/bin/clang -dynamiclib -O0 -fno-common provider_0.c -Wl,-install_name,@loader_path/provider_0.dylib -o provider_0.dylib"
SNF-071,1,a52f02613986d0c68899b3207e94a96993ba65b991e136865bd9649870ca15c0,1a9df81f81fa0feda03b063f3e91d78bf3c40eb209cd5e0a48b53f0cedbee1d5,7384EF69-2C9B-4D5C-A0A5-3CA557A26236,[0],"/usr/bin/clang -dynamiclib -O0 -fno-common provider_1.c provider_0.dylib -Wl,-install_name,@loader_path/provider_1.dylib -o provider_1.dylib"
SNF-071,2,a412da4b0838dcbd66ee6999c71139bdb8a1afcc62eddce79c316273aa903493,24359ed01e08475b3226b6d36b01ca081a5f7d51b9b17882f838df94e0e9299b,681167BC-D593-43AE-8156-A77D11F057F4,"[0,1]","/usr/bin/clang -dynamiclib -O0 -fno-common provider_2.c provider_0.dylib provider_1.dylib -Wl,-install_name,@loader_path/provider_2.dylib -o provider_2.dylib"
SNF-071,3,5b8107762f134548205a091836b97d5aa3f5b5aada74f197eb9b56fc8a0a176e,08eed36a3f8cad6408c71845cc811bd5d8e338fa9b00764dd9f19aba7bc81b43,139F9C21-5EDB-45AC-B87F-1A7F3C1D6E4A,"[1,2]","/usr/bin/clang -dynamiclib -O0 -fno-common provider_3.c provider_1.dylib provider_2.dylib -Wl,-install_name,@loader_path/provider_3.dylib -o provider_3.dylib"
SNF-071,4,995b339cae38dd956cade7e22bb2955642e27352e61f5fd5d2b6895b6c4b87f7,60634d51933e46f99cd10bdb0ce62a641d78cbabe507981dc7cd47904553fdd4,8354343D-9A61-4BDF-84F8-7F0F1DA0F9FB,[2],"/usr/bin/clang -dynamiclib -O0 -fno-common provider_4.c provider_2.dylib -Wl,-install_name,@loader_path/provider_4.dylib -o provider_4.dylib"
SNF-071,5,0a50c0f1ea491e6ff0a69515c3435da1d1da5e7f13369e5112740678016fad2e,8d986e7e68b5730641e2985fe0110b71e87758a89a2dcb7b11b626557bcdc8a1,0F240C81-AF1C-4926-938B-405DB45D08FA,[0],"/usr/bin/clang -dynamiclib -O0 -fno-common provider_5.c provider_0.dylib -Wl,-install_name,@loader_path/provider_5.dylib -o provider_5.dylib"
SNF-071,6,82f2414c10fdeab407c8be8196e08f77d2d179023de6a2ba6d40a9d4d1070598,5e915c8390946edc3cfb4bda8dcf7dddb39adf699031b70833b19bd39d98788d,4A2D0E24-4ECA-4CA8-90B7-DD29CF2395FA,"[2,4]","/usr/bin/clang -dynamiclib -O0 -fno-common provider_6.c provider_2.dylib provider_4.dylib -Wl,-install_name,@loader_path/provider_6.dylib -o provider_6.dylib"
SNF-071,7,893c72619d4baaeed2019eccd671295b562f471ad67ed62b4367b3032f566048,5457393f81b3e054dbefb2b5bf7538dc6b42ed00bc79a2d971cca299276f6259,44F8F69F-4C76-4685-97BE-0F7516A26ACE,[4],"/usr/bin/clang -dynamiclib -O0 -fno-common provider_7.c provider_4.dylib -Wl,-install_name,@loader_path/provider_7.dylib -o provider_7.dylib"
SNF-072,0,0597836cb1dbe1392ce895b2ae0ca34b864f9ffd94bb295fe6d794739d1bcf57,bf7c3846add4fc700622316bb3bd91972b2b2a2adaccd398a832a6a2b1c6cbb0,B2EA2C86-F587-4C4E-9BDE-D50171F11EE8,[],"/usr/bin/clang -dynamiclib -O0 -fno-common provider_0.c -Wl,-install_name,@loader_path/provider_0.dylib -o provider_0.dylib"
SNF-072,1,272093fd1d67dc2447d461fe060afec85ecda63a55e5fc02d8943afc310633a9,e8d861e91d83728d514bab7d82e48975735c2faa1a6bbe9e235a748ece4087e0,BB2CD3DF-FDB0-4CA2-B8C2-860EFCBECBF0,[0],"/usr/bin/clang -dynamiclib -O0 -fno-common provider_1.c provider_0.dylib -Wl,-install_name,@loader_path/provider_1.dylib -o provider_1.dylib"
SNF-072,2,5c7da85a3bb84aa1fa5f8053ce100a75d825b55256c31f41ce494975136fef3d,8db29590ff7f6aa5334ef10f622cd1a3a8f3ba7dd2404a10398958f7d9e89cc6,143BC82D-599F-4018-A11D-E2647D1F13C2,[0],"/usr/bin/clang -dynamiclib -O0 -fno-common provider_2.c provider_0.dylib -Wl,-install_name,@loader_path/provider_2.dylib -o provider_2.dylib"
SNF-072,3,92037e3952d69193a99e7340df7faca92909d9cac582d979a28b31c1bdc6ce1c,e3352c7fc402c4e9bb0fdcee35cc256636aee38bee66d789d38adb4d4b49ea7f,8CD63FDE-D4F5-4AF0-A06A-6191B298D036,[0],"/usr/bin/clang -dynamiclib -O0 -fno-common provider_3.c provider_0.dylib -Wl,-install_name,@loader_path/provider_3.dylib -o provider_3.dylib"
SNF-072,4,dc50d93befb4dfe2a0e9e40bc9c0021203c29fe5fdb7c3899fb0937a09c285ca,babe54d33982218e81b8aba6380047c93b3a78532ce1caa546a85864063d0e92,0DA0EB14-FBFE-4C13-AC2C-A1460C1D5DF1,[3],"/usr/bin/clang -dynamiclib -O0 -fno-common provider_4.c provider_3.dylib -Wl,-install_name,@loader_path/provider_4.dylib -o provider_4.dylib"
SNF-072,5,cc470e1f87af8672253d2ccb57ed7dcaaf434b902144d2e85f0cea7c4e30c91b,2042bd6517a38c6336b2df5cd6c524ef1d7a414d2189203d9f03d7bdeb76c355,811DF5B5-7175-4DDA-A48E-61010CE1EEDD,[4],"/usr/bin/clang -dynamiclib -O0 -fno-common provider_5.c provider_4.dylib -Wl,-install_name,@loader_path/provider_5.dylib -o provider_5.dylib"
SNF-072,6,4b7611818c5a35927ffdf563724f6d8c48b00d07ad61ff3a87c25c4b03e34200,2952daf9e56a9540cea809d495eadb5d800d38e95155430319e2ae01d63a0220,6651BF43-94A0-4197-BBB3-48FC6C87D2BE,"[3,5]","/usr/bin/clang -dynamiclib -O0 -fno-common provider_6.c provider_3.dylib provider_5.dylib -Wl,-install_name,@loader_path/provider_6.dylib -o provider_6.dylib"
SNF-072,7,5223a3f95f6ec565cb58cf6dd973dd88bacf4b6df2afdd9f48bb7ed3cd6afd31,b294519317acdebdcfea2f37acad90c870b2cf80e5b3efe0400e7ac47a4ac8a2,F2D91605-C27E-4D3F-90B0-123AD864F2EC,[5],"/usr/bin/clang -dynamiclib -O0 -fno-common provider_7.c provider_5.dylib -Wl,-install_name,@loader_path/provider_7.dylib -o provider_7.dylib"
SNF-073,0,a5450cf8bbfa9e2c13b4494603b923a4c493245087b13f9630ccec3677055819,0eb9d321c146917dbd2e62431610b0bfcecc7f35a646f91e991c79a0b7659be7,324A68D7-BBB4-4E03-AF19-0CB4A367BEF0,[],"/usr/bin/clang -dynamiclib -O0 -fno-common provider_0.c -Wl,-install_name,@loader_path/provider_0.dylib -o provider_0.dylib"
SNF-073,1,395a43bb1eeb260245b93f2afadf727ea0725b2d1ceb53cab21b6b5bacca3700,c320959feefaff46b96bc0269fb5afa73a1eb45ae0de35aab30ffdb6261ce23f,0E748428-F567-43FE-9971-3E8932370376,[0],"/usr/bin/clang -dynamiclib -O0 -fno-common provider_1.c provider_0.dylib -Wl,-install_name,@loader_path/provider_1.dylib -o provider_1.dylib"
SNF-073,2,6d63d15ed80fd2e97888eb137516c311dfe1f89ee3f29c4ecc39a7ecf4b2f1e5,a7ac9afc2a9800b2519081fde6f8bcd79d5dec15dc948194379c26e20325f156,689F775D-E598-405E-A093-82F813AC3140,[0],"/usr/bin/clang -dynamiclib -O0 -fno-common provider_2.c provider_0.dylib -Wl,-install_name,@loader_path/provider_2.dylib -o provider_2.dylib"
SNF-073,3,8df78b859376b7495af60469d3b7186af5deb266d74bafa0c8b3e04c2f319aeb,71f12aabaea590d4704480251cf838e1f7859592c3bb5aff2bd5c32b53181f63,7B78510E-E412-45CF-8A6F-20A205173498,[0],"/usr/bin/clang -dynamiclib -O0 -fno-common provider_3.c provider_0.dylib -Wl,-install_name,@loader_path/provider_3.dylib -o provider_3.dylib"
SNF-073,4,73299247f936e7080757da53283db4b26f0257e3d9fc4a82b3e20c19b0e43bc1,1096c4f16c1c5ec6a938b900ebac123d85c493c880d1ee0258d3fd5a3f3befb8,914392C4-D4E6-47D6-BFA6-EE15AEBDBD88,[],"/usr/bin/clang -dynamiclib -O0 -fno-common provider_4.c -Wl,-install_name,@loader_path/provider_4.dylib -o provider_4.dylib"
SNF-073,5,05a88e8004d20f2605f60ac2a9531e2bc249310dd0e1683bc7e1354637c3988d,4d5ec373654b2097f5d961f6b6575c68a68e8ab1cf71a02833a87b6afc039f15,364C03E8-494F-431F-8C05-3ED859F17DC0,[],"/usr/bin/clang -dynamiclib -O0 -fno-common provider_5.c -Wl,-install_name,@loader_path/provider_5.dylib -o provider_5.dylib"
SNF-073,6,4a8a7553f9449d337917fe3e12aa66f24f7041f4ed12946816af5dd0ed22627a,12d4464f71498d59fe9070a6797295b7763a00415e9726460b8a2b0c176ebe3a,75426544-896C-413F-B4B7-CF4A43479B24,"[3,5]","/usr/bin/clang -dynamiclib -O0 -fno-common provider_6.c provider_3.dylib provider_5.dylib -Wl,-install_name,@loader_path/provider_6.dylib -o provider_6.dylib"
SNF-073,7,f54b7251b92723a626f069ec3e9a1a6b25293a49b5b94085afd2758537d69eff,dbc0fc6588ce6e8cb02c681284c56b5979852d9e6b912fc3ffd12abfb00b4ebf,0E26CC4F-A5AC-4D7E-B29D-CFACC0CCCE66,"[1,6]","/usr/bin/clang -dynamiclib -O0 -fno-common provider_7.c provider_1.dylib provider_6.dylib -Wl,-install_name,@loader_path/provider_7.dylib -o provider_7.dylib"
SNF-074,0,e7d1812cb55a019930c62e9fe6b97060b9045d9df53c7e1ef0c9d856e76e3c95,30ee2dbfd5988743537e9b9f5ab6c15865e78f594385dbb5a2130633d2f61e0b,7C765FDD-7686-4FEA-95D3-3763FBCC384B,[],"/usr/bin/clang -dynamiclib -O0 -fno-common provider_0.c -Wl,-install_name,@loader_path/provider_0.dylib -o provider_0.dylib"
SNF-074,1,39e79b0ea2603e1ff6a8d2a8afe7983490fa9545f398b1f7aef02febf4cbbff2,f1fb21c2b1496a1cdfb6db3f04e46e37bf48ef7092f42502bad8b55af46f5e5f,5E392256-9E43-4B21-95F9-5A53AF9E3AA0,[0],"/usr/bin/clang -dynamiclib -O0 -fno-common provider_1.c provider_0.dylib -Wl,-install_name,@loader_path/provider_1.dylib -o provider_1.dylib"
SNF-074,2,b256799d960e73c9c2f5252f58dc97389687ccd17f33edc9bdabccbde5d5fcfb,4fd5e9861f80979fc3a4e981b9ef3f7ca0235973fe375097286119b6b5fbc208,DD647C1D-8F98-4792-B259-19C08F25198B,[],"/usr/bin/clang -dynamiclib -O0 -fno-common provider_2.c -Wl,-install_name,@loader_path/provider_2.dylib -o provider_2.dylib"
SNF-074,3,468816ca05cc41417848bc7d82b211b5271e1c7a38905973bc496831237bf060,6b56f6b62b46369131a6300811df7ef0c93d7b6f31e3c2ed04c7473a152b3e2f,C6228770-D901-4923-9B6C-8912AA8BFEB9,"[1,2]","/usr/bin/clang -dynamiclib -O0 -fno-common provider_3.c provider_1.dylib provider_2.dylib -Wl,-install_name,@loader_path/provider_3.dylib -o provider_3.dylib"
SNF-074,4,412709c7feb2c41f73c736b78897694005db57bc9cf4645b9c8f0899f3d622f2,78ab5d2d010b4c77a4930d5bbed1e1b3bbd9292ab9340cf5495235f754e65bdd,2FA8012C-4D8B-4796-8C92-78CB0C5F5405,[2],"/usr/bin/clang -dynamiclib -O0 -fno-common provider_4.c provider_2.dylib -Wl,-install_name,@loader_path/provider_4.dylib -o provider_4.dylib"
SNF-074,5,fc95d4f9be7b0263440a138b5222afee824ddaf1d41288a53a75b38feba558a7,33e58309c88a0d2d6bf01c6452e42582303e180aa7a7b9c410ca7734998e09ec,FA149B0E-1690-4172-8053-7771C890ECE6,[2],"/usr/bin/clang -dynamiclib -O0 -fno-common provider_5.c provider_2.dylib -Wl,-install_name,@loader_path/provider_5.dylib -o provider_5.dylib"
SNF-074,6,8995baabd94350171d903a454d959c2ed83cf74a245295227cc3687a5517978b,8599ea5a34d7af3d71ba0c9a7a17a137448638bd905544339ff7709249becc8d,556EC561-1B06-468B-A772-D431E8B02470,"[1,3]","/usr/bin/clang -dynamiclib -O0 -fno-common provider_6.c provider_1.dylib provider_3.dylib -Wl,-install_name,@loader_path/provider_6.dylib -o provider_6.dylib"
SNF-074,7,a4e163666353f361492844db4726b3e7cc62158947aada0ecd2d1f594bd0ae00,72c8a5e1379dedf057a1e3ba3839ad10879445bb7830269c0ce087e41cf3c5af,88323D0F-359C-490E-BDAD-144096B07E9D,[3],"/usr/bin/clang -dynamiclib -O0 -fno-common provider_7.c provider_3.dylib -Wl,-install_name,@loader_path/provider_7.dylib -o provider_7.dylib"
SNF-075,0,cae54a0c7d97038da0aad5673ad788958252cef1dc706ff62df127cdfcf6638b,79569e6d81465ba48cb1ab34f062815be581cbf2caed18975332c4999d381716,40C0178D-5C8C-446D-857C-4AA4911C1F83,[],"/usr/bin/clang -dynamiclib -O0 -fno-common provider_0.c -Wl,-install_name,@loader_path/provider_0.dylib -o provider_0.dylib"
SNF-075,1,5e4391d9f405733aa57b2005e5fb9b0966b16af3e307818e1c09572d401196b9,e316089918e61fbc6490b8ab6d20fc8fdd9e7ffb01341dfeb49f2b8ed114a5d6,29AE7CB8-1927-465D-9787-160C9DB2DCE5,[0],"/usr/bin/clang -dynamiclib -O0 -fno-common provider_1.c provider_0.dylib -Wl,-install_name,@loader_path/provider_1.dylib -o provider_1.dylib"
SNF-075,2,f71fc3a1caed01842e174baeabf16246304a940182276b261ab9ebd21408ca4b,5459a8b6efa8cd5c3040a0e7b813e2e97b498f63aa24c269057e17fbde7745ca,1BAD4E10-5C02-4207-97BF-8A87CB58C3E1,[0],"/usr/bin/clang -dynamiclib -O0 -fno-common provider_2.c provider_0.dylib -Wl,-install_name,@loader_path/provider_2.dylib -o provider_2.dylib"
SNF-075,3,404c854c6ded32dd68186c17f0954d34287a9ad342c4d7040233d7e5e99b8d22,4ec66773e8c1efd560d33b774161951e377ed92d4cb84a993f6e179eb50382e2,DDC1EAE6-4798-4611-8BDE-748E6ABA524A,"[0,1]","/usr/bin/clang -dynamiclib -O0 -fno-common provider_3.c provider_0.dylib provider_1.dylib -Wl,-install_name,@loader_path/provider_3.dylib -o provider_3.dylib"
SNF-075,4,13b6a9f35c30b5bfe395e1858b30bc239cb73660788ede185b8999ce1f8ef9dd,b9831d2d07fa6d9c1807e12627762b37904c8bc8a79e03691540230dadbfe84b,F16B210D-01D7-4D51-B49F-2EEEA307B8B5,[1],"/usr/bin/clang -dynamiclib -O0 -fno-common provider_4.c provider_1.dylib -Wl,-install_name,@loader_path/provider_4.dylib -o provider_4.dylib"
SNF-075,5,891ac5a6ed36fd5afbaecb9273a3839e23c5f9b1f744205983dacb41caec8c9d,922ddfd2819521c3be2bea8079bdce1e3c83ee8433621f0f6f9c60f0d6771821,D62A8D65-5C8A-49D6-8374-E705FCC1BC41,[1],"/usr/bin/clang -dynamiclib -O0 -fno-common provider_5.c provider_1.dylib -Wl,-install_name,@loader_path/provider_5.dylib -o provider_5.dylib"
SNF-075,6,051979c108d2072216fa6cc6cd3cf51f4425fe4839ce0279c1aa1ecc30d6dc45,83baa53cea95c6590c986dc8e0d32ede8eb1c2a9910c034c56d8b5688eb3e7bb,C669EE3D-E453-4526-8EA5-226F9A4F2060,[1],"/usr/bin/clang -dynamiclib -O0 -fno-common provider_6.c provider_1.dylib -Wl,-install_name,@loader_path/provider_6.dylib -o provider_6.dylib"
SNF-075,7,262960b3d2ca02482ae0a4a5ee7212ad315cf84279112e708d6ba41757520552,a63fd9e2004f20d8e021cc50e9a6f3720dde4df68c861b428f66da6cbe98ce6f,B219C4DF-6516-4755-B556-B594AA2BEA21,"[1,5]","/usr/bin/clang -dynamiclib -O0 -fno-common provider_7.c provider_1.dylib provider_5.dylib -Wl,-install_name,@loader_path/provider_7.dylib -o provider_7.dylib"
SNF-076,0,fdd485e18ad061f06efb532dca3a7e211fdb559abde65724f6300e4dfc83b7b0,2e92d2bd88aa846e2c62c199463a52bd8868995fe10465a034478a7a5ece75be,94CC1930-EA51-44A4-9989-9D59C5B1F770,[],"/usr/bin/clang -dynamiclib -O0 -fno-common provider_0.c -Wl,-install_name,@loader_path/provider_0.dylib -o provider_0.dylib"
SNF-076,1,41a879038bb9f0ad03cbe085e2346972e113f42ca3221dd40f536322a5a557a6,e43dd1bf3dc9975c408fbe2c95912b4d1857838335461ae5d89e5045de304dde,7A242D36-80AD-4DB1-91A9-1D411CAE40F5,[0],"/usr/bin/clang -dynamiclib -O0 -fno-common provider_1.c provider_0.dylib -Wl,-install_name,@loader_path/provider_1.dylib -o provider_1.dylib"
SNF-076,2,b2caa51226e26af7834b4b0165af61d0ce3fb3740ec865c3a582953a04b8ffe7,b9cd7c772e32b0b33d8c156fab3a2bbf434c5654980ddddd78640c3496dab8a8,B4D91CB9-3184-4168-A911-98F66A4F571A,"[0,1]","/usr/bin/clang -dynamiclib -O0 -fno-common provider_2.c provider_0.dylib provider_1.dylib -Wl,-install_name,@loader_path/provider_2.dylib -o provider_2.dylib"
SNF-076,3,eea174dfc8cf185487e8ec406f88538198a8d16abd7d4dc904b0fca1e5b87413,3ee44e077c79a2cd36def023810493ad3f01e0b6450b5aacb08b97db5be5506d,09417D02-C59C-4E15-A3E3-FC9D183A94F2,[2],"/usr/bin/clang -dynamiclib -O0 -fno-common provider_3.c provider_2.dylib -Wl,-install_name,@loader_path/provider_3.dylib -o provider_3.dylib"
SNF-076,4,3968250f9a03d608238e7473d0ca6f3b9dc0e59bef50496e8ba13a4219607a1d,691eb6abd6c2f2db98cb04cd8e6773ea96e91d678f01cf41971f497c6101ad68,37161F2D-8963-4567-B6A0-98A5F83269C7,[0],"/usr/bin/clang -dynamiclib -O0 -fno-common provider_4.c provider_0.dylib -Wl,-install_name,@loader_path/provider_4.dylib -o provider_4.dylib"
SNF-076,5,776d095621892783c935e2e4afca5bc535588ec1962cd72b331197f9620eab5f,25398d2b90ff9eb86d37335fc8cf87180435dc84b8a8babc1fa867d292af09de,EBECC403-48BE-4D0D-A906-7F342D718E23,"[0,3]","/usr/bin/clang -dynamiclib -O0 -fno-common provider_5.c provider_0.dylib provider_3.dylib -Wl,-install_name,@loader_path/provider_5.dylib -o provider_5.dylib"
SNF-076,6,5f29ced11efe89347412755e75b1006a4a52e86ce6c297ed3a5a9cc48dadd809,e6fd21b1a7261a9549f1eba1641d3387eb9c3e902036ba3a5c157a69d0a259d0,0BDD6486-E055-4C20-9632-F712FC1F1DBA,[],"/usr/bin/clang -dynamiclib -O0 -fno-common provider_6.c -Wl,-install_name,@loader_path/provider_6.dylib -o provider_6.dylib"
SNF-076,7,289f37f4731ce487fce34cd6abc76d6ba697ba34d21aa8627b66a259bae05d02,db70afbff6732fbf1bae3a0bad4493b934e9fe802728e78f58a5eb1b1194bc23,CE2136A3-61D4-45FF-998C-E47EE4B2CF25,[3],"/usr/bin/clang -dynamiclib -O0 -fno-common provider_7.c provider_3.dylib -Wl,-install_name,@loader_path/provider_7.dylib -o provider_7.dylib"
SNF-077,0,822eb2a7315fd9dd9ce2a48fdd300ee475c054bb915d97fa2db5e95cc539cd3d,71c7f66d50fff1f7c06285bc6031b8a1fbcd2741bddbc4a1829b59e4745cd951,EE562D75-74F6-489B-B075-3026E72FDAF6,[],"/usr/bin/clang -dynamiclib -O0 -fno-common provider_0.c -Wl,-install_name,@loader_path/provider_0.dylib -o provider_0.dylib"
SNF-077,1,64f00676fb87723ff977d2fbedaab15989bba57b64cc24ab58453b0c4b792b79,23c1d81876ef9a8944c020cae4a4ce665a7e38f43fc2c5c52f1778d1daebc422,CB052B46-D776-4987-B7FB-B8FAF7747798,[0],"/usr/bin/clang -dynamiclib -O0 -fno-common provider_1.c provider_0.dylib -Wl,-install_name,@loader_path/provider_1.dylib -o provider_1.dylib"
SNF-077,2,ec363d788a9c2ee0ba5fe8babefe2f684b8e3243ec26dc7e5e115bafc3e5ffb2,393bcf171a40baf062fdbdb4163dff7d26080f607e552d7f1d6ce207ca6d12e0,D35C17B2-78BB-4533-8CC4-8320D62D3717,[1],"/usr/bin/clang -dynamiclib -O0 -fno-common provider_2.c provider_1.dylib -Wl,-install_name,@loader_path/provider_2.dylib -o provider_2.dylib"
SNF-077,3,b72449943b73d9760c9ac67e79c82d83e50c5ae90cebb998759ac230963a5de6,c4414d0f5631c2579dd603c745c6e4fc980d5dfda9a4f8f5a5c59ffcf46c75bb,A39DF3D7-ECC5-412E-9F10-1D2F899EC886,[0],"/usr/bin/clang -dynamiclib -O0 -fno-common provider_3.c provider_0.dylib -Wl,-install_name,@loader_path/provider_3.dylib -o provider_3.dylib"
SNF-077,4,586c0e1e35e7661cb62e8f42ec14bac24bb9e9df1784b543a50abe13c407b1dc,c0d7dd059eb027ec48a02d0f0045dcbd909ebc7b2fa401cf1934345541aec87a,0F100D22-6D58-44BB-BCFB-4467C1D51C7F,[3],"/usr/bin/clang -dynamiclib -O0 -fno-common provider_4.c provider_3.dylib -Wl,-install_name,@loader_path/provider_4.dylib -o provider_4.dylib"
SNF-077,5,16d3bad9ce8f83f9a2320325d992181ef4601ba2b77569216305383837a6e4b6,f0d499b82d90766a7e098b43d40faf72d1d8656ce9e0415e9c4a61e3751fec6d,C89EBD4E-4EEB-4589-B14D-29CFDE75B80B,"[2,3]","/usr/bin/clang -dynamiclib -O0 -fno-common provider_5.c provider_2.dylib provider_3.dylib -Wl,-install_name,@loader_path/provider_5.dylib -o provider_5.dylib"
SNF-077,6,b9b483f453e39e193de0e85f9ebbe26fb43556b36296f506a6e108245456d103,22f5d0567c274777e8b621033cf1671c5645d8652a26bd102ff10e2b88c7b9cf,649EEFE8-AB51-44F2-B5C7-8D4054FA3B0B,[1],"/usr/bin/clang -dynamiclib -O0 -fno-common provider_6.c provider_1.dylib -Wl,-install_name,@loader_path/provider_6.dylib -o provider_6.dylib"
SNF-077,7,ed7d3b3a4c6528ae3566acf4f6368ec1789128c05782a4032a9155865d690972,05596157893313397a628b4e933ab35d4f0854a7ceee0a2fc9af7d9e4294deb1,E8768F31-B06C-4504-98A6-97B29BFBE8C0,[2],"/usr/bin/clang -dynamiclib -O0 -fno-common provider_7.c provider_2.dylib -Wl,-install_name,@loader_path/provider_7.dylib -o provider_7.dylib"
SNF-078,0,8de4709fdf27591234b56b3ca81669ba3df92114bffe65814a2de10f20874e51,e52fd2867cdc7217e73ff89f8acff1f40fcfc41b077ac20d64b76c81cb3ff221,C1447641-0CF1-4D03-A35A-AD032B2A3BE0,[],"/usr/bin/clang -dynamiclib -O0 -fno-common provider_0.c -Wl,-install_name,@loader_path/provider_0.dylib -o provider_0.dylib"
SNF-078,1,f160cc50661609384b0a5877f87fc258db402d12095342c3fa0d5c58e5f288d2,0747e1ccbdac7b2c5dce00b4a35beec1def86dc69624c3e969a05d2803cbc552,E0D7F7AF-5D5F-4C1C-91E4-D167F1958D0C,[],"/usr/bin/clang -dynamiclib -O0 -fno-common provider_1.c -Wl,-install_name,@loader_path/provider_1.dylib -o provider_1.dylib"
SNF-078,2,e86d81748b7174da33fd12bd68bd78e90e576ea48026dd9c1fcd75eca7a67166,cbc077f3f8432f0fc5a80320b817427d9ded33e3f86e4ab512c5dea4885530c4,62A528F2-8E6B-40DA-9E4B-DFBBE8208B31,[0],"/usr/bin/clang -dynamiclib -O0 -fno-common provider_2.c provider_0.dylib -Wl,-install_name,@loader_path/provider_2.dylib -o provider_2.dylib"
SNF-078,3,01916c8556525055befe1362ec5304797e6737ef260e5cd461bfa4e62e4cf9ee,ac957f9dad71f39458fa83c826492c82e2b5da1f7ac0f8a44d2560827ecd3210,0E1F1037-CAF8-470F-AD73-9D94EAD6998F,"[0,2]","/usr/bin/clang -dynamiclib -O0 -fno-common provider_3.c provider_0.dylib provider_2.dylib -Wl,-install_name,@loader_path/provider_3.dylib -o provider_3.dylib"
SNF-078,4,97ba3b5a18538eaab5141bea87813ae07a9223022c1f7a0bb5b198f6198d4c35,f530e6e2b9199debbe3f286f87b2def2ffbee6f344df058f411b93fa02c18c46,92A78AC0-8E2D-449D-8A90-584779E3FBCC,[1],"/usr/bin/clang -dynamiclib -O0 -fno-common provider_4.c provider_1.dylib -Wl,-install_name,@loader_path/provider_4.dylib -o provider_4.dylib"
SNF-078,5,27b83c63076bbb8f4dbb8de18251ae2a6192f4904d7685d287b66b28475adc7a,c9584e1927a4461549dbc7c31f2ec1629178ffa2e8bb6f67cf46fec482e089c5,9EF01F1A-AE17-49EA-983E-58AAF2A293A8,"[0,1]","/usr/bin/clang -dynamiclib -O0 -fno-common provider_5.c provider_0.dylib provider_1.dylib -Wl,-install_name,@loader_path/provider_5.dylib -o provider_5.dylib"
SNF-078,6,47bd68056fd909018512abb2d4097158ca704f68f8543d599a4610abf9025ce8,2f22a0ea17b9eba19a352857c2cbf35b17f5c3cc322879323f6a253d6d7ba82a,770DBEBE-CF00-446E-8589-A2C55269A805,"[2,4]","/usr/bin/clang -dynamiclib -O0 -fno-common provider_6.c provider_2.dylib provider_4.dylib -Wl,-install_name,@loader_path/provider_6.dylib -o provider_6.dylib"
SNF-078,7,cd984b9dea8594820d84e40e944a39c7b48f2d60414eb085ae167ec0e2d33ab1,b2e12667b2ef54354dbd3f506abe1710c7e04821cfcae2c91609638923c896b2,84AF457F-D93B-4819-828F-7F5C3D4CDEAE,"[2,5]","/usr/bin/clang -dynamiclib -O0 -fno-common provider_7.c provider_2.dylib provider_5.dylib -Wl,-install_name,@loader_path/provider_7.dylib -o provider_7.dylib"
SNF-079,0,facabbc9f2f0f998772bd106a0a1e9e62b2ee930705c08f94b796ea8d560932a,e965fe38e211102a976848038a61fb57b8f72567286f21b481521ad8a395235e,977FD199-E420-4707-AF96-269ADC6BA79B,[],"/usr/bin/clang -dynamiclib -O0 -fno-common provider_0.c -Wl,-install_name,@loader_path/provider_0.dylib -o provider_0.dylib"
SNF-079,1,62ea2d5fc45bf11a0ff0845a05377d76a9f8c0b2239514aa277f6ecaa2edbe43,619b67adf241db7e4a13339681f9efa5a95cb7232c195dba8716b0b251ee0fb0,4E479F47-1CEA-4C65-8941-FA430D7A4DED,[0],"/usr/bin/clang -dynamiclib -O0 -fno-common provider_1.c provider_0.dylib -Wl,-install_name,@loader_path/provider_1.dylib -o provider_1.dylib"
SNF-079,2,35bb45783657b1ab7c5ab9b049dbca5ba57a47b24bfedb2d41cdd9469b29e472,7407a7b8b9d6f4b4999923912194cc3a04b3c8b7928a138aaf82fdfe0cc15a06,7FB2176F-43A9-49A5-987A-249EF2082185,[1],"/usr/bin/clang -dynamiclib -O0 -fno-common provider_2.c provider_1.dylib -Wl,-install_name,@loader_path/provider_2.dylib -o provider_2.dylib"
SNF-079,3,42d8f6e4869063ebacdfb52710095f4fe627983fa253c42390c2c33a7ee65b29,120a8528d78f96249c60597bbdec7ba51aed2ee0e26c6d6caef8845f70e47769,10D5F0A2-1EDE-4AAF-8A46-B832FC5A4BC9,[2],"/usr/bin/clang -dynamiclib -O0 -fno-common provider_3.c provider_2.dylib -Wl,-install_name,@loader_path/provider_3.dylib -o provider_3.dylib"
SNF-079,4,26d06c60935ad8535b12f215195229f06574a59fb4c013bac2c4c51dd3c24d5a,238c24603f14b8eb644399b402063b87fdf1cc11e327e3c579223e191da5101a,0D3F7644-1BDF-43BB-A478-B98D952EB1B3,"[0,1]","/usr/bin/clang -dynamiclib -O0 -fno-common provider_4.c provider_0.dylib provider_1.dylib -Wl,-install_name,@loader_path/provider_4.dylib -o provider_4.dylib"
SNF-079,5,448ef2bd5a68e63b616566b8faeaefa1ea36c5f0067dbd89bf27b2a5c8c6a271,5b100635384bc21c0ab5013e7027642b26b5ac0d5229ae1f3525ac8bfc27dc9c,753EB144-6A76-4F43-B471-E915C57845CA,"[0,2]","/usr/bin/clang -dynamiclib -O0 -fno-common provider_5.c provider_0.dylib provider_2.dylib -Wl,-install_name,@loader_path/provider_5.dylib -o provider_5.dylib"
SNF-079,6,f04c719a87978f6dc60957621704e3eb7ced95d4d12e862ea22e6198326113bf,d97b480bbed96f0032a2e3d13baa801080ac2b8299dab06df9dbcde188f17db7,CDF7B9F6-F3C9-4601-A368-FF3FDF47DE5C,[2],"/usr/bin/clang -dynamiclib -O0 -fno-common provider_6.c provider_2.dylib -Wl,-install_name,@loader_path/provider_6.dylib -o provider_6.dylib"
SNF-079,7,6ac7e6bc21725ca0b99ada260e4081628f3187e33b272621fb6e6499361f223e,3011a98e4d741be0121d45b1e391f305835e45bf270dcc17a4dff63957d03823,7881843C-56EE-48A5-AACA-D6983F0D164C,[],"/usr/bin/clang -dynamiclib -O0 -fno-common provider_7.c -Wl,-install_name,@loader_path/provider_7.dylib -o provider_7.dylib"
SNF-080,0,ed5311571c25cc665c7deaa8d8850e51f2068e96b348b3a35dc62582fce39306,3adfba2a040c61ebc16382e07c892e08eb539b2e9dfc30d4e56239b4a1cad3f6,935D40D9-F69D-444B-B1AE-8A11E09CD980,[],"/usr/bin/clang -dynamiclib -O0 -fno-common provider_0.c -Wl,-install_name,@loader_path/provider_0.dylib -o provider_0.dylib"
SNF-080,1,8e9bbe892f24aa392627c8b2379d7a023b0aa5cf34c889070d7c80a199223830,498f74e933706b70759e1ed4ba9d04f67b478e288e9b906c3c95007d4806a722,FAF7B665-0D5E-4601-A65E-79DF6F874379,[0],"/usr/bin/clang -dynamiclib -O0 -fno-common provider_1.c provider_0.dylib -Wl,-install_name,@loader_path/provider_1.dylib -o provider_1.dylib"
SNF-080,2,5ee2b96fc535d2b8227acd37b4157e18d1c795137f8d803555cbb8e154d47daf,d4bc021788f5226842943801816865e495f4ac86ed993155ee6de0bf6324a8e7,48635AD2-C381-4D64-8444-C4DE38793DD2,"[0,1]","/usr/bin/clang -dynamiclib -O0 -fno-common provider_2.c provider_0.dylib provider_1.dylib -Wl,-install_name,@loader_path/provider_2.dylib -o provider_2.dylib"
SNF-080,3,a9842f4db8f31af28670d5c61baaf92274705abe5a84e7ef4de7600e5a0019f5,5cdebcd72b1036da67e76dd7ce061c2601e007a4a38d49f45271b270830fdc61,D5C7950D-41E7-4A45-B7E3-175E69B9CE39,"[0,1]","/usr/bin/clang -dynamiclib -O0 -fno-common provider_3.c provider_0.dylib provider_1.dylib -Wl,-install_name,@loader_path/provider_3.dylib -o provider_3.dylib"
SNF-080,4,68acf5555c829f408eb16ade3fa50dfcfb7b89c066f1ad2444742a30bd7d959a,2918ca40e46803b6aba999dc22dbc6f11fc7812f7e3cdf74cc16df882a6d5805,FD02E815-44D6-4C11-839E-6CB1CD9A6399,[2],"/usr/bin/clang -dynamiclib -O0 -fno-common provider_4.c provider_2.dylib -Wl,-install_name,@loader_path/provider_4.dylib -o provider_4.dylib"
SNF-080,5,1b3d6815df6afc00ae23a057918e03285d88103769ab1b2a06d9cf78d30cfc84,1423d3bef7da72e1891740132a1ca6125d6b65e33473f49f45d03f7d08543aac,610B8895-CDE7-46EF-8069-ACA6F9388505,[4],"/usr/bin/clang -dynamiclib -O0 -fno-common provider_5.c provider_4.dylib -Wl,-install_name,@loader_path/provider_5.dylib -o provider_5.dylib"
SNF-080,6,7817a1c31dd649b6ae0e3f27100350069c734754938dc08ac7df0ce6d7452359,c03646d9cd74bb3af041b3c79e89cc6c0c3eb7f534fbae906e7fac0783285d92,3FAA3898-BEFC-4605-A87B-2AE5211EDE4C,[2],"/usr/bin/clang -dynamiclib -O0 -fno-common provider_6.c provider_2.dylib -Wl,-install_name,@loader_path/provider_6.dylib -o provider_6.dylib"
SNF-080,7,f30cdae92368437c608fc0ecf9433c15910b263af769357a2ce6bc5513f72ea5,ff3663a41bdb90ff43c8f07cf43651542091fd879f911bb9c06fabbbf5e4b2d9,5EDAEFD0-418D-423B-89DF-DC91C7EE7D80,"[0,4]","/usr/bin/clang -dynamiclib -O0 -fno-common provider_7.c provider_0.dylib provider_4.dylib -Wl,-install_name,@loader_path/provider_7.dylib -o provider_7.dylib"
SNF-081,0,e81e116685e699f0a24e1da1c9c9925809d2d76f86b589281281e7db8d5aacdf,10c371503915485aaeebbdc84268162f3f4da83d524f29d8e378636a0b37b085,96EC2064-484F-4656-91BB-FA78E37C6833,[],"/usr/bin/clang -dynamiclib -O0 -fno-common provider_0.c -Wl,-install_name,@loader_path/provider_0.dylib -o provider_0.dylib"
SNF-081,1,fb95739f32fa8100d8c161551ee29d024c383c0d3eb316c1d02889c0a12d199b,789c46c2e2bec4b286b7418573668e0c2b82ec4c81aff679e6791556e60224ea,B590A354-5853-4B13-8D20-6DC7273FB8F1,[0],"/usr/bin/clang -dynamiclib -O0 -fno-common provider_1.c provider_0.dylib -Wl,-install_name,@loader_path/provider_1.dylib -o provider_1.dylib"
SNF-081,2,cf102f1d181f4a7e2b9b228c65c0178189442bd35090e07cab67463353c9d728,15c37d69cc00045ffd9d14d16033cb188903f7ac655186749ce094691c46e5c7,2AF94F7C-1772-4F6C-94AE-4BC1FFD30BE8,[0],"/usr/bin/clang -dynamiclib -O0 -fno-common provider_2.c provider_0.dylib -Wl,-install_name,@loader_path/provider_2.dylib -o provider_2.dylib"
SNF-081,3,c1ba1bdb65d1770afd26fedf313cd107ee4fa2ce71e11c2f6b1791b148ccfd08,dbce7c5b34f96cde262281b011b5e72888281c23597960f8812cac527bebaa66,A628F3AD-AF7B-4388-ABC9-6D3E22468F4A,"[0,2]","/usr/bin/clang -dynamiclib -O0 -fno-common provider_3.c provider_0.dylib provider_2.dylib -Wl,-install_name,@loader_path/provider_3.dylib -o provider_3.dylib"
SNF-081,4,9315753eb7b614a2ca72fecb0cebbc58bb7c42f0bbeef0d4473b6363d8f4fd6d,37996ecc0c73fb36de52112fa2a50dbe7ae133a47d11038bf7bcb59c4265c45f,7792B1CF-56CA-4800-AE42-2F40184FC824,"[0,2]","/usr/bin/clang -dynamiclib -O0 -fno-common provider_4.c provider_0.dylib provider_2.dylib -Wl,-install_name,@loader_path/provider_4.dylib -o provider_4.dylib"
SNF-081,5,5dc9f19fd7986498ce78cbaffc9788688f1eeb691ea8e5d89d61dd384ccb14f5,ca210135a74c6d544ba517c8ff63d3fe096a26af65ec520dd05a3e15e96e0057,0C1D2C08-EC3E-477E-83B4-1490E53339BE,[4],"/usr/bin/clang -dynamiclib -O0 -fno-common provider_5.c provider_4.dylib -Wl,-install_name,@loader_path/provider_5.dylib -o provider_5.dylib"
SNF-081,6,cc08dfd0ac913aa9de26d90b8506a57a9c49aeeec7b215475e2c4fb2a199cd03,45c7595067ab4baf4a81de6598730968732ce52858e750e7f82fac6a42a36519,E1D1D255-6F54-4C05-BFAF-26A87AB166CD,[2],"/usr/bin/clang -dynamiclib -O0 -fno-common provider_6.c provider_2.dylib -Wl,-install_name,@loader_path/provider_6.dylib -o provider_6.dylib"
SNF-081,7,52450241233d22fee74971975c65482b0eb93621320b7df10f06bd3c621ddea7,358d2850fdc38a6dab7b0bd092fff8ca87f0cbd9360c42d01a8e0c2ebdb01a38,FB5E536D-53B9-4F5E-8049-C55BF3EF8054,[6],"/usr/bin/clang -dynamiclib -O0 -fno-common provider_7.c provider_6.dylib -Wl,-install_name,@loader_path/provider_7.dylib -o provider_7.dylib"
SNF-082,0,3dde515b4d6e9284d9f2f5fce6a3901cda52120f9975c03845c11bd8f47167f4,d9f077a6ccb17c25a90d2a5eda97144f6c11809566e5cf442601e7cbd0219172,17E4DE10-E030-4CE6-8337-D907B4F981BB,[],"/usr/bin/clang -dynamiclib -O0 -fno-common provider_0.c -Wl,-install_name,@loader_path/provider_0.dylib -o provider_0.dylib"
SNF-082,1,f93a35bce2f510f73ab2a8fe39f45edc3596dfb4b050eda9792ed92e8166b122,621e14d90942f9df40de9492e6d9e36567a9d75c51e1177497ae80a9bf3669b9,D0D3012A-4386-47B1-B07D-290AD48ADDAA,[0],"/usr/bin/clang -dynamiclib -O0 -fno-common provider_1.c provider_0.dylib -Wl,-install_name,@loader_path/provider_1.dylib -o provider_1.dylib"
SNF-082,2,16796c83e703002128768fb463f12b6fedd06f8ab943f99afab93777813d8215,f048248f5b16863d6015fd3b9a1ba88e60d7f55b4d37d992353a47d5c122c7eb,F993A293-07FB-4659-86DE-0625D4A6ADC3,"[0,1]","/usr/bin/clang -dynamiclib -O0 -fno-common provider_2.c provider_0.dylib provider_1.dylib -Wl,-install_name,@loader_path/provider_2.dylib -o provider_2.dylib"
SNF-082,3,63142135a99b0e7fcf500e94389b59f758c530040e5a01b3727ac10207df6b71,afaaa88f362c95f516bcaebb8469746d5ed468bd734c6f9d44f18c1fe17c410f,6E121F50-8C3F-414A-B583-781434673976,[1],"/usr/bin/clang -dynamiclib -O0 -fno-common provider_3.c provider_1.dylib -Wl,-install_name,@loader_path/provider_3.dylib -o provider_3.dylib"
SNF-082,4,7ca65e0839bee5208aa01b9a59d08ba2c408ed60f89c06a03bb387a1c909cf18,4ff07229fb7027be238b0bdab3a152884d2d673737a39d745cfd00d839126c9e,4A8C0F62-CE05-42E0-AA8A-2F90F671BB97,[3],"/usr/bin/clang -dynamiclib -O0 -fno-common provider_4.c provider_3.dylib -Wl,-install_name,@loader_path/provider_4.dylib -o provider_4.dylib"
SNF-082,5,94948daa2e28d96d20290b4219a04c9744a688a27aa950969d0dc16b1fb4105d,a6edea5e583bd3aaa0cbe02bce51bc71ff21cb404500f737c75ef224b212f3a9,80DA3B84-4DB4-4918-93EF-F0D8F557BA0D,[],"/usr/bin/clang -dynamiclib -O0 -fno-common provider_5.c -Wl,-install_name,@loader_path/provider_5.dylib -o provider_5.dylib"
SNF-082,6,ce4f4d62014156f288f2f13fecda996f81df7096de8955eb998c1823b16e02c5,c302d4c21d3e7e6d10a8a6b0d224ab8e7896378c81ae44076f5606868c736950,0B517CE2-B942-4827-978A-BF5D1FA6DB2E,[],"/usr/bin/clang -dynamiclib -O0 -fno-common provider_6.c -Wl,-install_name,@loader_path/provider_6.dylib -o provider_6.dylib"
SNF-082,7,6ed35dfb08e35623914816d2804fd80e4fd1486fd3cdd1f1b4f5ed188e912042,1a9b94d1b64586ff74a45e4a5c136f533376b253cb8af59e5cc1494ecb9f647d,3DE0D550-E039-4873-BE7E-3D3B52AD143A,"[4,5]","/usr/bin/clang -dynamiclib -O0 -fno-common provider_7.c provider_4.dylib provider_5.dylib -Wl,-install_name,@loader_path/provider_7.dylib -o provider_7.dylib"
SNF-083,0,b9294edce3f2d5759b3ffaaa99432f4402e5b73e62edaec1b2371a7f664e055a,2231dc824031620dfa946d11cb06c6fcdf7c6af1e2dae6cb524855cf218494f5,AF63DACB-5E60-406D-97EB-84CE618AE524,[],"/usr/bin/clang -dynamiclib -O0 -fno-common provider_0.c -Wl,-install_name,@loader_path/provider_0.dylib -o provider_0.dylib"
SNF-083,1,6d52efefb63bfc92543963d32c22126812eb58c62b794e02f961e628bec8241c,e09efc8554aa89179c0f7e7ea359e12ed760c45d64d852cf5a50f1e1f1b75377,1B162896-796C-486A-9227-3CAF07E0CAD3,[],"/usr/bin/clang -dynamiclib -O0 -fno-common provider_1.c -Wl,-install_name,@loader_path/provider_1.dylib -o provider_1.dylib"
SNF-083,2,4142ae686a7a4f9c71a6df7dad7cebccf921367948c383b3c7b9f3c1b8876013,c3eae2828c5b15ae240edf8ff55a3149d24405b6285ba3cdbc3104cd2a4910c3,A59CC629-B07B-4C54-9841-349F5AB49067,[1],"/usr/bin/clang -dynamiclib -O0 -fno-common provider_2.c provider_1.dylib -Wl,-install_name,@loader_path/provider_2.dylib -o provider_2.dylib"
SNF-083,3,f9b6c44f4ae65644f56d0c1e8982e6f2f971926c94e0b40f269352563de84c14,ee91912cc3879f4e7f00d6f7bb149d34a9194cfd84368a3e53c0a53b6fa3a4a3,A9F0FFE7-8B03-4194-845E-511287EC603B,[1],"/usr/bin/clang -dynamiclib -O0 -fno-common provider_3.c provider_1.dylib -Wl,-install_name,@loader_path/provider_3.dylib -o provider_3.dylib"
SNF-083,4,50a423a9de57a984a98c93c92a70b397f4f71792f886868216a2d8f91ccb5249,c66015c96b7c6e7ef56f65775aef22dfd1dad36fa70581bf9416064c6e76cf38,89F79D52-7CA6-4A30-BF3E-EA384FEE7B13,[3],"/usr/bin/clang -dynamiclib -O0 -fno-common provider_4.c provider_3.dylib -Wl,-install_name,@loader_path/provider_4.dylib -o provider_4.dylib"
SNF-083,5,f2928e25d1b7dbd29f0c4099c77d23e048452469b110786195b29ad5c1783108,be1d5f76bc80fe54e83777693aedc163b9e7f9a5f53824f4d420d5b117222038,F2FBD5FF-A5E2-4582-9E9D-9624EAA8127D,"[1,3]","/usr/bin/clang -dynamiclib -O0 -fno-common provider_5.c provider_1.dylib provider_3.dylib -Wl,-install_name,@loader_path/provider_5.dylib -o provider_5.dylib"
SNF-083,6,8e55710e10ad912a5273757db3a58fc0293d43b16a52ea076740877ceb01bb8c,a82f72ff277a866fa4f6852a43abbf6352eea3155cc81bc14f7a37ed1d82ae70,DEEED4FA-7B57-4931-969B-0A2BB97AE7A0,[0],"/usr/bin/clang -dynamiclib -O0 -fno-common provider_6.c provider_0.dylib -Wl,-install_name,@loader_path/provider_6.dylib -o provider_6.dylib"
SNF-083,7,dad81e982c9d39583e4132983e511b926f63a1dd5c7e60d06e034abe36ab9908,dbed318a13b7116ffdf5e23ad631400bea93c90ca2bfd0f426c6f7da9f41225e,29F35CD2-0445-4D69-93AA-E63226A885DA,[],"/usr/bin/clang -dynamiclib -O0 -fno-common provider_7.c -Wl,-install_name,@loader_path/provider_7.dylib -o provider_7.dylib"
SNF-084,0,1460edfe996bb2ebbd61a34519c6b55f283160ee4c22fdde21b9757aae86bac3,75449bc0539c4411be8999a339a8bf9780f30a25782bd8877809ea8f56ced289,65905664-5375-4973-9538-B7F05E957A55,[],"/usr/bin/clang -dynamiclib -O0 -fno-common provider_0.c -Wl,-install_name,@loader_path/provider_0.dylib -o provider_0.dylib"
SNF-084,1,335ac5ee4611706a11fb88129f2c1d41ceb937b436e65d9a5d45fd3773913ff4,3b3d035fec3533c6482da0a3a2821893da805789f2be656d6fed9ca06a6f453d,15669635-4DF9-45B3-A487-4179B3DB74D9,[0],"/usr/bin/clang -dynamiclib -O0 -fno-common provider_1.c provider_0.dylib -Wl,-install_name,@loader_path/provider_1.dylib -o provider_1.dylib"
SNF-084,2,183f497de84812f5e5e010e87b37dbbc4cf3eedd266340673eeee8d1e1649573,c2e420cd1533a502c42330144b17df7ce8bd00e34d1fb38e2df97dad3967b6d6,BB8A5970-BE2F-43E0-81F3-C5AE3B28EDBA,[1],"/usr/bin/clang -dynamiclib -O0 -fno-common provider_2.c provider_1.dylib -Wl,-install_name,@loader_path/provider_2.dylib -o provider_2.dylib"
SNF-084,3,e0ee16468dde47bec9b19834133082575e9bf1f6195ec5d9f71bb38853b325f2,9e288e4a823d141eb6fb112399654f4557020c226444c4fb1641881f3df6fbf7,1A965671-55FC-4F39-BBFE-029089DDB439,[0],"/usr/bin/clang -dynamiclib -O0 -fno-common provider_3.c provider_0.dylib -Wl,-install_name,@loader_path/provider_3.dylib -o provider_3.dylib"
SNF-084,4,fbb10a0cf21fc08947585a57967cfcacd841c7f876d0715431b7744fc4ec45fa,0e0f4e2308566f0f8678f24306e53457266bc684afe6cfea8b8a26ab506be6d0,2DA832EE-9A89-4A20-B9AF-1DAFFE18D8B7,[2],"/usr/bin/clang -dynamiclib -O0 -fno-common provider_4.c provider_2.dylib -Wl,-install_name,@loader_path/provider_4.dylib -o provider_4.dylib"
SNF-084,5,1c45bda7cc68a9e9a77914f97a7ac89c7c116d69a268c04d34ccf8d36f99157a,45172d08d33a5d7ab4af6e4d36d3c4d92458b6767fe7a169e480d77a4208d514,1BA0F479-2F79-4EB4-9374-30F8E1544706,[],"/usr/bin/clang -dynamiclib -O0 -fno-common provider_5.c -Wl,-install_name,@loader_path/provider_5.dylib -o provider_5.dylib"
SNF-084,6,5c46cde73fd1e6001ee4a82fbb52e45955901b2ca3a63a1a9a4e1d86722ea265,a2898eca526c7d1973e92f9226a5447c495355314aa384aec086e2bb919c43f3,DDC5A53F-977A-4F1D-B1D8-94107D9C06DF,[],"/usr/bin/clang -dynamiclib -O0 -fno-common provider_6.c -Wl,-install_name,@loader_path/provider_6.dylib -o provider_6.dylib"
SNF-084,7,14a42252e5841335be827edf7637bfd58f71699e7f3ac6fadaa84f6ccada2f33,7119955677d1836d36d6acd42ec2d5045fd30a15a8a7ae38025fea6e6ffa31ca,54768861-7254-4DDF-B06E-5B6D10C01025,[6],"/usr/bin/clang -dynamiclib -O0 -fno-common provider_7.c provider_6.dylib -Wl,-install_name,@loader_path/provider_7.dylib -o provider_7.dylib"
SNF-085,0,df01eebfcec98ca6b13bad31e4b3288e8f42500d5a4d17e6f2bd3e56d9827a76,8f65437d732f3808600dce65a54e8d56c4158a0ece018645f5043519fcf72183,2A649E7D-D97F-400F-AC33-5EF3CB15126A,[],"/usr/bin/clang -dynamiclib -O0 -fno-common provider_0.c -Wl,-install_name,@loader_path/provider_0.dylib -o provider_0.dylib"
SNF-085,1,f4284063a20cc953320cac0a31bec4bbd12db2d32c4930e8bd3e70804abb1a88,57a3f2b92d583af293eaeb3c2fe5a21dc7aae692c39fee11084852aaaad45eb3,D4CD4D20-2890-4A26-9D93-6733B864AF73,[0],"/usr/bin/clang -dynamiclib -O0 -fno-common provider_1.c provider_0.dylib -Wl,-install_name,@loader_path/provider_1.dylib -o provider_1.dylib"
SNF-085,2,241cae29b08685ef56ad23b8bc68740222603ccfd3e3d25bd47f4911b325b808,d75ba62bd56a7f221fda8f2113276d1919c63332780c3bd41dc6d0dd8bacdc1b,20CAE171-9487-4535-84E9-683BC8940A2F,"[0,1]","/usr/bin/clang -dynamiclib -O0 -fno-common provider_2.c provider_0.dylib provider_1.dylib -Wl,-install_name,@loader_path/provider_2.dylib -o provider_2.dylib"
SNF-085,3,7b2ecb9465ba30c116c53120c1d17e010bb20155b80af8a27d171896c81122d8,48e765dfda6e6832599d05375e40e48b9b003246211d0516ece28f93fb33b2a9,E502805A-ADC4-43B9-89C8-CBD6042640DE,"[1,2]","/usr/bin/clang -dynamiclib -O0 -fno-common provider_3.c provider_1.dylib provider_2.dylib -Wl,-install_name,@loader_path/provider_3.dylib -o provider_3.dylib"
SNF-085,4,5da5ff86f83a643a80f8a73879a359f7d0bbd2ed3016cc62bbc7fd23d9ada6f9,ede5aa97d2ee5e1ca5835ade7f50278582e90afcbe5e349157fb78de12b0418d,87016A58-02D8-44FE-9F05-188EA934655F,[2],"/usr/bin/clang -dynamiclib -O0 -fno-common provider_4.c provider_2.dylib -Wl,-install_name,@loader_path/provider_4.dylib -o provider_4.dylib"
SNF-085,5,57ae27cc8982071716dccc24fc1b155a6c78de9ba0ef7aa050525fee5e4a4c10,dbf89c58ce4ec68402aa60dc44ac6436bd2bbdfaa8b6e46d616e40e1922bd429,95F1A63B-DF27-4281-995E-8570222FD4A5,"[2,3]","/usr/bin/clang -dynamiclib -O0 -fno-common provider_5.c provider_2.dylib provider_3.dylib -Wl,-install_name,@loader_path/provider_5.dylib -o provider_5.dylib"
SNF-085,6,d46148eb5ce53a363cbbaf9cccbe0c9458bb1d99e54a1cdf39d66f18324d8673,982b2135f624f7d3ba06d777eb89c7c433cfcf1ac4c8c068748b621c1513d4a2,2741A25D-CCAD-4975-849F-CAA39EAE7AFB,[4],"/usr/bin/clang -dynamiclib -O0 -fno-common provider_6.c provider_4.dylib -Wl,-install_name,@loader_path/provider_6.dylib -o provider_6.dylib"
SNF-085,7,11cc10627535206a4306772e593e80e87d0560b773740d20ad50631fa4892f4d,97a922c120875ff6dcf8c64a1f79b3ddd0e8d200e837496f1a3b8dac356c94e9,56175DE7-EDA3-4549-B17D-E75CDEFFCB2C,[0],"/usr/bin/clang -dynamiclib -O0 -fno-common provider_7.c provider_0.dylib -Wl,-install_name,@loader_path/provider_7.dylib -o provider_7.dylib"
SNF-086,0,6e74bd8367de59cfef1d4eb89d5b712ea5a1c3cb1e157bacf5b2335268ca467b,dcfb2bc751cc5d8bb6cc3e1bb4f49976b16341a0ebefd97b6d5198353604268b,2932E5A1-2FAC-47CA-B0E3-54A2B6B91EBE,[],"/usr/bin/clang -dynamiclib -O0 -fno-common provider_0.c -Wl,-install_name,@loader_path/provider_0.dylib -o provider_0.dylib"
SNF-086,1,3b6388e77a1731862f982bfa35c757794165c0e999838cf2d967f3893da19ffd,44f971c9ee4b3f05c47528e3bf4d7366c609fe3c509c6a3081526cfa83306775,7CDCC821-C4F0-42B4-BD0F-C9D3A96F7CDD,[0],"/usr/bin/clang -dynamiclib -O0 -fno-common provider_1.c provider_0.dylib -Wl,-install_name,@loader_path/provider_1.dylib -o provider_1.dylib"
SNF-086,2,927591c1402da983071523b3ca30859544affe0b899b158a6892ad7a35154630,396e90dacfc492b47a0383a168e187cb6d1b6b552d90fa5f5e9b8637e302cf8c,E03C2965-C921-443D-8CFA-E315A2F10067,"[0,1]","/usr/bin/clang -dynamiclib -O0 -fno-common provider_2.c provider_0.dylib provider_1.dylib -Wl,-install_name,@loader_path/provider_2.dylib -o provider_2.dylib"
SNF-086,3,3df304e2d1a89c0d02553d7daaa99b134b15f99fcfeb79a0bf482e207bde8743,5fbd3ef0b242785e15892a6862bda49f7c61191c1bea2b0b103dc94e684a4480,C1CB7A52-6A53-45D0-9338-1A2CAC906D6B,[2],"/usr/bin/clang -dynamiclib -O0 -fno-common provider_3.c provider_2.dylib -Wl,-install_name,@loader_path/provider_3.dylib -o provider_3.dylib"
SNF-086,4,7a2217ce648a37d72959949cef94760a462beef8add5f6b605a52cb3a0451090,f83553a2e2df4a1d16dbb79167444cdab5cd1acf78906e90567fe42eda6c5e1a,BE2764C7-A048-4D5C-AA86-92DADE33C143,[],"/usr/bin/clang -dynamiclib -O0 -fno-common provider_4.c -Wl,-install_name,@loader_path/provider_4.dylib -o provider_4.dylib"
SNF-086,5,f039bc9852b65c4a982f6b3f77d5a81054a42ee097eda8761e1b2eabde16b409,073e1fac21c6168db0dd752a45b518750fa061683cb55a5c25308aa59d8a7b52,E5073033-FDE6-4150-8808-508E3A47FEC6,"[2,3]","/usr/bin/clang -dynamiclib -O0 -fno-common provider_5.c provider_2.dylib provider_3.dylib -Wl,-install_name,@loader_path/provider_5.dylib -o provider_5.dylib"
SNF-086,6,3cf72bece90ce5b1538558cddcb0b6c15c2a96cef80221bdd1f0aceaa0ee5854,e5681af1960c8ed4be5cbfaf36d38e197f205c22d7d70f07291c12bb9ea75efb,6C3194B6-C2A1-42FE-98B5-3883ED0E4131,[],"/usr/bin/clang -dynamiclib -O0 -fno-common provider_6.c -Wl,-install_name,@loader_path/provider_6.dylib -o provider_6.dylib"
SNF-086,7,9593091da0a05fb14417a409a07b5e6e4dc4b43b734039cdc2e0daa218ab4649,ee1d80cd2d290a1f787c1e641703df3f452d978d1bcee95515e393f9b470ee87,54E899C0-6A82-409E-A5C7-C1093CD45C1D,[6],"/usr/bin/clang -dynamiclib -O0 -fno-common provider_7.c provider_6.dylib -Wl,-install_name,@loader_path/provider_7.dylib -o provider_7.dylib"
SNF-087,0,30bee5985d41d3f1bec5ac173b6a9312121e771e2eed1cd850d249a970f8f795,6a5673071ab60b8dde8c65488a072868d9a97a959a4096612dc745890ca42858,0E40E497-3364-48DC-8DE9-DA5ED075E379,[],"/usr/bin/clang -dynamiclib -O0 -fno-common provider_0.c -Wl,-install_name,@loader_path/provider_0.dylib -o provider_0.dylib"
SNF-087,1,4ba2d94b3abfb051fed8c847a85935b388bb6eb3963e6033e7fef0bb6a8747b3,ef0f5525a7143653c42f231b4ae678c43812f479fa1963431d843ee295d5ed77,C86E1CBD-4477-452C-A8AA-2E1DB06934A4,[0],"/usr/bin/clang -dynamiclib -O0 -fno-common provider_1.c provider_0.dylib -Wl,-install_name,@loader_path/provider_1.dylib -o provider_1.dylib"
SNF-087,2,b14b33215f07bef53a8cbdfcfeb3e05bf4794038b001679982e776b15c956c91,a630419068e4abb5f1386ca5a8ffe9ed77f48f6abcec93a2abc4020d07d235e3,7E5175C0-7F0B-4F2E-B01B-57F33A3713B8,[0],"/usr/bin/clang -dynamiclib -O0 -fno-common provider_2.c provider_0.dylib -Wl,-install_name,@loader_path/provider_2.dylib -o provider_2.dylib"
SNF-087,3,8cbc3538b53b50a86451a883ee4f10e39c7202dc98a3301b19dc28ac3f195869,68ae28ab28fc4d0973709af72301977e301a516028ae32a40ec7a7a3e29eb826,6779BBB0-A9E9-4718-964E-1AF4D74D48FA,[2],"/usr/bin/clang -dynamiclib -O0 -fno-common provider_3.c provider_2.dylib -Wl,-install_name,@loader_path/provider_3.dylib -o provider_3.dylib"
SNF-087,4,60f4fb561c84f39a76ed8c7433589a7c44d83eb576b0678439ab509635d1bc95,dc099f87bfc3b0e92ae77625c59945c0f1d3dfac41f4f3db097481cf76abe40f,6CE28EE3-0D5B-40C4-8C07-CD2D4D5E0594,"[2,3]","/usr/bin/clang -dynamiclib -O0 -fno-common provider_4.c provider_2.dylib provider_3.dylib -Wl,-install_name,@loader_path/provider_4.dylib -o provider_4.dylib"
SNF-087,5,56353a39d774c6b73dc5a193561837b6516574d7f63aea7ae2ed4c49f58a3e2e,ff8aed3ef8718b0f8272a346c9a9028ab824035f7f69e88003d35d0650a2feae,878F2CFA-5572-407F-858D-5F71A3984B3E,"[0,2]","/usr/bin/clang -dynamiclib -O0 -fno-common provider_5.c provider_0.dylib provider_2.dylib -Wl,-install_name,@loader_path/provider_5.dylib -o provider_5.dylib"
SNF-087,6,05c67fa6d83a385ecfbf9d35ef11fc38907566c66bf88e434483d3bb59d4c2ec,660772c0b7a0b283ebef5b31a244395acc11f5bb200e1c427715e8ce2cb60682,2F9947EB-6F68-4463-A085-DFCB32AA46D3,[],"/usr/bin/clang -dynamiclib -O0 -fno-common provider_6.c -Wl,-install_name,@loader_path/provider_6.dylib -o provider_6.dylib"
SNF-087,7,b139c0676107817d4b46a699edf22819ff0407b953e7eb1760d633a34bf2510f,4fe5cae27b96f618ec90e0955e49a9406626e554806a1222f80040a28526ac46,F186D025-317A-4533-9C7B-013582FA9319,[3],"/usr/bin/clang -dynamiclib -O0 -fno-common provider_7.c provider_3.dylib -Wl,-install_name,@loader_path/provider_7.dylib -o provider_7.dylib"
SNF-088,0,ced5fb0929146e50255b4cbc6a85c9cca813257f8e6ba79a77c1e59af5190c0a,5c0432c3d81ce855154fac98eddfb8ae3be33809bdc7f44270bc597e6128963b,133C21C4-D287-461A-BCD6-8A60E638940B,[],"/usr/bin/clang -dynamiclib -O0 -fno-common provider_0.c -Wl,-install_name,@loader_path/provider_0.dylib -o provider_0.dylib"
SNF-088,1,3bc78555ddb3a035095c71d402c9024030d865dd67cdaeceddc2b4c3de92a96b,89c5c0d9e503122740b8074b53b0e0cfc0ac39be0559ba07995a28954d875127,A22136CB-3CFF-4DB1-800E-57AF454C7B9B,[0],"/usr/bin/clang -dynamiclib -O0 -fno-common provider_1.c provider_0.dylib -Wl,-install_name,@loader_path/provider_1.dylib -o provider_1.dylib"
SNF-088,2,32e9c27634419a9392811184110285bc32871b0e7dc42e7cfd6fcfaa01215c3e,69072cd5807b15b2638a4c7c2b8f772b0ceaa40cc18ecae9814fd44d95f9bfdf,B86385AE-3AD9-4DE8-9AB3-0C1B8239F751,[0],"/usr/bin/clang -dynamiclib -O0 -fno-common provider_2.c provider_0.dylib -Wl,-install_name,@loader_path/provider_2.dylib -o provider_2.dylib"
SNF-088,3,5c0a182e5cfb02777c87c80578d6beea7b4b10d78c507ffb63e6ac2d1ceba639,6c15b27cdd3c07cbbd40d63abef389fc9b70a708a59584204299620e79c17268,9362D748-3E7B-4473-A4FB-142FD7B1B526,[1],"/usr/bin/clang -dynamiclib -O0 -fno-common provider_3.c provider_1.dylib -Wl,-install_name,@loader_path/provider_3.dylib -o provider_3.dylib"
SNF-088,4,ce5f46ea18fb993115c700a6fac9dc9ffb433f3d76d5ce78568dd645e3f2076c,f19805b9bed347e5eee4558b3034f0da1072e732c4584194ac39ea6f40f016aa,B2679E88-3D19-4095-9DA1-AE7E5C98B8BA,"[0,3]","/usr/bin/clang -dynamiclib -O0 -fno-common provider_4.c provider_0.dylib provider_3.dylib -Wl,-install_name,@loader_path/provider_4.dylib -o provider_4.dylib"
SNF-088,5,48e0a49b24d077d0fb35fa2a82bccdd57e45585bfcd50698e1f91599f4af24c1,ccbcf719e50bf41704b35d613324e046192a87782ed2e63882beef77e72fc786,2A63AE4E-8190-4478-8C5B-6FA21BEDAEDE,[3],"/usr/bin/clang -dynamiclib -O0 -fno-common provider_5.c provider_3.dylib -Wl,-install_name,@loader_path/provider_5.dylib -o provider_5.dylib"
SNF-088,6,867814087cf3afaa946d386b2e28f9829eb463bf4b98d1d7c2864e2655616963,2d499e1d5b47cf568428b3ed68f0d2815191becddc0bbcd8baed0c5f6007b133,6F891B0F-4761-4552-96D9-D1DBD1B6E4CD,[4],"/usr/bin/clang -dynamiclib -O0 -fno-common provider_6.c provider_4.dylib -Wl,-install_name,@loader_path/provider_6.dylib -o provider_6.dylib"
SNF-088,7,4e94cc40784fad304d8674f432df27bc6818f31311f0e7d68caffcf2a1033a3b,977c66e029c5cc5856f991d78a6dd19fa684bffe29d2667fcf4b02729fd3596c,3F347F2B-85AC-430B-9E58-454AAD0D1CF8,[],"/usr/bin/clang -dynamiclib -O0 -fno-common provider_7.c -Wl,-install_name,@loader_path/provider_7.dylib -o provider_7.dylib"
SNF-089,0,96cf3b5009362f52e881fd21e65d29fa9e4976fafa7c0ace51e1871d7f731a8f,5a176cf082c8364b80027f8f4825874b79e4ba23ec81c84eb5d39809ee04835a,6A1C5EA6-CA2F-4AB8-9FEF-FEF405FE66F3,[],"/usr/bin/clang -dynamiclib -O0 -fno-common provider_0.c -Wl,-install_name,@loader_path/provider_0.dylib -o provider_0.dylib"
SNF-089,1,5fab3d17ba35ad0ad5430f1ed89b76d41fab7601faeacea0f19d7bd3295217f9,fe8a2d4920c0b033466aa36a43c54708c802ccd4053645e4608f517f5bf17a4e,007B5A4F-0E3A-4109-9CDD-AF296017E5C2,[0],"/usr/bin/clang -dynamiclib -O0 -fno-common provider_1.c provider_0.dylib -Wl,-install_name,@loader_path/provider_1.dylib -o provider_1.dylib"
SNF-089,2,0686e878195f3c873260f93bae39223cf8e7f3832a6c452c019e238d89e09672,0415f78d51a86f4546e6cc02f8adc3de685f9e9f49e84552451ff9b99702c6d9,6B2C0043-D5AC-483A-8239-6F7E84710333,"[0,1]","/usr/bin/clang -dynamiclib -O0 -fno-common provider_2.c provider_0.dylib provider_1.dylib -Wl,-install_name,@loader_path/provider_2.dylib -o provider_2.dylib"
SNF-089,3,ec335b55fad09d8329ef553224dafc5d8c3a0171090e058f454194f551bb3edb,65e0882013e96eba0f696fd0d964cbd17d99979ca6d99fd1bc53e44f78a06292,C94D551A-46A3-4428-8469-F7A274E795A1,"[0,1]","/usr/bin/clang -dynamiclib -O0 -fno-common provider_3.c provider_0.dylib provider_1.dylib -Wl,-install_name,@loader_path/provider_3.dylib -o provider_3.dylib"
SNF-089,4,4abb90adc2159660b60a2fd0317c34c7c4c6fe903a71be5d0b9cd36ff5f75746,919a6c930ca588fd0de473e396a191c0c239d9d5f05887799e28c3308e894760,1A3E959C-AAD5-4F77-8A11-64E1D01EC6DE,[1],"/usr/bin/clang -dynamiclib -O0 -fno-common provider_4.c provider_1.dylib -Wl,-install_name,@loader_path/provider_4.dylib -o provider_4.dylib"
SNF-089,5,d0fe79aa0c6e64ed546fdb8dbea8ed84cbb3f884bd91a04588e2f124a46b90f1,62aeb530db6e02f7b5b058b87a7fd5a5a7fc7b308ac73b5a9686e0c850497a60,B2B3B9F7-C827-42A6-803B-6E34E3FD50DD,[3],"/usr/bin/clang -dynamiclib -O0 -fno-common provider_5.c provider_3.dylib -Wl,-install_name,@loader_path/provider_5.dylib -o provider_5.dylib"
SNF-089,6,08c0cd6264d56e51d9d5fd977d61d369c9a8720cf3e0cac6a635efc2349387ff,60311a547688cf73d95342633a970f265d5afbc1c35e22cfe9e1d8163090f796,E4C6AADF-B94C-457D-9A28-D1C64ED3133B,[2],"/usr/bin/clang -dynamiclib -O0 -fno-common provider_6.c provider_2.dylib -Wl,-install_name,@loader_path/provider_6.dylib -o provider_6.dylib"
SNF-089,7,24a024262a32898a3a65fe52fa5545a4b6c92c4c809b34a06097df3475faac63,de9533e64461ab088369ddefa2c4fa2645335a25fc47168d31eea1bdaae00ef3,835F7E06-2272-4A53-92AA-66E258410048,[0],"/usr/bin/clang -dynamiclib -O0 -fno-common provider_7.c provider_0.dylib -Wl,-install_name,@loader_path/provider_7.dylib -o provider_7.dylib"
SNF-090,0,5a81bd4755bff242caac0666c044ace2ac29ec3bb7b44c947c39d526dd692f6b,466ce5c62a969c90d2d0f7e1b4d2fd003f46eab151c7b33c9e966a9a7b9c8ca8,A8E7E5A1-4B7C-4E22-8197-BCEA6689E8ED,[],"/usr/bin/clang -dynamiclib -O0 -fno-common provider_0.c -Wl,-install_name,@loader_path/provider_0.dylib -o provider_0.dylib"
SNF-090,1,feb694553eb8e0acaeac10eae59afe51918af5391c13c15ccbf6473b238a31f8,297adfe97506c07506155eace3c2c41caa0693a426a59ea536ee014bb27016e2,62EB4E7E-B762-4D1F-B52A-E7F2ACFEE264,[0],"/usr/bin/clang -dynamiclib -O0 -fno-common provider_1.c provider_0.dylib -Wl,-install_name,@loader_path/provider_1.dylib -o provider_1.dylib"
SNF-090,2,5b6c526bef6e9a3124dcc9ee99d48a0baeb4d1c4fb0f027bde1718b71b89f8f0,87c04ad9357d799c909a4f208476607531c440e27f948cbe40209fbb358e5fac,4DF33BFA-E21E-471A-B72C-BACE78C66D95,[0],"/usr/bin/clang -dynamiclib -O0 -fno-common provider_2.c provider_0.dylib -Wl,-install_name,@loader_path/provider_2.dylib -o provider_2.dylib"
SNF-090,3,880cfc96742f91afb5ba37da45f60ef433b50de9c107fb856be5a20678518e33,8fcec3f4dbc579b72dac0be680eedf2e8e2b7399879ad5d8aa2d88fbdec186ec,4E2B6E1B-960B-4478-8A0D-FB50A2D390A4,[],"/usr/bin/clang -dynamiclib -O0 -fno-common provider_3.c -Wl,-install_name,@loader_path/provider_3.dylib -o provider_3.dylib"
SNF-090,4,09fe9215e3337d38758eae2b0065fab5e304c59569d8d17e6d63987ab6db3012,2ea832862a9f4f7249e3b2daac520c989967978138053ed60eadb2432b64fd7a,98F483F7-891F-48CF-8DC4-F6C4199D1691,[2],"/usr/bin/clang -dynamiclib -O0 -fno-common provider_4.c provider_2.dylib -Wl,-install_name,@loader_path/provider_4.dylib -o provider_4.dylib"
SNF-090,5,3bcab7deff7c7ad3c7334e65c49c2778052ab274fa5e77e4363784299ff0a30e,cbd00ef6ae2244f652c191f02edefed26cc74cc9b1167a976dbe20e911b3f8be,385FD0F3-6B12-4EB3-8C21-F66F28D03B9C,[2],"/usr/bin/clang -dynamiclib -O0 -fno-common provider_5.c provider_2.dylib -Wl,-install_name,@loader_path/provider_5.dylib -o provider_5.dylib"
SNF-090,6,c4a4257846636631f51ddacbd03e6d0159f38a72bd3f720fd5ca4201af333820,f466216887a5f0779b71fcbeb4426e41bf8d38db9bcc8d4ea8a1b509cd6bd874,B8028361-6394-4508-9D3F-A9C24ECE5169,[5],"/usr/bin/clang -dynamiclib -O0 -fno-common provider_6.c provider_5.dylib -Wl,-install_name,@loader_path/provider_6.dylib -o provider_6.dylib"
SNF-090,7,592ff1e8abe1d8ada3cad6633b891d031d6191c6a016cfe42662dfd1667fe248,ed99cb8e76d63b09a85275401d790e2b7503530edfb222818b5ef2c3ef30da36,BF567A48-06E4-48B3-86F0-FC95EC2C2457,[1],"/usr/bin/clang -dynamiclib -O0 -fno-common provider_7.c provider_1.dylib -Wl,-install_name,@loader_path/provider_7.dylib -o provider_7.dylib"
SNF-091,0,5b86a17d628a83060138987e1027026143a29d5f8153aadaab31e6834583a0c2,125fd83f305bacb73f96f5d7389e2106efc78591440ffbdb6b304362686c0ae2,89D76D03-C0BE-43E4-931A-E4A3EEAD230F,[],"/usr/bin/clang -dynamiclib -O0 -fno-common provider_0.c -Wl,-install_name,@loader_path/provider_0.dylib -o provider_0.dylib"
SNF-091,1,44b5e5bdbfdc74ed090091f6d1a5e92c1e04199300d088615bedd0d142811836,14bf0ba6b9e3a39377069e8773cc42c4fccfad6a6bb430b02c90bb01c2ec649c,FB20F90B-45FF-4212-8113-18EAC12D5D27,[0],"/usr/bin/clang -dynamiclib -O0 -fno-common provider_1.c provider_0.dylib -Wl,-install_name,@loader_path/provider_1.dylib -o provider_1.dylib"
SNF-091,2,dfd76fc004a4e86b58b8b8229d25f646b2b261f2f1b943c05f1a809441ed6355,3520b87e3fd51d2dc95af8be36496f732d4fc6f8c213ddf4ed19b77f3e7a0c9f,5BBB5C7E-E40B-4BC7-BACA-6F9D4833BC1E,[1],"/usr/bin/clang -dynamiclib -O0 -fno-common provider_2.c provider_1.dylib -Wl,-install_name,@loader_path/provider_2.dylib -o provider_2.dylib"
SNF-091,3,829e685f6cc22fd6ea4f184da0d4923d158512aa76ddd9b4a2921f242fb9f0a3,ca8f471c102fcc107e7b4d0a8f92a15cfbc4600bb6ae05762a409b65a411c57f,EB11E2D8-5B64-4967-9D97-489C538D6A23,"[0,2]","/usr/bin/clang -dynamiclib -O0 -fno-common provider_3.c provider_0.dylib provider_2.dylib -Wl,-install_name,@loader_path/provider_3.dylib -o provider_3.dylib"
SNF-091,4,a7abb1934c1e5eff1f1bb55152276f2f49012b5bc331adad320e5664851f0718,14537c9850049c354878b24cd85d706461ab46cb9aff69033cbe14ce6c6b0ba0,8AB9AE23-50AA-488F-92A2-0BA729D5C7E3,"[1,3]","/usr/bin/clang -dynamiclib -O0 -fno-common provider_4.c provider_1.dylib provider_3.dylib -Wl,-install_name,@loader_path/provider_4.dylib -o provider_4.dylib"
SNF-091,5,e18133b1bbf6ce4bec729cfe44b0641376e559e54e0970d3913b83f59028599c,431e89345fec8e647ae976e2f094b1a4937ac3783c9bd2146e2b94d4cf96e428,B4D58985-1832-4ABE-8BDE-44427D1A5BE2,"[0,1]","/usr/bin/clang -dynamiclib -O0 -fno-common provider_5.c provider_0.dylib provider_1.dylib -Wl,-install_name,@loader_path/provider_5.dylib -o provider_5.dylib"
SNF-091,6,590d2ab8c81aff3cda30b5f8b5f21cd1f1d9828029f8a82cdc4b19f01f768f42,320bdcb5c72208f86fe79106e5730c060eed36d25ec1becaedd59386be22cd4a,848F1EED-3869-4518-BA09-930435809618,[],"/usr/bin/clang -dynamiclib -O0 -fno-common provider_6.c -Wl,-install_name,@loader_path/provider_6.dylib -o provider_6.dylib"
SNF-091,7,442d6a1805aef3707f2a97dd2f27c310b2d01b375b45470975c111354888d672,5225d42f11c388653668c3f94eae9f8353df1f733ba1027a0aa66146f86c3741,08DBAE41-7F86-4FFC-BDC1-CBA8D0683AED,"[1,5]","/usr/bin/clang -dynamiclib -O0 -fno-common provider_7.c provider_1.dylib provider_5.dylib -Wl,-install_name,@loader_path/provider_7.dylib -o provider_7.dylib"
SNF-092,0,c638b918d4eac1945fd9531467f0ae777b745d2453f2c6d7747cf2af8225ec09,1783d6b70cd4155ae61bfd96b97854c2bc2bf60459199f3b29b2fd56b9aafdd5,E253DE8C-77BF-401B-A999-493B8CF9136E,[],"/usr/bin/clang -dynamiclib -O0 -fno-common provider_0.c -Wl,-install_name,@loader_path/provider_0.dylib -o provider_0.dylib"
SNF-092,1,ad8b9faf502f7de45f291e6c84100151c4b854d93111c06b953a36db5701e513,f0ecdcd38aee24525f61c7154f4c26e7f809d5e16d4cc52c702becf19de5fd08,590FEE82-C770-48B5-B560-E6FC0875B48B,[0],"/usr/bin/clang -dynamiclib -O0 -fno-common provider_1.c provider_0.dylib -Wl,-install_name,@loader_path/provider_1.dylib -o provider_1.dylib"
SNF-092,2,d058e4068d9a518974ed0c62464150cd38e80db7a5db0b23f12721f8db6bd945,f77af7e8e03ca628532ea12a72c8b8d09dcb3e4f3152a2428186daa28b524b78,B06AF4F9-1FE7-4D31-934D-0620B0C423CF,"[0,1]","/usr/bin/clang -dynamiclib -O0 -fno-common provider_2.c provider_0.dylib provider_1.dylib -Wl,-install_name,@loader_path/provider_2.dylib -o provider_2.dylib"
SNF-092,3,45c00c2b5a7780d7a73b3d36c7c10d25dd711645eedd94e4e58a832c7e2b8ebc,5938b82193d846cca6cd202bb36618dd7337762ac008ea2800aab0359e601e5e,121EFBDD-5065-487F-B7C8-7E92BA7E6AF4,"[0,1]","/usr/bin/clang -dynamiclib -O0 -fno-common provider_3.c provider_0.dylib provider_1.dylib -Wl,-install_name,@loader_path/provider_3.dylib -o provider_3.dylib"
SNF-092,4,8e413470cfea9dbefb5ae7ee03d52f815c68469be1829eb2841da994b1f64fb1,fb15c8c964a23f874dec72a087d955737866fe0c3e051fa3591c7586c563e02f,7FB999F8-DDF5-4C96-BD80-905D97E3D8D2,[3],"/usr/bin/clang -dynamiclib -O0 -fno-common provider_4.c provider_3.dylib -Wl,-install_name,@loader_path/provider_4.dylib -o provider_4.dylib"
SNF-092,5,f8489b10fd88959495e560847dd083374aad05c3b52d7da5d3a6ee44124e9057,8d16576a17771e8d523351ca6143c746ab147de1e7a4cf6557011d7242f491bf,E65869E1-FB0A-4B57-AAF2-D16926DAE482,[2],"/usr/bin/clang -dynamiclib -O0 -fno-common provider_5.c provider_2.dylib -Wl,-install_name,@loader_path/provider_5.dylib -o provider_5.dylib"
SNF-092,6,25589ba528e8d98ef20b703d54082706bfab67aa49a5eda81a3b51bae5265f1c,172a11c042bf198fa5180e5a5cc7bd91bfb4494c6e9b2f945a4d753de725beb3,97AB7A28-6A19-45A9-8DD3-73434977AAA9,"[1,3]","/usr/bin/clang -dynamiclib -O0 -fno-common provider_6.c provider_1.dylib provider_3.dylib -Wl,-install_name,@loader_path/provider_6.dylib -o provider_6.dylib"
SNF-092,7,488baa94e3a18dc9de6f5d809b589b1074df7cefb3fdc4ab24b745504859218d,795d4a004ce00779c05a9b889aea7223dc517dd1150753bccfa97a4b69ca532e,93DEE511-75A0-479E-865D-62C8AFEE5BD0,[6],"/usr/bin/clang -dynamiclib -O0 -fno-common provider_7.c provider_6.dylib -Wl,-install_name,@loader_path/provider_7.dylib -o provider_7.dylib"
SNF-093,0,fe101400a0c1ea882222a3df2db1e3cacdd6d9804cfb3470fcfd3b0ec36a811f,7b349171ed303d4d4b99af67f40cb8c4efef231733991e65fabc75b4e1e206dc,A8E75836-DF76-4200-804C-DBC67EE254A0,[],"/usr/bin/clang -dynamiclib -O0 -fno-common provider_0.c -Wl,-install_name,@loader_path/provider_0.dylib -o provider_0.dylib"
SNF-093,1,871cb14871969cbc44d12cc587534d0c86a10f001ef36e03eceb53e52b3e33de,3760bd0e3eb3ccc9d863ed078165a7c0e6cf637594a65415c8ae48f10894340f,5BC6B828-E486-4C70-8097-7442D8D0512D,[0],"/usr/bin/clang -dynamiclib -O0 -fno-common provider_1.c provider_0.dylib -Wl,-install_name,@loader_path/provider_1.dylib -o provider_1.dylib"
SNF-093,2,ce224695cf8e9b06d23a3c27ae06370e8904dc75881597e8f745dc539f18828c,b1c1f3bd73ec6ecbf058ddb1bab62575dfa4f85f743876f36272e7bff2243378,EB9DB24D-F820-404E-B1C5-A88B4D032169,[1],"/usr/bin/clang -dynamiclib -O0 -fno-common provider_2.c provider_1.dylib -Wl,-install_name,@loader_path/provider_2.dylib -o provider_2.dylib"
SNF-093,3,31a34a33055dfec0a88c32d5974319aa0bad2eb6a271dddd76490a34db9340e3,c45d22df99f12473730470ffe46dc3161cea6cc96503cf21fc23d4603c82eda8,A45654F0-A3FE-44D6-A41F-EC7F9A2BF493,[1],"/usr/bin/clang -dynamiclib -O0 -fno-common provider_3.c provider_1.dylib -Wl,-install_name,@loader_path/provider_3.dylib -o provider_3.dylib"
SNF-093,4,ce42d9f0886181307cc5a5de8d8ad11d55ff2b8c6ec135ebaf8cc48b3771c1ba,ace471052829a3564f7f03be80f4e2adf68a44cdbc0b912dbd7de467b46887a1,289213B7-A662-471C-8FEF-D573B50F36B8,[0],"/usr/bin/clang -dynamiclib -O0 -fno-common provider_4.c provider_0.dylib -Wl,-install_name,@loader_path/provider_4.dylib -o provider_4.dylib"
SNF-093,5,834c4e5ce73787e442fe4b51075246b279e7c4a5ebc83be52f5e5b0fd745dbbd,fc50125a8be637b37a52d9ddd94a34dcab7c31e8b99ceb6c69e7c163ec9d613f,92760144-273D-4629-86E7-32E237B1EBC5,[1],"/usr/bin/clang -dynamiclib -O0 -fno-common provider_5.c provider_1.dylib -Wl,-install_name,@loader_path/provider_5.dylib -o provider_5.dylib"
SNF-093,6,e9eb0edc4a191b75d3252b83065e00872a5a3129878817e1810f3a00e7b59f30,875e2ad9decb03749f61a64dc4dcad75bb983b744845f4d6d23828c4dea9e6b5,33485AED-E398-4E8A-913A-37FCEF0A2D36,"[1,2]","/usr/bin/clang -dynamiclib -O0 -fno-common provider_6.c provider_1.dylib provider_2.dylib -Wl,-install_name,@loader_path/provider_6.dylib -o provider_6.dylib"
SNF-093,7,36d2406ab1f609c751ee93961103ec463d8d7d713fa30f80eb12cd84dd1cca8c,2785422ab32535806ca18fd2219bf6442a14d367be877d02dcdc6a417655a70c,2086285D-B0DD-4E29-8F75-843B15E86960,[5],"/usr/bin/clang -dynamiclib -O0 -fno-common provider_7.c provider_5.dylib -Wl,-install_name,@loader_path/provider_7.dylib -o provider_7.dylib"
SNF-094,0,8c7a6489d0bff836540612e80c6478408f6dff649de0b10af4b9880b95cdc47f,a11ff1e450690dfab82de79e421b3727d968b57203424c5534315f08458b5e43,3EC80C93-DA96-4228-A8B9-D606FFF24892,[],"/usr/bin/clang -dynamiclib -O0 -fno-common provider_0.c -Wl,-install_name,@loader_path/provider_0.dylib -o provider_0.dylib"
SNF-094,1,cb06bac8c739abceae40480ad6ccbf81d5b12b7201bc46d084f53209e4deff0c,f68d83fce3b89c2f6dfbab00d7be5d9b4ed7e1d71c9f574e81e6183704c728de,7AFB6B56-F243-4A27-A8A4-3B32231E6BDE,[0],"/usr/bin/clang -dynamiclib -O0 -fno-common provider_1.c provider_0.dylib -Wl,-install_name,@loader_path/provider_1.dylib -o provider_1.dylib"
SNF-094,2,4a77ef0f975bf282dccd79a0098a1556201e7aff970fbcfe71916fde2304e806,78c4567b7765019abc0d67c4dd87201e67de825d5e50ebf5eca9ca1801ee1c73,655AB71B-5471-45FC-A2BF-371A61644D85,[1],"/usr/bin/clang -dynamiclib -O0 -fno-common provider_2.c provider_1.dylib -Wl,-install_name,@loader_path/provider_2.dylib -o provider_2.dylib"
SNF-094,3,c88e4f4d7440bfa541aec7ac810e24bad587ac1924f4d25516cab2461776df34,7927e8445a400a0f82a4ce4e01751aea587b93a874fadd860b3e0957d138ab2b,8330C846-7374-47CC-BE32-4244BA0616DF,[1],"/usr/bin/clang -dynamiclib -O0 -fno-common provider_3.c provider_1.dylib -Wl,-install_name,@loader_path/provider_3.dylib -o provider_3.dylib"
SNF-094,4,08eff77900876fa86a5a847e18b7e65896c74137a474f0e69e58be10c7c5d892,1a8335e9690b1db5c9efcb3de213da77c05f00d55dea5f166a7b9a62c371b95f,B806F8DC-9453-4270-A0AD-123646C92FF2,[3],"/usr/bin/clang -dynamiclib -O0 -fno-common provider_4.c provider_3.dylib -Wl,-install_name,@loader_path/provider_4.dylib -o provider_4.dylib"
SNF-094,5,8d28a8d238ca66e7afca0d4ec37e48c6e0d424565d787fff2803145be7bd388d,81df95e4d9435b656ba9032e382a554184dd40f5d39d9886d36a30239a5cb2ef,44C73147-0E64-4D52-B885-631FE38C64E5,"[2,3]","/usr/bin/clang -dynamiclib -O0 -fno-common provider_5.c provider_2.dylib provider_3.dylib -Wl,-install_name,@loader_path/provider_5.dylib -o provider_5.dylib"
SNF-094,6,32762476a28c9e36ce2c67ab4727f0caca8734b01940fb1bf5c611a3e02bb3b2,93ab310e4fa0cd49b2bc619eb3c1b1a08d41bd7a668b09b558ee8bd8e0e0ee58,7CF23B0C-EE38-4B77-ADE6-08A0F8CB4A88,"[4,5]","/usr/bin/clang -dynamiclib -O0 -fno-common provider_6.c provider_4.dylib provider_5.dylib -Wl,-install_name,@loader_path/provider_6.dylib -o provider_6.dylib"
SNF-094,7,2eb2b77b077b737c622f5a83d6387b60505adcc83fcc19946f4693dcb19de495,ddfa0e86f2c677e30ef6435e9f257e8f4ae725ea2667e3479d09f29975157042,CD1E6BB5-5094-498C-976F-41452AABE329,"[2,3]","/usr/bin/clang -dynamiclib -O0 -fno-common provider_7.c provider_2.dylib provider_3.dylib -Wl,-install_name,@loader_path/provider_7.dylib -o provider_7.dylib"
SNF-095,0,20ba46b1be5f6085514c19c98b8abc8351cef8b96b3b05590788a7067fef5061,8e026bc5a502ff39713d7a5fd0cf2f5c9d64d1143328c4bed4b8aa75828e9ba9,F8EF9D4E-F309-4D22-9B09-559A5C9A360C,[],"/usr/bin/clang -dynamiclib -O0 -fno-common provider_0.c -Wl,-install_name,@loader_path/provider_0.dylib -o provider_0.dylib"
SNF-095,1,512c5d8c6dbc76f3db2af311b057c86e2c6769766cadaa36793c73a4e51514e1,784ecf2c20e6e0dc801b6c4aa3109ea6912533ea7f96e7283fa385c6945ac2ce,593D8900-671D-4E6F-9753-071E7F039B87,[0],"/usr/bin/clang -dynamiclib -O0 -fno-common provider_1.c provider_0.dylib -Wl,-install_name,@loader_path/provider_1.dylib -o provider_1.dylib"
SNF-095,2,423e480762c85703c223bfc89ee1d55aebb2abd66659f1dd0f660a306062116d,4603d7a548a2aa221d67e817ff9266f07d349e7c347b9c11e2be65b7dd99427e,961D702F-C463-4990-9509-70B4BD10E215,[0],"/usr/bin/clang -dynamiclib -O0 -fno-common provider_2.c provider_0.dylib -Wl,-install_name,@loader_path/provider_2.dylib -o provider_2.dylib"
SNF-095,3,d796c35bcf4ed86c11374b50d8ca6bb1d12dfdb54780c7b04997b4b02a68c3a7,c934edeeed0d3839842f28fbcabba24b0a8e6c9f5988924972aba06c5a0624f2,37D6C5CD-00FB-42A6-8A81-6C5C3B76EDA2,[],"/usr/bin/clang -dynamiclib -O0 -fno-common provider_3.c -Wl,-install_name,@loader_path/provider_3.dylib -o provider_3.dylib"
SNF-095,4,f9e98243e1f6500d1684d9251a7ecf9419857cc11e0e1c8f92ec60b35a9940b1,c9a194e9d208764322f75266dbbccf73d57039769d2bd27eac23dbf7a07e6457,E030B5D3-2179-4E91-9E09-EAC82F1ECE7A,[],"/usr/bin/clang -dynamiclib -O0 -fno-common provider_4.c -Wl,-install_name,@loader_path/provider_4.dylib -o provider_4.dylib"
SNF-095,5,255d3970aa51d98a8a389ca73f805f3ab9c5f8e1c66c4bf1e745bf8e05bc8c6b,6bb63e5aaf58186300c1535c7344aedf8d97a0910996087c863d4a8c093ec512,AC3FC451-B2CC-42F5-94AB-F22D4690FDBA,[0],"/usr/bin/clang -dynamiclib -O0 -fno-common provider_5.c provider_0.dylib -Wl,-install_name,@loader_path/provider_5.dylib -o provider_5.dylib"
SNF-095,6,da326a3d3dbdd6cab2c37bd94954d9e23b542c0f9b5a750a681801269da02ecc,7d8631605521743e92d165926856e23221cda82c0f2b2ba7aca32b317f5ccdea,4B9ABA91-A11B-4D6C-B904-CBC2DBFE1CEC,[4],"/usr/bin/clang -dynamiclib -O0 -fno-common provider_6.c provider_4.dylib -Wl,-install_name,@loader_path/provider_6.dylib -o provider_6.dylib"
SNF-095,7,675e184a8b52ad2d657353844557dec1a1fdc02b7cb86e70e7259ddefa78fdfe,8083d1c2cc1ca385dba1195238ec6ff2c554ad9db32b16df09f8dc7c08e1f81b,8DACCD3C-A346-4FF2-9B40-8CA55B6ECF89,[6],"/usr/bin/clang -dynamiclib -O0 -fno-common provider_7.c provider_6.dylib -Wl,-install_name,@loader_path/provider_7.dylib -o provider_7.dylib"
SNF-096,0,b4b56fa09d59eef10353fe1fe63ce704d3d3f40c05d00fc73f6bbcc396e15614,f02fc188e941607148fa5e1e1e44dfefb678720127fec614835c56e60a296d17,932166C1-306D-4DF5-9AAE-2C62BE9BCDE8,[],"/usr/bin/clang -dynamiclib -O0 -fno-common provider_0.c -Wl,-install_name,@loader_path/provider_0.dylib -o provider_0.dylib"
SNF-096,1,76a45e8d82c10f1cb8c49de5a7fb9eb90c0dffc5af8617930de22a1607134725,6804053e1989e29c9d4e19b85658e8ac3dd4789bee282a8984f96e95d67f2084,F4EF335E-4FED-4F58-9CEE-78DE1A6DF3F0,[0],"/usr/bin/clang -dynamiclib -O0 -fno-common provider_1.c provider_0.dylib -Wl,-install_name,@loader_path/provider_1.dylib -o provider_1.dylib"
SNF-096,2,4d05c6ad92a7219f0437d955cc271e66f56a1f0d0ab3413f93d8ba87795f5ba3,142bdee25c591ed2f119c8db892d877a018143349e3d2ea413055360089a788b,E4DC4DC4-E5FA-4D37-8D89-66B25BC8E2E4,[1],"/usr/bin/clang -dynamiclib -O0 -fno-common provider_2.c provider_1.dylib -Wl,-install_name,@loader_path/provider_2.dylib -o provider_2.dylib"
SNF-096,3,b4fd09c1c4ecb0bb2aca83b16a9b7c77b515f868cf5447d03ec79c19f92ee59a,204ee14e2b04509dd130cf3fc3b679e18a028063bcd6638c3279250a9367f887,3A7CD216-E15B-483A-941F-852588809215,[0],"/usr/bin/clang -dynamiclib -O0 -fno-common provider_3.c provider_0.dylib -Wl,-install_name,@loader_path/provider_3.dylib -o provider_3.dylib"
SNF-096,4,561986469efa607652583e4471f8ad7d9076920bcd672ff70efcd4a9dabef428,0dfe5d81a94656eb05550f776690b3eadbf6b3ccfbcdf5a59510a660141563b4,C2F0EC05-E160-4366-86AE-40636EEFD551,[2],"/usr/bin/clang -dynamiclib -O0 -fno-common provider_4.c provider_2.dylib -Wl,-install_name,@loader_path/provider_4.dylib -o provider_4.dylib"
SNF-096,5,965532db30412956245cd7056c93203f1619f1ef050976179b854263bcd6fa0c,0b34cf7ef355c94ef5a8f44630889bf67321ed0ee51a72573bbb222c53598fe9,65B04EA6-EADD-42CD-9940-3DEBC5B3001D,"[0,4]","/usr/bin/clang -dynamiclib -O0 -fno-common provider_5.c provider_0.dylib provider_4.dylib -Wl,-install_name,@loader_path/provider_5.dylib -o provider_5.dylib"
SNF-096,6,71953f99151657af0c900e567da93fb912aede80d2fca0060541864d85efd8f5,62322a9eca9e7e37d18fd82298d36b717b3c71ce05f9944343fa7b274c66b3e6,31B63D24-BAB7-40E9-859E-77F9D4242639,"[1,3]","/usr/bin/clang -dynamiclib -O0 -fno-common provider_6.c provider_1.dylib provider_3.dylib -Wl,-install_name,@loader_path/provider_6.dylib -o provider_6.dylib"
SNF-096,7,3b270dc812fe1462a139c268b636228c45cc692d1ea57c6f6c59ec2e2c390e2c,47e252f45487a3105f61304cf6898db043523df585c2110c515e6b33eaad2711,AA4A84D7-A063-4B52-B7CB-E43C42D13426,"[0,3]","/usr/bin/clang -dynamiclib -O0 -fno-common provider_7.c provider_0.dylib provider_3.dylib -Wl,-install_name,@loader_path/provider_7.dylib -o provider_7.dylib"
SNF-097,0,d0e73de3fb43c9a18db2008a45d57b2361986dce2017e8e7e216c1edff66c9eb,a4ee35953bde23eda1e9b2e2a3e9582f366b5df3b4f81a1e28cfd8b6cee442f6,C9250468-C624-4E0C-BAC8-422DFE133A3C,[],"/usr/bin/clang -dynamiclib -O0 -fno-common provider_0.c -Wl,-install_name,@loader_path/provider_0.dylib -o provider_0.dylib"
SNF-097,1,d0870925fcafb0c387e6c8efdd402d011efeeb990696f7557b7265332370adfc,9644b3d85e1e013882e970bf43f658e6bd7df99fc59b5293b8460c383d06f38d,F02989F6-B916-45CC-8F16-6FA4F66336CB,[0],"/usr/bin/clang -dynamiclib -O0 -fno-common provider_1.c provider_0.dylib -Wl,-install_name,@loader_path/provider_1.dylib -o provider_1.dylib"
SNF-097,2,2cdf50897047fe3fb3daa27cc684ad6ec03503b762ec2613e3e953c00ee58c51,d8e9c8b3568897f1007bdcbff4c313a8a2771d4d96ab7820aec82254bff4e492,60EDB2C7-97E4-4C77-9519-F94CF0F7947D,[1],"/usr/bin/clang -dynamiclib -O0 -fno-common provider_2.c provider_1.dylib -Wl,-install_name,@loader_path/provider_2.dylib -o provider_2.dylib"
SNF-097,3,30a078e302e712dae56f6ebd60932d10d093d1422a316cff49cd6a9aae442ac5,fc085eed27de3b2bbdf9ac439c0d7fa4bbcfc7611e77fdeea185a2b5b4e3ac0d,631852A7-5C60-45C4-8359-D2988E263FCD,[0],"/usr/bin/clang -dynamiclib -O0 -fno-common provider_3.c provider_0.dylib -Wl,-install_name,@loader_path/provider_3.dylib -o provider_3.dylib"
SNF-097,4,4d7eaa8493e33a1dfc0dfafb3f0da822cceca8170662073e1e0b221806bc37b0,29323333d02d56f306a2a0381d13462ac2761e5b34fe9562c2ebe0090ce46752,83F6E17C-2225-42C4-B69F-4B65178AF233,[0],"/usr/bin/clang -dynamiclib -O0 -fno-common provider_4.c provider_0.dylib -Wl,-install_name,@loader_path/provider_4.dylib -o provider_4.dylib"
SNF-097,5,b3291b48e0166ad26cf8a66a6eecca1c68ece573d71c467bffffaf96b2bb38c8,731d184ba0144f4f08ec979a4344b5be38e2f4a72093acb65f3ca3f43a719ade,78C898D5-36DE-4645-B7B9-25A66B2BA295,[2],"/usr/bin/clang -dynamiclib -O0 -fno-common provider_5.c provider_2.dylib -Wl,-install_name,@loader_path/provider_5.dylib -o provider_5.dylib"
SNF-097,6,bab7d902ab3f0138dbca4451b5a365d7ba18f14b42c4f7a5154df1bf0a40209e,1904bc10521df57cf70efa5ad37395c32bf7060a0f8bbf39ab213556e79291d5,3A72B09D-830B-4D06-867B-B808A7AC6032,[],"/usr/bin/clang -dynamiclib -O0 -fno-common provider_6.c -Wl,-install_name,@loader_path/provider_6.dylib -o provider_6.dylib"
SNF-097,7,27f2e96089f25d92fef684d422137725842c50fc7820d23746a9318e51bbb7f2,96131748c5b37b6baa2c386e45bb75ecb958b2839fc60b19130bb82a495b31bc,CA4A43F9-BE0F-4FFB-BFB9-DB155440CA16,[],"/usr/bin/clang -dynamiclib -O0 -fno-common provider_7.c -Wl,-install_name,@loader_path/provider_7.dylib -o provider_7.dylib"
SNF-098,0,bd236deed053c71d9d58a69adfada0b7a448037df47c68a0d20f52e58b33d055,af5310d9d6139d52b65c7b9780c832b62be160d7e0e6e01f3b43e64bdd28f44e,231B53A2-C9F9-4820-AA50-27A81605DD71,[],"/usr/bin/clang -dynamiclib -O0 -fno-common provider_0.c -Wl,-install_name,@loader_path/provider_0.dylib -o provider_0.dylib"
SNF-098,1,0c2df6fa6b8234e20f6c9f971e9cb07a140eb9614c77a4092d37769696036113,5529afc911ccac4edb6407f6e44e80fd9c7e25470e11b2b66240f8fb04f5246e,0C167529-7DF6-442B-B3A4-9FC6D1098237,[0],"/usr/bin/clang -dynamiclib -O0 -fno-common provider_1.c provider_0.dylib -Wl,-install_name,@loader_path/provider_1.dylib -o provider_1.dylib"
SNF-098,2,a27ffa0b2644d565cc4cf93c60c9307e845ea19893192a7ef6b3e1ae8c8ca0f3,2e8f96c6da713e4c9106c8c40049748d38c8c4b67a501e6f92a02263008f106a,92912BF6-5CBC-472B-B211-05E7EFAA00C5,"[0,1]","/usr/bin/clang -dynamiclib -O0 -fno-common provider_2.c provider_0.dylib provider_1.dylib -Wl,-install_name,@loader_path/provider_2.dylib -o provider_2.dylib"
SNF-098,3,ea091e637dd8f88b6c7fe559e789627bd590a046b2d48a574f02c8b4d26f8d55,cf947c44a96693fcb4020c137f84b5f9b766e0dea1ebe4bfb066b5738ed14c80,D6B34C68-F19F-4CF1-B887-D9C1CE5F6F31,[1],"/usr/bin/clang -dynamiclib -O0 -fno-common provider_3.c provider_1.dylib -Wl,-install_name,@loader_path/provider_3.dylib -o provider_3.dylib"
SNF-098,4,7f4bf86f83cdeb23752124077b4577d34d02138c3c9d96701c4af79733474697,35f5a1cd3be17a761db5042006f0723032429df1c88013b14fbc72f4a48e0d8e,E767FB2D-3371-45F6-8CD7-474701108D41,"[0,1]","/usr/bin/clang -dynamiclib -O0 -fno-common provider_4.c provider_0.dylib provider_1.dylib -Wl,-install_name,@loader_path/provider_4.dylib -o provider_4.dylib"
SNF-098,5,538203244e78e960224b387d516f6cb1f2f70eea707e479989f9be420a7cee45,f6956d44dedbfbe228e2d6923a597ebb1fce4d04086f5be456cc7e43bb2d4927,5DCA4980-7608-4EE2-B896-33E9B601D18E,"[2,4]","/usr/bin/clang -dynamiclib -O0 -fno-common provider_5.c provider_2.dylib provider_4.dylib -Wl,-install_name,@loader_path/provider_5.dylib -o provider_5.dylib"
SNF-098,6,7cdae518912b40408f82d406526ab564d216721f8f8922fc3d397b03a34d89e3,53e2d7feb7a5166e91b49ce8a577c355287a3737e03ed54b47ea37df3729a286,2A33349E-6B98-4048-964F-FDDAB8F8944B,[],"/usr/bin/clang -dynamiclib -O0 -fno-common provider_6.c -Wl,-install_name,@loader_path/provider_6.dylib -o provider_6.dylib"
SNF-098,7,77881a4b47c89654a0b2d6dae0fd393b49baca0592293ca250bc7b91a8d8065f,dc4c7ffa7358e32f135a335bbfe9395f81b3476ed94fbf594426593fc32aca96,2AF5DEF6-B381-4538-B96F-08929DB60C02,"[0,1]","/usr/bin/clang -dynamiclib -O0 -fno-common provider_7.c provider_0.dylib provider_1.dylib -Wl,-install_name,@loader_path/provider_7.dylib -o provider_7.dylib"
SNF-099,0,6f4546b667b1e50d7f63f8f62c7051349e84fa733bd381e8858c71c20bd30550,88b1fd081a4b75ff65e03c9d57d7b7c187180550913a8628975ed9441019b6bc,794A055C-5D50-4789-A740-0DA9E8121A25,[],"/usr/bin/clang -dynamiclib -O0 -fno-common provider_0.c -Wl,-install_name,@loader_path/provider_0.dylib -o provider_0.dylib"
SNF-099,1,39d386944e1c730876e3c5efe891a47baeb70fc2b7dcc094b2fe3846a6e1af7e,a1ebf29d031409a7d88785611a1fd328d5752b9a4e54e5f5df664b2df836661f,D0316B86-2905-48FD-BDA6-527730BA38E3,[0],"/usr/bin/clang -dynamiclib -O0 -fno-common provider_1.c provider_0.dylib -Wl,-install_name,@loader_path/provider_1.dylib -o provider_1.dylib"
SNF-099,2,7ed5387a721e8fa59168c7cb695bdf74f47b34330499c1b1ad90491fa5722fe2,447b98aeee15f5d07bc30b3894f7a967e7ec3052eba6d35a3e77e62b88438f27,82510C30-FFD2-49FC-8DBC-06DC40398CDA,[1],"/usr/bin/clang -dynamiclib -O0 -fno-common provider_2.c provider_1.dylib -Wl,-install_name,@loader_path/provider_2.dylib -o provider_2.dylib"
SNF-099,3,dcc4a4b8fff25495ee42fca72387a251ec7d93c721ef0ea3a750f9f2c2d5e3e2,31c7a61c727e354a80d8281e0010ed91353c840c29208d45aa0f90c30a775cd3,B655FD7C-7213-42EC-8AD5-4DC1CF81D810,"[1,2]","/usr/bin/clang -dynamiclib -O0 -fno-common provider_3.c provider_1.dylib provider_2.dylib -Wl,-install_name,@loader_path/provider_3.dylib -o provider_3.dylib"
SNF-099,4,3c3dfbdf8c0c475247a7da3ac129e7479d0e05159d683bfa9a63b1661bd1bdbc,add6ee381d138820da65d183141befcadd8ecac0850c291d77502eac1b320cb9,709ABEAF-43B8-4568-8FEB-97BBDECC43AC,[],"/usr/bin/clang -dynamiclib -O0 -fno-common provider_4.c -Wl,-install_name,@loader_path/provider_4.dylib -o provider_4.dylib"
SNF-099,5,134cc2f1e8685ee0552b50d3b78af2b48370dac0dcd8552f396f1e717678d2eb,4ef814db53a825cc8485e7770b1e6118ef0c5e76fc2695fa2c4c7d8d02761124,FCF7DC13-2CBE-4D05-B818-0385CE9CF9AA,[1],"/usr/bin/clang -dynamiclib -O0 -fno-common provider_5.c provider_1.dylib -Wl,-install_name,@loader_path/provider_5.dylib -o provider_5.dylib"
SNF-099,6,8b5e24aa6a456e9ca5d52c2ee10f2515c65d9ae1569950ca38693cfc4ff2d7aa,e20f0f0f2b30f3b4c15294287e65337c85d9b92a9816193640ed04f731de0da7,1B0FDC34-F233-4284-8F77-A06492E5163E,[],"/usr/bin/clang -dynamiclib -O0 -fno-common provider_6.c -Wl,-install_name,@loader_path/provider_6.dylib -o provider_6.dylib"
SNF-099,7,a45b3cd5d2a280a4e228fce9ec7b5e435f901c3485145ec5f6ccf404dd5eb3f7,a423ed8e25cf03ceaca8bcf3061eb91fcb37eba0f3b2b2359d2c2d5dec9a73e0,3DEAFEC1-A8FE-4EB0-B3B1-2B7616E158E0,[],"/usr/bin/clang -dynamiclib -O0 -fno-common provider_7.c -Wl,-install_name,@loader_path/provider_7.dylib -o provider_7.dylib"
SNF-100,0,cb0a067353f1c47ab0cb8c76d25d8436ff46cd4fd033377651db80f3db01c7d7,33cf97ac898dbdfa024f037f79fcbe950f755b925e161400f106bc772c3655eb,3749179B-F4BB-414E-905D-4853782EB717,[],"/usr/bin/clang -dynamiclib -O0 -fno-common provider_0.c -Wl,-install_name,@loader_path/provider_0.dylib -o provider_0.dylib"
SNF-100,1,10f8a5d71b600142a17d212bd95778e9e90f8ce26578b5b65899b54d6dcfa425,2ffd2343641cf95ce818676d7e47a8058a7a7fbbdf20b9e22280243e99f75ca2,ADF24543-D35B-446F-ABFA-150F240766C7,[0],"/usr/bin/clang -dynamiclib -O0 -fno-common provider_1.c provider_0.dylib -Wl,-install_name,@loader_path/provider_1.dylib -o provider_1.dylib"
SNF-100,2,8cf46253128ddbf2362fc36031898a52bf6b3f00238e21d7547121946c4bef47,b05eafd2d7bca2d61600e83ace176d6f7999a42882047b0d233642cf7bf5ed88,595EFCD8-DDF4-491E-AC47-6D6A18A5400F,"[0,1]","/usr/bin/clang -dynamiclib -O0 -fno-common provider_2.c provider_0.dylib provider_1.dylib -Wl,-install_name,@loader_path/provider_2.dylib -o provider_2.dylib"
SNF-100,3,1b9e0f1bcc6e5bf98961e1ed3800390fb00ee917ca70e0bc8a3d6050156ff93f,729bbe13aa6b3c27f12cbb345941bc8edb5b0585af940fdb685c8c0f1cfe6aa1,E3529C0F-635F-473B-AE95-1419C9F15EA3,[2],"/usr/bin/clang -dynamiclib -O0 -fno-common provider_3.c provider_2.dylib -Wl,-install_name,@loader_path/provider_3.dylib -o provider_3.dylib"
SNF-100,4,0c99affbefbf0815e7e4968b6fe1282999688c41ff758a4946ae091aeeb799fa,baa95c79fe20348b3f248d10131e8e5ee14cec5474bc1467d5ec624f40b5660a,03DC286E-9886-4ACE-AD47-68ED63C2BD3B,[2],"/usr/bin/clang -dynamiclib -O0 -fno-common provider_4.c provider_2.dylib -Wl,-install_name,@loader_path/provider_4.dylib -o provider_4.dylib"
SNF-100,5,3f856093e7f569bb33ed34d0410a34e474b943156dbef7940e9b7f1268b27d57,2bed6a1a5cbd4d3bca4a11188aa640290c6be7a5053266a4f3b86da76c5757e5,12A9FEE1-1BE1-4951-A948-A278BC310A45,[],"/usr/bin/clang -dynamiclib -O0 -fno-common provider_5.c -Wl,-install_name,@loader_path/provider_5.dylib -o provider_5.dylib"
SNF-100,6,3b1c3a9be2f6cc08b3919ef9ea70896d4bee1821d678473322d944bd4986439c,e118176c3817b351766c90f54f401c6fd48f96b51e177566a800ae4776030a60,E6802C16-ADD7-479A-BAF4-55CDE163B552,[],"/usr/bin/clang -dynamiclib -O0 -fno-common provider_6.c -Wl,-install_name,@loader_path/provider_6.dylib -o provider_6.dylib"
SNF-100,7,d697c259a9052d6413bf963336bf50ba35ea41a285cd30d569e9f29895812044,8b6e81b088d62343c351b9d3ac535e8b98849cd4d5579f25a294176a510da84a,DCBECD85-A754-4D4E-8839-CA284AD87BCA,[],"/usr/bin/clang -dynamiclib -O0 -fno-common provider_7.c -Wl,-install_name,@loader_path/provider_7.dylib -o provider_7.dylib"
SNF-101,0,f948a14053b5b8fde1a97bb1ce014f7a12cb749531c8018a04180f6c95cb33bd,1954d8c7d45153a1b9e43568a7f6145166fb95a607205c4fb208d159a0000ecc,B3E9FA0A-BEB7-449C-ABBE-316F9F8EDFDA,[],"/usr/bin/clang -dynamiclib -O0 -fno-common provider_0.c -Wl,-install_name,@loader_path/provider_0.dylib -o provider_0.dylib"
SNF-101,1,395e4a6eae335883d297e0cac8445b56b51d3c111ab1e28e79345d46a08999fe,129072dc4aa0e776b261815467a0b64c06eb1f0cd2c0963a9357228ede578390,5DBF80A9-C81D-4D0D-889C-0937F7F50D75,[0],"/usr/bin/clang -dynamiclib -O0 -fno-common provider_1.c provider_0.dylib -Wl,-install_name,@loader_path/provider_1.dylib -o provider_1.dylib"
SNF-101,2,9955d99ecba653c4ec035e88c4f10885298dff6ea28944c258ddb4236a3f0097,53ee7169e6626b311a07ed719a1cce47f3fea549349210cf8d4851234fb52714,9DE28FF1-39EC-44DC-833C-D122F9A9DB8A,[1],"/usr/bin/clang -dynamiclib -O0 -fno-common provider_2.c provider_1.dylib -Wl,-install_name,@loader_path/provider_2.dylib -o provider_2.dylib"
SNF-101,3,4c0a42dd4408026b915ffc7bd4f81735a433e8926f2e807773d63c0e9f73d6fb,aafeaf84ef5fcd8dd51c6d8d95959fafbc5206037d979936e87e790f7d035399,17027A98-7367-4ED4-A536-9B1E88152531,[2],"/usr/bin/clang -dynamiclib -O0 -fno-common provider_3.c provider_2.dylib -Wl,-install_name,@loader_path/provider_3.dylib -o provider_3.dylib"
SNF-101,4,3496309691f63a9b3503fa9f6f9f027f009e9979fdeeeb040d273c0249b750dd,2a52698c98e460ff38a9f2f34642bf7eaa9958c2635fe535e7a4c8bb1fd42b52,E276CFFA-2DC6-4FBD-A59A-BBFCAE15D0E9,"[0,2]","/usr/bin/clang -dynamiclib -O0 -fno-common provider_4.c provider_0.dylib provider_2.dylib -Wl,-install_name,@loader_path/provider_4.dylib -o provider_4.dylib"
SNF-101,5,fce413f7c03eeed53dab248f51dff1604c19c60e1bc74b879d83364acc2c1abf,2eaab3270dc13e459276784224be1cb7751eb27301c34bde319aa6ee1a045668,896F5CB5-43FC-4E96-8AC9-0093B0CA83C2,"[0,1]","/usr/bin/clang -dynamiclib -O0 -fno-common provider_5.c provider_0.dylib provider_1.dylib -Wl,-install_name,@loader_path/provider_5.dylib -o provider_5.dylib"
SNF-101,6,9224ef59a714addd99ffd4a3c7cf922eb5ea1e024e41181dce8fc30313680550,45107b916a966edde1bbe3e91c2ab525bb35364248593c3ffc080adde3ad1aec,D6F2BD84-FD62-45B9-9CE9-18D04DDAF0E7,"[4,5]","/usr/bin/clang -dynamiclib -O0 -fno-common provider_6.c provider_4.dylib provider_5.dylib -Wl,-install_name,@loader_path/provider_6.dylib -o provider_6.dylib"
SNF-101,7,e8f818cbcec114e66ea69f70095ea024b804f022c371e243ae45029b3aca8440,c9d1e30767c8be178c61d1fffc9bdda458c0435439a8a890ca34d878acf56f4e,00179133-375F-4229-8858-01FB607B4012,[],"/usr/bin/clang -dynamiclib -O0 -fno-common provider_7.c -Wl,-install_name,@loader_path/provider_7.dylib -o provider_7.dylib"
SNF-102,0,50a5ee28798d7e070d76e4605ba33929c88f579258220c94ff8543ff0faabf40,41c851d2833fb0d1d488cbb526347c50beab37a27a3b285bbc3cd1f6ccbd5733,F5A1DFBE-11E6-41C2-B7E9-B49FF186725F,[],"/usr/bin/clang -dynamiclib -O0 -fno-common provider_0.c -Wl,-install_name,@loader_path/provider_0.dylib -o provider_0.dylib"
SNF-102,1,6c9468a290720db50a510f8bd2f788193c665063e23d6998146308cecbfb36cc,dafb9d7230289662ed6ec1cefe97d388f3657d1e2e35ce90479a832f39e36ce2,48DFB95A-A778-41D1-BA0A-A4CE4BD4CC3C,[0],"/usr/bin/clang -dynamiclib -O0 -fno-common provider_1.c provider_0.dylib -Wl,-install_name,@loader_path/provider_1.dylib -o provider_1.dylib"
SNF-102,2,0120265ee552f29b5453e0cfb614615eb2933e44b7d17c8a4b7e110edd867ef0,6ed2bca6a632ff76db179f20ee93c1a19240ce01ed56e8fc8e8d50cba07f8c8d,1D5E7D54-B0DC-4C25-9D27-D44D5D89D0B2,[1],"/usr/bin/clang -dynamiclib -O0 -fno-common provider_2.c provider_1.dylib -Wl,-install_name,@loader_path/provider_2.dylib -o provider_2.dylib"
SNF-102,3,df93c03f3aa4750edfc46e00ae9f4e3e086b276bdbb9f7e4c0325a2860f2286f,b51d5c9cb7b22127038b2d69462377eafe406b03def6705ece6358cf50e6dcc8,FB6F59A9-22C4-4235-A3A7-0959276009A4,"[1,2]","/usr/bin/clang -dynamiclib -O0 -fno-common provider_3.c provider_1.dylib provider_2.dylib -Wl,-install_name,@loader_path/provider_3.dylib -o provider_3.dylib"
SNF-102,4,b9ac6f7571fa2d21a3281670fb13292ff739dec978d912f1ab4912f869ce1842,50d7947ac0c15bfb5009f7d0a243d757ea8d75a58f84c41706e0500f5a2f13db,C260FE26-3C89-4437-B941-42BF5EE4F9B2,[],"/usr/bin/clang -dynamiclib -O0 -fno-common provider_4.c -Wl,-install_name,@loader_path/provider_4.dylib -o provider_4.dylib"
SNF-102,5,bde0624f330e816d169ef0300b2fe5a4f0f7785fdf82beb94eac2a23056ed1a6,3ffdd28f6f8dfa52084c3f72b82d9190f167ba382549ee620d941dd4c24ec684,0874611F-4904-48EE-9C37-044240707301,[2],"/usr/bin/clang -dynamiclib -O0 -fno-common provider_5.c provider_2.dylib -Wl,-install_name,@loader_path/provider_5.dylib -o provider_5.dylib"
SNF-102,6,1ab6ca3b6b4c6157babfee1f8fbd33d94507997980ed423e6c0f8813b5b12e14,450cc551b7bd7ca923384a32d8dfaf2454091de4d18de57079918fafda135131,83637E98-8DDC-447F-9140-B374BC19B2E1,[0],"/usr/bin/clang -dynamiclib -O0 -fno-common provider_6.c provider_0.dylib -Wl,-install_name,@loader_path/provider_6.dylib -o provider_6.dylib"
SNF-102,7,9120686ba525d8216727fa52b052c25ecdbc328717c26e84616cdddf1810e6fe,85c07f4dc13c70bbfc887fe7afe5ddf6d2fe2b21f08008497e6591afa8660af0,E8FAA507-3CCE-4AA1-9653-BF0C2B9979F4,[4],"/usr/bin/clang -dynamiclib -O0 -fno-common provider_7.c provider_4.dylib -Wl,-install_name,@loader_path/provider_7.dylib -o provider_7.dylib"
SNF-103,0,b02d02377db4b2ff87ff419f7c71b843c86c2348b1cd1ab1fcb03e5334853345,206880faeb96f27449008871f9e731288760921efce8aa537165017222360e42,12D9ACF6-9593-499B-AFE9-73F6A6022A69,[],"/usr/bin/clang -dynamiclib -O0 -fno-common provider_0.c -Wl,-install_name,@loader_path/provider_0.dylib -o provider_0.dylib"
SNF-103,1,a2f0f7df2b03777cac7d3afaa4994ff602b40a0a6fa7367c9cad233745225890,c5af68fefd38e18ac41fa3018c51bbf10b1b4e1ca0986882bc9a55b95bdd0762,B224AF07-F058-4C1A-8930-9FE2810BD9F0,[0],"/usr/bin/clang -dynamiclib -O0 -fno-common provider_1.c provider_0.dylib -Wl,-install_name,@loader_path/provider_1.dylib -o provider_1.dylib"
SNF-103,2,b391fb12286e2f3e10710a2e3e9851003e3568484e87f562fab2eed781e8ee07,31d4e73d9d63ff240eb1c5f8bb9eec4c053a5d4b0564533a7831eaf321aa9b6b,E2FACD9E-7EF9-445F-8E76-F7C8937D4764,[],"/usr/bin/clang -dynamiclib -O0 -fno-common provider_2.c -Wl,-install_name,@loader_path/provider_2.dylib -o provider_2.dylib"
SNF-103,3,7d7fa03c53733a1ef3f30defd5856a08c60317e9296ef95450cce480eed229e4,ed08781ef6c6e8fcb674939a21dcabe355f679f3271f23fbc189540c1b31cfb5,939E8A4D-8875-4FB1-8FCA-C385EC46D4B4,[0],"/usr/bin/clang -dynamiclib -O0 -fno-common provider_3.c provider_0.dylib -Wl,-install_name,@loader_path/provider_3.dylib -o provider_3.dylib"
SNF-103,4,7e82ce9fec11b72a9afe038db4cf2b070e8b6c909453f00b1dbecfc01003defc,333d5cfc9a6effe100356550f74359e21b23e82caf28a1ea4e5173ab31df757c,0A0A026C-04C5-4B43-A8AA-5FF02B3C270E,[],"/usr/bin/clang -dynamiclib -O0 -fno-common provider_4.c -Wl,-install_name,@loader_path/provider_4.dylib -o provider_4.dylib"
SNF-103,5,5d6d6e672d86518c96e355432d8ef9e88de0b4e43dc2e4848fbd58e80e838a87,3512f4f0028e958926ed4004dfa494ead257a508f68aea2edcefc62088a2a33d,734A37BE-5219-4EEA-87C6-92A040C8B345,[1],"/usr/bin/clang -dynamiclib -O0 -fno-common provider_5.c provider_1.dylib -Wl,-install_name,@loader_path/provider_5.dylib -o provider_5.dylib"
SNF-103,6,b930fe15e35ee975ceb42ed72dd0423e650229d3aef395c1c930c692167f5c10,8e534a75f3619d35a5dd0d173cd639a54f56d2597ae64660c467a35188bdc4f8,055FB352-E86E-4D6B-9EDC-25C4619581EB,"[4,5]","/usr/bin/clang -dynamiclib -O0 -fno-common provider_6.c provider_4.dylib provider_5.dylib -Wl,-install_name,@loader_path/provider_6.dylib -o provider_6.dylib"
SNF-103,7,20ad2c0a94845b1814a20805495aee7f4e7286eb2a54c58d542361840a014fff,0df08f2e3cf850cd0de502896e26c3b6a26d310bd53e673dc9d4aef631129aed,AF673D1F-C96D-4E9B-85B6-61F8660FC533,[],"/usr/bin/clang -dynamiclib -O0 -fno-common provider_7.c -Wl,-install_name,@loader_path/provider_7.dylib -o provider_7.dylib"
SNF-104,0,451873335eb9fa20a4ffbd836c9a46d8ad13266cedef5188c4241ed0b9a76e04,5d710080018d2d30c9cf796f6523d39ed46fb1eca3598dabd7cc5fe927989a2d,4E11B6EC-E372-46D0-8CA7-1FD5DB9518DE,[],"/usr/bin/clang -dynamiclib -O0 -fno-common provider_0.c -Wl,-install_name,@loader_path/provider_0.dylib -o provider_0.dylib"
SNF-104,1,37e7465d9a65708675c797335c1093eef17d24304521b4fe8b351312676234c2,f6a0d1cc45065cf5d30bfd539741ad9c98443cc1b66f5657d83e7b663dd999db,EACA93B8-736C-4669-A254-6F4B0CE79690,[0],"/usr/bin/clang -dynamiclib -O0 -fno-common provider_1.c provider_0.dylib -Wl,-install_name,@loader_path/provider_1.dylib -o provider_1.dylib"
SNF-104,2,28867d4eec1a370ebf437411838fdd02547266551ca4cf1262aac859b0e3df82,2886fc4914ebcd34464b8c34937ec35f943de09283ef68d2222d97f28ac015b7,800424E3-C560-4D7D-B3F2-29EF6BC872F3,[1],"/usr/bin/clang -dynamiclib -O0 -fno-common provider_2.c provider_1.dylib -Wl,-install_name,@loader_path/provider_2.dylib -o provider_2.dylib"
SNF-104,3,11db4beef45bc49a1fd8a7558ce48b93fc7628623d5386674d136a29bbe957e7,dd357e2718eeb01ee112d2f5b3c2ef835240507b23a8b94512feb59ef09502fe,AA8A558B-AF75-4313-BDD5-C87F0AADDF05,"[1,2]","/usr/bin/clang -dynamiclib -O0 -fno-common provider_3.c provider_1.dylib provider_2.dylib -Wl,-install_name,@loader_path/provider_3.dylib -o provider_3.dylib"
SNF-104,4,d2556ba7dba2ce0303fcc13defdb154e38c09f2eea58b69a264275176d82486b,98c255b5bd8e1377ae2f9297326da623d4a4b18415864a77ce32ecdd4b912634,FC427ACE-9833-49AF-9DCC-576BEA975F49,"[1,3]","/usr/bin/clang -dynamiclib -O0 -fno-common provider_4.c provider_1.dylib provider_3.dylib -Wl,-install_name,@loader_path/provider_4.dylib -o provider_4.dylib"
SNF-104,5,06d403dd854ba1395be7a5883db47838d10f3c6ae4470f900881c3d23f796c87,8f6e38c125bb7ed210d6e9ea060ba902be0a8617fc6a88d41d4670a5c8f6cedc,1EBB139F-458C-426A-ACED-C86FA2FF4C6C,[4],"/usr/bin/clang -dynamiclib -O0 -fno-common provider_5.c provider_4.dylib -Wl,-install_name,@loader_path/provider_5.dylib -o provider_5.dylib"
SNF-104,6,9f5b2bcba973210100d873c67d71eb934a170609731f045700c3bc6d7307c2b3,7ebaedcb7aa3f00b0ba3638ae9491cd0898d7f26b899955e3e7f256e98ec351c,6E552FC7-BC39-49EC-BBEC-792BFFB96137,"[0,4]","/usr/bin/clang -dynamiclib -O0 -fno-common provider_6.c provider_0.dylib provider_4.dylib -Wl,-install_name,@loader_path/provider_6.dylib -o provider_6.dylib"
SNF-104,7,8bcffb5e7eb0902816ddbb69bcfd0fc3734ba1ea82940fa2fc5c878ec8e3a89f,dbe54fe3c6128887405187e7db6e0e1e8099ecdc001d811528fe8d0825634b48,6C84AE17-C605-4719-B996-C7CEA44EAD8F,[4],"/usr/bin/clang -dynamiclib -O0 -fno-common provider_7.c provider_4.dylib -Wl,-install_name,@loader_path/provider_7.dylib -o provider_7.dylib"
SNF-105,0,9da6449a1c128062be0b0807de1a2d65e84225572785e6d8f89c78c44dd7117c,48aab9eda6c555b436f232fd8ca724449edc87fb8231f588b420417a555592df,AA7A86D7-F666-4EC5-A180-1AF57DD2BDF6,[],"/usr/bin/clang -dynamiclib -O0 -fno-common provider_0.c -Wl,-install_name,@loader_path/provider_0.dylib -o provider_0.dylib"
SNF-105,1,4ef1e65f7d35905618ed2bd954439c0c2f8feb56177268e304e52d9d92460981,0ee7f1c5b99619b35a7539ac8560d8372cbbe66ada73023b42f81b6c4a40f286,66674740-E594-4602-9C9F-8C8AE0A10716,[0],"/usr/bin/clang -dynamiclib -O0 -fno-common provider_1.c provider_0.dylib -Wl,-install_name,@loader_path/provider_1.dylib -o provider_1.dylib"
SNF-105,2,b26530ef873dab7d8382c2314cd5f10d6947fb8413f79d2fea881da59bf6bc21,0e64b4defd291fd9d1b5c2827042968393a46a0e34db0bd458edc39c23ce0320,7D9B3302-CFB9-4598-B43A-3A0BA11D73BB,[0],"/usr/bin/clang -dynamiclib -O0 -fno-common provider_2.c provider_0.dylib -Wl,-install_name,@loader_path/provider_2.dylib -o provider_2.dylib"
SNF-105,3,f91600e7a595b0ab83b0f51471c6bdba35864359ffe5061cd18373dc04e2ab5c,b545c97de658f9b8df7a501248fc7ba01462e4f4799f35e0efa4ec2447b3d147,F216C8E9-FE63-466D-BD7C-CB5F57A58F18,[1],"/usr/bin/clang -dynamiclib -O0 -fno-common provider_3.c provider_1.dylib -Wl,-install_name,@loader_path/provider_3.dylib -o provider_3.dylib"
SNF-105,4,fb7836c5f3fe455234eb41f5dcbf8d5a9d27f70617136d788f8872be6266f9a2,3749b3ae7fe30a36b2a3edca66257697f0d2c6f918395405302287419745f00b,57EACA89-08AF-4CD7-9DF7-978F0BF198FA,[2],"/usr/bin/clang -dynamiclib -O0 -fno-common provider_4.c provider_2.dylib -Wl,-install_name,@loader_path/provider_4.dylib -o provider_4.dylib"
SNF-105,5,ad730fb9d0d7fee8570a5b9b9ee7ba09f79f12e5e125655a53d24f52f4b1dc4e,b43783db42bce96d38e7849591d94ec5a45f127293aa0d903974537e1645c41b,2DB38CEF-24AC-42B9-A7B8-06F01F5B400D,[1],"/usr/bin/clang -dynamiclib -O0 -fno-common provider_5.c provider_1.dylib -Wl,-install_name,@loader_path/provider_5.dylib -o provider_5.dylib"
SNF-105,6,a8cf0e1a3fdd6fc69881a6d21917476fb541cd03582eca109e1e9490b10bcec3,210e10ecaa92ecfdaa433e6be2813acc1c51911868eedea1b8cbf077119df1ae,C6A6B019-1FE5-40CD-B90D-09F5E3CA16E8,[5],"/usr/bin/clang -dynamiclib -O0 -fno-common provider_6.c provider_5.dylib -Wl,-install_name,@loader_path/provider_6.dylib -o provider_6.dylib"
SNF-105,7,9d2ceda278e95d0b1b31e2537fe64d0a6d133769aed0bf6581719468376d2398,a1fa3a011c788535e35a694a280f3ee346303c2cac4df7b0363f00f4541246c6,2F2BF42C-4193-4065-9137-CFEA437FEE8A,[],"/usr/bin/clang -dynamiclib -O0 -fno-common provider_7.c -Wl,-install_name,@loader_path/provider_7.dylib -o provider_7.dylib"
SNF-106,0,cac9480de238501e0b2ae97ff5eebabdf890a60136bac1c4d6079898855f04c7,9edda285306f3359e92bc5ad101cc0dd5b2b20c582ee2e12f5960e8e8ea47752,3CDF0E6B-9A4A-4F6D-A721-F740E3A5FAF1,[],"/usr/bin/clang -dynamiclib -O0 -fno-common provider_0.c -Wl,-install_name,@loader_path/provider_0.dylib -o provider_0.dylib"
SNF-106,1,d82a2ef17cfcd30e7605051aa933d7c8536b0855386d7300293c746ef9123e6d,a2e10b6c471065f8174bd5749c0091badc723e3858c24be7521cc9108c6c6fae,4D1CB74E-9425-4960-A46E-081105EA156B,[0],"/usr/bin/clang -dynamiclib -O0 -fno-common provider_1.c provider_0.dylib -Wl,-install_name,@loader_path/provider_1.dylib -o provider_1.dylib"
SNF-106,2,0f87fe7c090a6cb9edc103d7bc19244f10d2121f72d3bcb0f83cd261c8f09ded,3658bd5497a12105ae5c57f1c094aa921a9bc1f9cfef439264c619f5dc906520,513546F4-4F12-4E02-BB2C-06DE18DF5C58,[1],"/usr/bin/clang -dynamiclib -O0 -fno-common provider_2.c provider_1.dylib -Wl,-install_name,@loader_path/provider_2.dylib -o provider_2.dylib"
SNF-106,3,2d6b388b1f951e3400640be7fa126f07b8e4e46738020a7ee2237cb980925f84,60f14e44b46d542641d5c398c23bfeb446333bbc2ad97b7150fba37c17eddcbb,9C4A1D2F-05BE-4EB9-AB52-AB7782E2773C,[1],"/usr/bin/clang -dynamiclib -O0 -fno-common provider_3.c provider_1.dylib -Wl,-install_name,@loader_path/provider_3.dylib -o provider_3.dylib"
SNF-106,4,7d119d75e72bdd166e1fbba7ee82b8c429f3d49d1ff5233b7e0b992dd5da7ec6,5736ea3e923423c46746f23da5c2b0ea5f10af3c489a55fcfc297dcb43a6de4b,DFFE8AE8-3182-41EB-8BF2-A45066CB3722,"[0,1]","/usr/bin/clang -dynamiclib -O0 -fno-common provider_4.c provider_0.dylib provider_1.dylib -Wl,-install_name,@loader_path/provider_4.dylib -o provider_4.dylib"
SNF-106,5,f942dbfe09a2b51ed0a7744ca23a8acb64dbd0dd94dc8a5875bbc457f1da5dae,7bc722f14cc93f13fe5fa8f01a9377955cae19ebefda51ff5d6ec4eed928abbf,B8766208-088D-45FC-AA52-FB72C41AFD0C,"[1,4]","/usr/bin/clang -dynamiclib -O0 -fno-common provider_5.c provider_1.dylib provider_4.dylib -Wl,-install_name,@loader_path/provider_5.dylib -o provider_5.dylib"
SNF-106,6,a77c9401863be5e3092e36b8f24b1935c0c29c4526d1b440cb5a86ccea9d3a75,e5edfc9ff3cf2a3f6aa53fefe976df5c63a4226d9965916bd35513387d9a2492,9A79C569-F11C-4BAA-A21D-E104A379EA96,"[2,3]","/usr/bin/clang -dynamiclib -O0 -fno-common provider_6.c provider_2.dylib provider_3.dylib -Wl,-install_name,@loader_path/provider_6.dylib -o provider_6.dylib"
SNF-106,7,e8f777139f7911b53b93eb29ba957c36855b5da698c5a0cd85180feff92e4088,0d5b2c1e2ed2a755762f3e8d29d4d028a99064eb06ac847e0cfab42f19a9e3bb,E9BB903E-B0EE-4CF3-921B-CFA2EA895A2F,[],"/usr/bin/clang -dynamiclib -O0 -fno-common provider_7.c -Wl,-install_name,@loader_path/provider_7.dylib -o provider_7.dylib"
SNF-107,0,2852d9b9d68fafa3861f26d89df66db9ab50dd09455d6ad8a829c261fdf247ef,964d8d98564a63ac1e828e54aa6810a7218b7bf3227e3a23b16e8a09b457b6d6,8076B357-5C64-4838-AC8C-FE5328528201,[],"/usr/bin/clang -dynamiclib -O0 -fno-common provider_0.c -Wl,-install_name,@loader_path/provider_0.dylib -o provider_0.dylib"
SNF-107,1,259678265b38ce8eb93f9f3fab6a324c5589115ffdd890b7319d0f2ded286d69,691ce6f79bb7c65fc2ea9201e21fe58fecca70fa18f38107c3d7b84549593707,D79D578B-13FF-408E-B5C5-0F9F5F5C78D3,[0],"/usr/bin/clang -dynamiclib -O0 -fno-common provider_1.c provider_0.dylib -Wl,-install_name,@loader_path/provider_1.dylib -o provider_1.dylib"
SNF-107,2,0e0f745c112f1527a8bfe648a954a6c1e5ea80ebcc58e25600236ea68da75459,5d6f568eb9abca06c4251f29f8eb5514d5e6dfbadde5322e58254eb6de109d10,5B015D6F-98BD-4660-8A0E-795EFBE91ABB,[],"/usr/bin/clang -dynamiclib -O0 -fno-common provider_2.c -Wl,-install_name,@loader_path/provider_2.dylib -o provider_2.dylib"
SNF-107,3,34966215199a0dfee2e514cd492652e57dd73d9ef83fceef566373219db43e78,275869329f6971dff736764e624f67473f99bab610b0aafffe27d85dab2b97aa,D11BBA7A-A66B-442A-A628-B5F992F93A11,[0],"/usr/bin/clang -dynamiclib -O0 -fno-common provider_3.c provider_0.dylib -Wl,-install_name,@loader_path/provider_3.dylib -o provider_3.dylib"
SNF-107,4,a4490fea63da2b00cb74749567f4da8fd74414154ca8853a8ab99f731e8ad90f,53505e1fe9891a31427214b0713a92200f0c5ff40b58d8daefc740aac0c3dc41,C3B5DC10-467C-4FCD-9BA4-63D8B80BA4FC,[1],"/usr/bin/clang -dynamiclib -O0 -fno-common provider_4.c provider_1.dylib -Wl,-install_name,@loader_path/provider_4.dylib -o provider_4.dylib"
SNF-107,5,7adf6b3759c7565dda3b4d2f8611de82eb580a63f2780f37680e36dbd4ea4a31,a55386b7579effec9456b6ca24b22eb17864f148b97e31f7856b51e6d8fb2431,B2221E9D-AEC5-4408-BE41-9FFFDB57F718,[4],"/usr/bin/clang -dynamiclib -O0 -fno-common provider_5.c provider_4.dylib -Wl,-install_name,@loader_path/provider_5.dylib -o provider_5.dylib"
SNF-107,6,4e331bb78498b23ecb0c77febdd9b8ce87d53ab68bd0e94b832e79511b863b38,31e35d0845848a9cfd551cb0c177ea002bc115cf3bbcb96e03ff711ef53558f3,2BEB1DD6-57F7-43B5-B708-04D85FDDAA06,"[1,4]","/usr/bin/clang -dynamiclib -O0 -fno-common provider_6.c provider_1.dylib provider_4.dylib -Wl,-install_name,@loader_path/provider_6.dylib -o provider_6.dylib"
SNF-107,7,e9360ac3faf703637cc3bbba8936b0c702eca8250bc58fe41ecc73b1b1d3a986,82ad5cd54465c7388bc58bb1cb6c0b7303d9ff35370eec1c15521e224f3d08b1,144FDADF-D80F-4FF4-82A7-350B2D0D2126,[],"/usr/bin/clang -dynamiclib -O0 -fno-common provider_7.c -Wl,-install_name,@loader_path/provider_7.dylib -o provider_7.dylib"
SNF-108,0,0a0e81badb680a039030969443c9e4b2a210bf76e9668faea6547c2156f8182e,4c842a4ed8a0ff7cbd0f2576dda69844d64d1f32ff62290a8ac9e8c8a6089575,E48DAA4F-EBB1-4784-9D98-7493EDCBBAB5,[],"/usr/bin/clang -dynamiclib -O0 -fno-common provider_0.c -Wl,-install_name,@loader_path/provider_0.dylib -o provider_0.dylib"
SNF-108,1,d618119feadaff16185cf118eec6d725632d5a9324bb627d62804af6c2894303,9795826b7519d89b3f11ef75ef6abe50be6f2f4eb37f48f0fc47d80d8c9f578b,8E57A821-E47F-4D6B-A7E0-7D4FB94AE9DA,[],"/usr/bin/clang -dynamiclib -O0 -fno-common provider_1.c -Wl,-install_name,@loader_path/provider_1.dylib -o provider_1.dylib"
SNF-108,2,3a42f794e1808dcc92aae61412e43f5c7ba4498cd26c1a902ced463562e49c9e,e2029456bcec1c8c0103a21ccdf766b25eb6bc4221ee881ea74b55d010c301c6,7254CC7E-9013-4481-9B69-0DB837677007,"[0,1]","/usr/bin/clang -dynamiclib -O0 -fno-common provider_2.c provider_0.dylib provider_1.dylib -Wl,-install_name,@loader_path/provider_2.dylib -o provider_2.dylib"
SNF-108,3,409ca7ca5fe487b04c74e8c4cbc27e41de5ad3bd7253863e1ffb31cd099de060,690ee0b548dca77e62e7e4e8b7286521cbb70803608107177ce9fa32e9b80d4c,33CD384F-50C2-48BD-9321-05EDA810F1AD,"[0,1]","/usr/bin/clang -dynamiclib -O0 -fno-common provider_3.c provider_0.dylib provider_1.dylib -Wl,-install_name,@loader_path/provider_3.dylib -o provider_3.dylib"
SNF-108,4,de7cbfbad45304cc75d28223990fe0bc0d4dffb6ca52c0b7deb7efda0795d62b,e98322845d22a98679f9054c6567285aa16092c6b7ad189180aae4990f65a715,DD9E516D-BEB9-47B9-9812-C1ADBE4547EB,[3],"/usr/bin/clang -dynamiclib -O0 -fno-common provider_4.c provider_3.dylib -Wl,-install_name,@loader_path/provider_4.dylib -o provider_4.dylib"
SNF-108,5,4f9dd1fb43944f0d9a8cbbdb00d2e59648c270f42e6aefd0c0695c878bcaeec1,cf84e5c507d0ce3a06b0b445db5a5fa9fa0469c89d189ac8a87926c5a90146d1,F4B9D0CD-122A-4780-BA09-FF28CDA81E85,[3],"/usr/bin/clang -dynamiclib -O0 -fno-common provider_5.c provider_3.dylib -Wl,-install_name,@loader_path/provider_5.dylib -o provider_5.dylib"
SNF-108,6,bd601c7cd5f54653b3d794dc81a2beb43aed520a44017ba646de47c129c184d9,ef466a73ce357e3232d9ff1ba8851034a8255e72a790b9d7b9da5502c61c2499,9341922E-C9E2-43AD-9B72-B4175B0A2525,"[0,5]","/usr/bin/clang -dynamiclib -O0 -fno-common provider_6.c provider_0.dylib provider_5.dylib -Wl,-install_name,@loader_path/provider_6.dylib -o provider_6.dylib"
SNF-108,7,2cae5b8cf642d66530253b11a69d5d3f52981f54c4b15f023e5b77537c7237c6,6a390264d0105dc843c42f45e60f8a585344cfcbb27a4d0d5222ca24266f0d41,C9FFC35E-15A3-4CA7-B7DC-1526889E461C,[6],"/usr/bin/clang -dynamiclib -O0 -fno-common provider_7.c provider_6.dylib -Wl,-install_name,@loader_path/provider_7.dylib -o provider_7.dylib"
SNF-109,0,fbc496593b69b2be1808e3c6e7a20fa93f7903659e9c34b27c170b99f881c0ae,394d3aeed1ea944f4d578c27a21e42d82c1ddb3b7cf3dd3eda1d2b99c55ad8bb,AE2F7D97-4462-4148-BB8D-E8E740CA1A04,[],"/usr/bin/clang -dynamiclib -O0 -fno-common provider_0.c -Wl,-install_name,@loader_path/provider_0.dylib -o provider_0.dylib"
SNF-109,1,501e0c48279ab93d94ec00408cb5b7b7a62aa6a618e95524ccea7f65bf21d981,70a191ca9355fe5db2cf19c0930ed2c18506295e5d335ffa836e0b47ee157abb,7D181F66-2469-4E60-B4F0-A074E2B6DC85,[],"/usr/bin/clang -dynamiclib -O0 -fno-common provider_1.c -Wl,-install_name,@loader_path/provider_1.dylib -o provider_1.dylib"
SNF-109,2,bc0e2ed620a8cedc178478d99e9f689fc17931a2cce26abef28ad55cb3e860f3,37dcb14f994bca01bacfa811cb2022d3842f0874e39452735961bbe2a741eeff,94B89A17-C862-497D-9A1B-374C11DFF9CB,[0],"/usr/bin/clang -dynamiclib -O0 -fno-common provider_2.c provider_0.dylib -Wl,-install_name,@loader_path/provider_2.dylib -o provider_2.dylib"
SNF-109,3,2d7a2a3550d6c876533f556fd9bed3a2c4eaf6beed85315fc43efbfbe7e745c0,96ea6e9fe60ee0da4ab44fcb1bda4f3c56a5e6ffebdb60c20d3646ab42a2239f,51A95B4E-1143-4A0E-802F-1D37131E1FC7,[0],"/usr/bin/clang -dynamiclib -O0 -fno-common provider_3.c provider_0.dylib -Wl,-install_name,@loader_path/provider_3.dylib -o provider_3.dylib"
SNF-109,4,e79674b3f14640b1703f986254882f973245402cb3ae144d7f6bd20517b49fef,9b83a7d1b6ca4d4949d646ea09c33e216dc35fffbeaec87d9785fa70581a5caf,667D6CB2-8C50-451B-B193-9ADE3F0EC30D,[0],"/usr/bin/clang -dynamiclib -O0 -fno-common provider_4.c provider_0.dylib -Wl,-install_name,@loader_path/provider_4.dylib -o provider_4.dylib"
SNF-109,5,82e07735a0715e789cd50f66350009d5fa3343772054d15e34909612f918d52e,74d9c92d65eeed105610d1e7fdca8b153ffc9dbb94c19b34bf2247afed64ac2f,6CED863E-0874-4F47-920B-ACDC5191DC3F,[1],"/usr/bin/clang -dynamiclib -O0 -fno-common provider_5.c provider_1.dylib -Wl,-install_name,@loader_path/provider_5.dylib -o provider_5.dylib"
SNF-109,6,d45e8d10efb7565ee0195f5d63c553d9f3a5ec540641459694c67b3806b85dfc,c2fd6b4ef85a59d3abc339c4dbe5dcf7a801f1b89343176dd401b3b36343d24c,C74B0453-310C-4455-89FC-DC12B79211C8,"[1,5]","/usr/bin/clang -dynamiclib -O0 -fno-common provider_6.c provider_1.dylib provider_5.dylib -Wl,-install_name,@loader_path/provider_6.dylib -o provider_6.dylib"
SNF-109,7,a9b84b1ba287d15d5c98fe5b9a4d7f416b850cbd66d9d48ae56863f146cd50d7,53fed7bdc16657dcc52c08658fa7a10e371ac7d6f6bc8411f96d05ae18d8c3c9,592E0FC3-D323-4900-AEE5-4C073A92E383,[],"/usr/bin/clang -dynamiclib -O0 -fno-common provider_7.c -Wl,-install_name,@loader_path/provider_7.dylib -o provider_7.dylib"
SNF-110,0,76a6bc9f4ed8ec60e770d6fc46820b880d17e402d731d39c1033abc520ebcbfd,45b7c828711abc6ab72da0f64749d573a24687f7bfb69da015ee225eb8312e08,9F0C7E80-B426-4FBB-A067-FAA12D2BC874,[],"/usr/bin/clang -dynamiclib -O0 -fno-common provider_0.c -Wl,-install_name,@loader_path/provider_0.dylib -o provider_0.dylib"
SNF-110,1,53a0aca5264e3a05d85880d7a98e8c59891c07174903cf12cd7c318051fdd977,52686b2486517bf38839367ac645d6c54b3fbdf8f5af2ac4adfc30d8b72b6125,FEFDCC6C-19B3-4BD1-8CD8-0DADF103B84B,[],"/usr/bin/clang -dynamiclib -O0 -fno-common provider_1.c -Wl,-install_name,@loader_path/provider_1.dylib -o provider_1.dylib"
SNF-110,2,8daf0d597f3bb8c0b1dad78df43a73f85d1c9b9b2b8abdf37338991ed8c3c196,b4b10c1de1451e7d8fbd0bd090e0560602f20c3dba96b28de81c86456c77d8d9,E15BFD8E-F2E3-42A8-AF88-BD40517E7174,"[0,1]","/usr/bin/clang -dynamiclib -O0 -fno-common provider_2.c provider_0.dylib provider_1.dylib -Wl,-install_name,@loader_path/provider_2.dylib -o provider_2.dylib"
SNF-110,3,c80a471ae194784ebb8c6584494b1caaedcb4bfad6559427fd362699af44bc22,50de06cc866c739fc2701637872a3313519d8249e8bd019893c1886ba13e0241,641D9AAC-D16E-4A79-805A-EB2796C3C903,[2],"/usr/bin/clang -dynamiclib -O0 -fno-common provider_3.c provider_2.dylib -Wl,-install_name,@loader_path/provider_3.dylib -o provider_3.dylib"
SNF-110,4,93b2b3134dbb4286017255d30af6280a579a2d3d4310035a25058dd19d568b2e,19f339dd6506c7375d1a3345aeecfa41a995e87d04a9816c6387172901733260,01D095E0-540C-493F-A98C-5776B2D13440,[2],"/usr/bin/clang -dynamiclib -O0 -fno-common provider_4.c provider_2.dylib -Wl,-install_name,@loader_path/provider_4.dylib -o provider_4.dylib"
SNF-110,5,2b449ad27f552d0b2a489619c28afbebf0d4b921cc7bbccf90b4dcd9cd2b5519,8450e6da410b99478fa1ba20f07298d3cecf44f96c97ac38ea78f834548ed093,617DC38C-8304-4DEA-8DD4-68985B710FE9,"[1,4]","/usr/bin/clang -dynamiclib -O0 -fno-common provider_5.c provider_1.dylib provider_4.dylib -Wl,-install_name,@loader_path/provider_5.dylib -o provider_5.dylib"
SNF-110,6,5e6dd012c334c9f471a06d81b8d1fcae33f4acdb2e545b7b150d6b1685aa8091,5e59ef4e808eb123eb4c4e18530c2e4a429f66dcd7fb08b6e2115c7e7112d57c,E0A49E9C-96B9-4571-B237-E55BA748964A,[2],"/usr/bin/clang -dynamiclib -O0 -fno-common provider_6.c provider_2.dylib -Wl,-install_name,@loader_path/provider_6.dylib -o provider_6.dylib"
SNF-110,7,20facdb7ab844cfdfc90245e60c266064928c1fdba63256a30d6a7558bd37e78,eba41f3fd9772913d25c522ab48ed62a756c374915f8994ddb770d2fafa4bf70,8BA4176B-27BD-42D0-8B0A-1F42330A8C8B,[5],"/usr/bin/clang -dynamiclib -O0 -fno-common provider_7.c provider_5.dylib -Wl,-install_name,@loader_path/provider_7.dylib -o provider_7.dylib"
SNF-111,0,1e24f110fc34589d4fc290cb755081ac4af02209f244176658504eff32c0c677,2f54e8b3e749c7a760e63d28e9188725df0386dad886440d4f5a7a7213e3cfb6,9D44539F-A9AE-4D5B-8E1D-69C846BBBB5D,[],"/usr/bin/clang -dynamiclib -O0 -fno-common provider_0.c -Wl,-install_name,@loader_path/provider_0.dylib -o provider_0.dylib"
SNF-111,1,065c568397cd48010bdd912528044bafde5e39dfb8313045427d24f32855b011,57fca1c33be77a4e6a6c4d994ac67f268bd7eaa7332ef6285b449b665a179d11,6EC14FC4-8069-48CA-A822-E616F614568D,[0],"/usr/bin/clang -dynamiclib -O0 -fno-common provider_1.c provider_0.dylib -Wl,-install_name,@loader_path/provider_1.dylib -o provider_1.dylib"
SNF-111,2,8f0e32cbb4aede469ea1b56342dcdf97bf7e54aef5192078da91897057ff52f8,40a323e81ba04fd436a86970152b2068319ab592ab147a689a084983dd887613,0B70C3FA-9FA7-4BA4-A6D9-D46C2FA9C97F,"[0,1]","/usr/bin/clang -dynamiclib -O0 -fno-common provider_2.c provider_0.dylib provider_1.dylib -Wl,-install_name,@loader_path/provider_2.dylib -o provider_2.dylib"
SNF-111,3,268036967c6c35e2cbbe971e23c197445913dc57f0a118df63ea7d4b5b4f3fbc,0facb1eab64548214a4dff2c00c1fd8613233450d6f191fbf6bb246c5dbae6b1,E62056D2-D922-4BEC-A2F4-FAB92EAB9DCE,[0],"/usr/bin/clang -dynamiclib -O0 -fno-common provider_3.c provider_0.dylib -Wl,-install_name,@loader_path/provider_3.dylib -o provider_3.dylib"
SNF-111,4,e19ad6cde0ec290d0d80b0eb0db4f10c297b42c0eb1345d8e47cdbea08e88ed0,5fb7dd28f1a68869fe4164469ec9a714eed9a2fa581a67059bf09aff4242fa1d,E03D940D-DCDE-4C68-B052-CBF08F0A684F,[3],"/usr/bin/clang -dynamiclib -O0 -fno-common provider_4.c provider_3.dylib -Wl,-install_name,@loader_path/provider_4.dylib -o provider_4.dylib"
SNF-111,5,2e74487be8220aa62a5262176b745ad6222c140ad62e9b1e6f7dc31fc46dad17,fca447eb53f8776e8bfc5cbdeb00bc7e920b96e9aaaa3d3ff0cda942063ba27c,E65F3145-7834-40A4-8893-5DE005BB9089,"[0,3]","/usr/bin/clang -dynamiclib -O0 -fno-common provider_5.c provider_0.dylib provider_3.dylib -Wl,-install_name,@loader_path/provider_5.dylib -o provider_5.dylib"
SNF-111,6,e0bc66e77132c9d191ccfd8a071d462cd1c7522a063819eca6b2a6a3556df53b,c8eb77827326e37317076d3a4f8520f9683a01be2ebdd9f2bebdcfffa55c4f25,14A6282A-302E-4B96-9DFC-DBF9AC6D685C,"[4,5]","/usr/bin/clang -dynamiclib -O0 -fno-common provider_6.c provider_4.dylib provider_5.dylib -Wl,-install_name,@loader_path/provider_6.dylib -o provider_6.dylib"
SNF-111,7,1e7bc24b851200c04c653e6e6e8c274d2bdaac5b545d2cd56f4e6b662fbb24ca,e8001326e98ee3dc06932b371f7a3c40fe4317e9def76a4e8d16f329b5fceb4d,42511FD9-5639-41CB-8FFD-8D0EEFF5147B,[1],"/usr/bin/clang -dynamiclib -O0 -fno-common provider_7.c provider_1.dylib -Wl,-install_name,@loader_path/provider_7.dylib -o provider_7.dylib"
SNF-112,0,2fb978c95c8ccaff002d910486bbc59e0c2cd8de3c6d905d4ffc6166b21f81a2,768735650f8c1bd8fbbb9d5cd470b1409fafbc5c4c84d85c6556983772383850,1138E82F-BFD9-411E-BE9E-83DFF2BE9179,[],"/usr/bin/clang -dynamiclib -O0 -fno-common provider_0.c -Wl,-install_name,@loader_path/provider_0.dylib -o provider_0.dylib"
SNF-112,1,8a72f9c36a9fd4a902f1a67603bad53f4117ff5190397e9078b8997b35994470,e7b0f5e890a24b0d62a160f6459cd1d7d7b35ace9dcce55620b0083642927090,AED66A09-AAE1-4153-9E09-0461EF7917AF,[0],"/usr/bin/clang -dynamiclib -O0 -fno-common provider_1.c provider_0.dylib -Wl,-install_name,@loader_path/provider_1.dylib -o provider_1.dylib"
SNF-112,2,8e01317ec359e1d03fd3460c6fe8f05ce698371139fb3039de0b18a5f99c6503,f0c6aebc06c931f131d0660d0bb872820aaf2911b855aea0c65901943d844a36,40BCB666-DD11-4003-A5C3-C9DC1981D3B7,[0],"/usr/bin/clang -dynamiclib -O0 -fno-common provider_2.c provider_0.dylib -Wl,-install_name,@loader_path/provider_2.dylib -o provider_2.dylib"
SNF-112,3,16530c7de721ec09d05a8098c9216f548ec9c3b35f75dad07e50e9750797d7ea,a7bb081e92dcb81b1cb32f5c828f5da10c74fda8a66ffbc3eeea7fd6fc93a2f4,16BD11BF-1BCE-44B4-9E6A-099535682936,"[0,2]","/usr/bin/clang -dynamiclib -O0 -fno-common provider_3.c provider_0.dylib provider_2.dylib -Wl,-install_name,@loader_path/provider_3.dylib -o provider_3.dylib"
SNF-112,4,ed6c653025b93f0071d94f46e8dfdc1a4cf42bb3d107358f0fd76f5a77d40e19,848d531495735eb6c711c59b656635ab4c13006514f17e9cb56d2b250430d7cd,4CF11C4D-A820-4AFA-9750-C05B6AAF338A,"[1,2]","/usr/bin/clang -dynamiclib -O0 -fno-common provider_4.c provider_1.dylib provider_2.dylib -Wl,-install_name,@loader_path/provider_4.dylib -o provider_4.dylib"
SNF-112,5,3e1060de6bd801c356b9e8b3ea233d90c30bcb1511bbdc4e02ceccfa0be4e662,1711b966a8b6c7a76cacf739629cb325d15fdfccfbd8d6e737764bd5b528a471,215EAFBD-0A09-4973-9694-409D9E1D79E5,[2],"/usr/bin/clang -dynamiclib -O0 -fno-common provider_5.c provider_2.dylib -Wl,-install_name,@loader_path/provider_5.dylib -o provider_5.dylib"
SNF-112,6,af0af115284fc2669a4791ce72bd059fb4c7b3cf5f93c79ecbad8a959b1b5f2a,9cf9f3d61c1c28a276cbac5dbce30bbf8dd8cd9bd598bbfac444f0f95a932dc9,AC1C2CC2-EBC7-4FF4-AD3B-656DB2319842,[4],"/usr/bin/clang -dynamiclib -O0 -fno-common provider_6.c provider_4.dylib -Wl,-install_name,@loader_path/provider_6.dylib -o provider_6.dylib"
SNF-112,7,7a4cc4cb5e4f68ad842b52b6ec278b0d01b5da421fc31abd9aa56eebf338ba96,676e4ed7ab14e8441863b93220028f150dffe542230ac75200df3f9756649d4e,440F74DC-2F82-42A6-84BB-C25E3070CE6C,[4],"/usr/bin/clang -dynamiclib -O0 -fno-common provider_7.c provider_4.dylib -Wl,-install_name,@loader_path/provider_7.dylib -o provider_7.dylib"
SNF-113,0,7e5f3c6f03a3c1ca7fa770a03667b2291b2930a826ba59207aab8867cee305b9,7ad27c94fd260765fe01fecd3860bc1ab6e15ebeb4825d8e2c28877f3d0837de,54B0CAC0-6045-4A86-A101-76D36BD4F5D1,[],"/usr/bin/clang -dynamiclib -O0 -fno-common provider_0.c -Wl,-install_name,@loader_path/provider_0.dylib -o provider_0.dylib"
SNF-113,1,ee61be8ef23156d9129cf8288ae3a91aa4392474e64a94f52de14e7b76f165df,6320dbe615d4575119bc2092e3a4e8dfc891c23181626bf7f01060d44f224f50,848BC694-847A-4103-93E3-18C4D1EBC4A4,[0],"/usr/bin/clang -dynamiclib -O0 -fno-common provider_1.c provider_0.dylib -Wl,-install_name,@loader_path/provider_1.dylib -o provider_1.dylib"
SNF-113,2,9b39416a7a73124ac0994e34a04c0c80d40473aba237effe5d96aecbcdd87237,2a2f88079baabc6f1f750077fa097eb013364df4a653b9823e82e27ea26fc9fc,7A73812C-9B45-4C6F-AA83-59497EF88FBE,[1],"/usr/bin/clang -dynamiclib -O0 -fno-common provider_2.c provider_1.dylib -Wl,-install_name,@loader_path/provider_2.dylib -o provider_2.dylib"
SNF-113,3,813616fc35d69a7332e8929ae98aff2e0c44a77c5696a14157888871cfcf548e,3e8a4e8718cf6460dbd4fb30f6c383ed4171c30c45ca010afcd72927c597cf52,7BD6A306-76E7-4F00-BE55-9256A6487002,[0],"/usr/bin/clang -dynamiclib -O0 -fno-common provider_3.c provider_0.dylib -Wl,-install_name,@loader_path/provider_3.dylib -o provider_3.dylib"
SNF-113,4,5c3e05225bcf405c068abb1384afe0967c01b6a5f366dd2540a6015ea25eff48,e9cf536afefa6da381bb03e79fc41ac859304121be6f836581803d843b9d92bd,B5478395-E440-4334-9C71-AE9C4D955668,[1],"/usr/bin/clang -dynamiclib -O0 -fno-common provider_4.c provider_1.dylib -Wl,-install_name,@loader_path/provider_4.dylib -o provider_4.dylib"
SNF-113,5,51e4b5d481c5a0d054e33a58e990eb64c9f6c8a026e05b10ee682166f313b6ca,115e0549c4c099a4810fdc30920317f9f3ef22e9725ba78d0ca396ac817bbfa7,3BBD6811-F292-4928-B308-40999A270F4C,"[0,3]","/usr/bin/clang -dynamiclib -O0 -fno-common provider_5.c provider_0.dylib provider_3.dylib -Wl,-install_name,@loader_path/provider_5.dylib -o provider_5.dylib"
SNF-113,6,36f99a95687b05dc0f8efe5ff3f70768299b6f4940022b42c7b44a85be6662dd,cda7112e5c15e2eb30dbb9966e28a675ab8db3fbdf82a9a7b37b254ec403a0d8,324FBD33-4BDD-4131-9B74-AAB62238E606,[4],"/usr/bin/clang -dynamiclib -O0 -fno-common provider_6.c provider_4.dylib -Wl,-install_name,@loader_path/provider_6.dylib -o provider_6.dylib"
SNF-113,7,de5740cf060c0fb7442dc56e53a9f1d6fc1ff24cb5a204738c6f8423c9e344d7,f14a7f73beef12f67e0b41a72fec00feed8243d4c6aa8e2882a92117a8dec2de,A409C637-E042-4EF6-A0D0-0243AFF4E7BD,"[0,4]","/usr/bin/clang -dynamiclib -O0 -fno-common provider_7.c provider_0.dylib provider_4.dylib -Wl,-install_name,@loader_path/provider_7.dylib -o provider_7.dylib"
SNF-114,0,3de52d4d73c9eef919d7b21af0bc7ff8a1f3f4af45cef81d0f0948040656450b,44d87cebd647073dc16f8d93c7ce7904032feca068dee35701d1011ce5745e15,6B297390-59C6-41AC-8A75-D721113471B5,[],"/usr/bin/clang -dynamiclib -O0 -fno-common provider_0.c -Wl,-install_name,@loader_path/provider_0.dylib -o provider_0.dylib"
SNF-114,1,ae2738d052e7148e9d9f8982f280f46d03810a7cf088f29ee83b9468654b396e,c56a5ea956bb1ebf74f9a093036c2b2f65aca30c9d53e5ec6582cfaebce55728,1F4F3C67-F2F0-4D9B-B50B-AC87A0E509EB,[0],"/usr/bin/clang -dynamiclib -O0 -fno-common provider_1.c provider_0.dylib -Wl,-install_name,@loader_path/provider_1.dylib -o provider_1.dylib"
SNF-114,2,89ab711af4fdcb98e3fbcdfb87b7cc4a6cbff779f2d6d0e275df37e6a1fb5d71,0c6d3cc37e9a1ce5ad022ca57a79ec78ee8991230e07b4b881da7bea4478762f,74DC9652-C414-4B6D-9BDB-B229F00156A7,[0],"/usr/bin/clang -dynamiclib -O0 -fno-common provider_2.c provider_0.dylib -Wl,-install_name,@loader_path/provider_2.dylib -o provider_2.dylib"
SNF-114,3,a8c64684ee4c4f6fb43ec2dc6ae98a4e6e90535ee392292d8005d9e82cda64a7,f08c59252035d85ffc7efccb1d8733cbb68b9704d0182f1eb1d81756916d54ca,BA865BD3-7EFC-4983-9211-28065B3C7655,[],"/usr/bin/clang -dynamiclib -O0 -fno-common provider_3.c -Wl,-install_name,@loader_path/provider_3.dylib -o provider_3.dylib"
SNF-114,4,4465172e517f055b016b56bc6f8646a73d1b0276505431b71f0d07bad0de5c05,f7b9cc8c083b9e525472a766a10ff7c1d9d095ff6ee4033b405b7f601a8715b8,8C88748F-1FFE-42F1-AFB0-B72331D32210,[1],"/usr/bin/clang -dynamiclib -O0 -fno-common provider_4.c provider_1.dylib -Wl,-install_name,@loader_path/provider_4.dylib -o provider_4.dylib"
SNF-114,5,7a4b28b41869a9d6b9a4f48990f383974cb09f744614ea8f026e2ae69668c2a6,0aa47b3c3ab498b8f3125132af17efdd57512ebdca0ab184244be9ca8408ecab,7A2DBCF4-5E74-4ECB-ADCF-68D2ED13B29B,[1],"/usr/bin/clang -dynamiclib -O0 -fno-common provider_5.c provider_1.dylib -Wl,-install_name,@loader_path/provider_5.dylib -o provider_5.dylib"
SNF-114,6,e2325905b58365526156ae85f7fb3365262aedd5f7beb1d9d15c3d72c0e6cacb,583733df214f9a0bdef57f8851ce05205f59c330f678ae0c66e9e52ae3f81cbd,8C6A3EF5-939C-445F-B540-11C82E75D0F2,"[0,3]","/usr/bin/clang -dynamiclib -O0 -fno-common provider_6.c provider_0.dylib provider_3.dylib -Wl,-install_name,@loader_path/provider_6.dylib -o provider_6.dylib"
SNF-114,7,c5a51a62af6850d9f77d676bd01bdee8dd322196014c0b1df3d2ca88c914f8bc,53ef641ac01ea7aceb004ab371e1e6755ed8e2329955057dd65c37b39d1c27aa,991AAE17-BB79-446A-96E8-B62521E1DCE7,[0],"/usr/bin/clang -dynamiclib -O0 -fno-common provider_7.c provider_0.dylib -Wl,-install_name,@loader_path/provider_7.dylib -o provider_7.dylib"
SNF-115,0,c7ab22bbb89bc1464e9c8c17fddccaf6d7325bda021622f951325d54b0aaa5be,3229e7b213e96cd3d58b8305186bed6fc115a8110c0a89a13738038ce6e33d4f,C5948EC0-2AF4-45F7-8B3C-F914AAFCB89D,[],"/usr/bin/clang -dynamiclib -O0 -fno-common provider_0.c -Wl,-install_name,@loader_path/provider_0.dylib -o provider_0.dylib"
SNF-115,1,39dcc4cf5ae323b8c0ba887645775f3fe3e3c0827650983d45ea02d3ab8b6f61,db93c23936fb0270881d19c7ffcb6b8d5cd73178892a6a6c98f7b29dd9177e48,4A4563D5-9822-43C3-91A9-A6FF72B6EAF5,[0],"/usr/bin/clang -dynamiclib -O0 -fno-common provider_1.c provider_0.dylib -Wl,-install_name,@loader_path/provider_1.dylib -o provider_1.dylib"
SNF-115,2,eb393bc618fbf88c230d4cc025c76922cf53ce091034305de378ef2a198d6ea3,127f80e59469f450015ecec5a63ee0851a8aa5594cff5c356debe7fccade4b5a,65190760-DE76-4F08-896A-F28C68DB8E93,[1],"/usr/bin/clang -dynamiclib -O0 -fno-common provider_2.c provider_1.dylib -Wl,-install_name,@loader_path/provider_2.dylib -o provider_2.dylib"
SNF-115,3,33d68d8dcf884f2919c8ce1038a776d78d8b24247d9fcd89c077adc73532de6b,28ff85a16266b5d960addb39be7621581a53af49caae7ca33c07df75d699c2f1,2D7CA933-D248-42B9-8DC1-15BFB7837529,"[0,2]","/usr/bin/clang -dynamiclib -O0 -fno-common provider_3.c provider_0.dylib provider_2.dylib -Wl,-install_name,@loader_path/provider_3.dylib -o provider_3.dylib"
SNF-115,4,e2e174af04d2ac0b3d41344125afb771891bada939804513fa7366c2f40d336b,b5f763246e79fc92b90cd804663b85fef5c556b500907eee26d7988ff521b332,38916EF7-63AD-4CD9-8853-7A7C0D6041AA,[],"/usr/bin/clang -dynamiclib -O0 -fno-common provider_4.c -Wl,-install_name,@loader_path/provider_4.dylib -o provider_4.dylib"
SNF-115,5,d3e08d347b5aa29378742abf6874fddc24fd31f8da8f2e3d9841135f3b47c9a3,a00c718939c4eed7580162d498f9b14e10cdc4fe7530e1974d2eba7fce8808f5,92BC0FF4-6EA9-4D4D-B776-4E79990722C0,[1],"/usr/bin/clang -dynamiclib -O0 -fno-common provider_5.c provider_1.dylib -Wl,-install_name,@loader_path/provider_5.dylib -o provider_5.dylib"
SNF-115,6,339deb1abd1a24c0e9bec24abc02444e41b6948891f7b8fe21f547de043acdff,40b92d115037136c6553a51330a6dcd9fe65836fc983e7e3c969bf73dd6e2ff4,76F21653-2F28-4625-9A08-F74908FF9A9E,[0],"/usr/bin/clang -dynamiclib -O0 -fno-common provider_6.c provider_0.dylib -Wl,-install_name,@loader_path/provider_6.dylib -o provider_6.dylib"
SNF-115,7,97c9052b5a5742b6aaf8be9d316eb62b09b1e2bc6915812df264885bf9c64585,c67b752496a26c79b3ceb8e7d27e40fc791df767099ab926b2c65c7b1ea56a29,4418E8AC-33B7-452D-B5B2-4E25F79AC258,"[3,6]","/usr/bin/clang -dynamiclib -O0 -fno-common provider_7.c provider_3.dylib provider_6.dylib -Wl,-install_name,@loader_path/provider_7.dylib -o provider_7.dylib"
SNF-116,0,c0f60fc3413c08477198152d5f7371d3d50714be4eb145ab3b657aa31634847e,b4b526f89b7a33f142ffdd47dedfebe6077f3b553f0a2f29df7375ef3948f21e,D914DD8C-8C92-4C38-8D6F-D12223E31839,[],"/usr/bin/clang -dynamiclib -O0 -fno-common provider_0.c -Wl,-install_name,@loader_path/provider_0.dylib -o provider_0.dylib"
SNF-116,1,486111b15de5170b37583bf2a0101a286d56858ce0747a3bea3d09ea1098cd6e,f90047dec532b0d9b8305512f63fd292b67fd28c9ce3ae9a4f6af03165be282e,A4AB6807-AD19-4452-BD71-41FC0994BE75,[0],"/usr/bin/clang -dynamiclib -O0 -fno-common provider_1.c provider_0.dylib -Wl,-install_name,@loader_path/provider_1.dylib -o provider_1.dylib"
SNF-116,2,c4a50648a3af562688617a8f030dcc840281155ef8a9fe2cd0e21bb4e10a4ce5,1b383d590a84cab32fcccceb08a08d4c93def809809527181847f0a4f45dc097,150C3CA2-E44E-4B97-9568-E3AA02C940B9,[1],"/usr/bin/clang -dynamiclib -O0 -fno-common provider_2.c provider_1.dylib -Wl,-install_name,@loader_path/provider_2.dylib -o provider_2.dylib"
SNF-116,3,80e3bf1cab163d43202e8e1b129b36d7afdc0602789146ae65cd092367e4fb98,8b9c752526accd3e5ea018925b8f8879716d921269e88f8b4b71aa68d0776f1b,1BF88E1C-1D0B-4FC8-B6A0-EE4D8B4866B4,"[0,1]","/usr/bin/clang -dynamiclib -O0 -fno-common provider_3.c provider_0.dylib provider_1.dylib -Wl,-install_name,@loader_path/provider_3.dylib -o provider_3.dylib"
SNF-116,4,980521660818706dd0bdc1b9e3748386ece83fa9b89a8facebe807a12f25bff6,aef50c8a6151fb62d6351d2ee4c0c466e0c37a234ade5ef2e5e7816335b6490c,BC2CF0A8-1245-4084-A0FF-3A771B394AF2,[0],"/usr/bin/clang -dynamiclib -O0 -fno-common provider_4.c provider_0.dylib -Wl,-install_name,@loader_path/provider_4.dylib -o provider_4.dylib"
SNF-116,5,043ccb66990004ed7590a4fe5d396b53bc415b248881bdb781ee1237295e2bf5,fc5e587eb5364b99863765190f435ec4de97b867fa1d80c046d8dcd37499b831,D21C8083-9189-4F7C-A136-8579CD745656,[],"/usr/bin/clang -dynamiclib -O0 -fno-common provider_5.c -Wl,-install_name,@loader_path/provider_5.dylib -o provider_5.dylib"
SNF-116,6,1ac3c576c6c5f3fba23ae2fd09b124ff583fed3516d50bc27fef4e09a4bf2613,698eb6f6fd7c08569f345d3955571e911e91328c753561c2f70f2bc1d9eaffc1,BC379765-B191-4566-8592-2854CDAEB658,"[3,4]","/usr/bin/clang -dynamiclib -O0 -fno-common provider_6.c provider_3.dylib provider_4.dylib -Wl,-install_name,@loader_path/provider_6.dylib -o provider_6.dylib"
SNF-116,7,fa00d18633129253f00d4bcd0cac93ed90325bdcf78f615fe28283a084995337,a9353bed476a5b9f1dc1ef44427e5ce1df3e99d3e8cfc7b2b1e6f5a4cfdcb3d4,F7AEDE52-8336-4451-8911-140FFF261C1B,[3],"/usr/bin/clang -dynamiclib -O0 -fno-common provider_7.c provider_3.dylib -Wl,-install_name,@loader_path/provider_7.dylib -o provider_7.dylib"
SNF-117,0,c49132a24681b85ee52826dc6fa1e3c958043eea9c830e9c8dda821214f2356c,3e6e674491fc06c99cd07dd718ddfa431b9d84481b7d60d026d453e58574a19b,B9F96664-98DF-4C03-A04E-710C1CB43D35,[],"/usr/bin/clang -dynamiclib -O0 -fno-common provider_0.c -Wl,-install_name,@loader_path/provider_0.dylib -o provider_0.dylib"
SNF-117,1,56306178f3c76564801e5d60bbab8f895b381604602ba17d02d2e5546e51dc39,1a581a42cb1af676273e603b939bc2d439d35eefc7e7ed9e76d25850612dffb7,9CB3C703-2F77-490B-B788-FAAF1C2A7372,[0],"/usr/bin/clang -dynamiclib -O0 -fno-common provider_1.c provider_0.dylib -Wl,-install_name,@loader_path/provider_1.dylib -o provider_1.dylib"
SNF-117,2,a16f57585b3764818561cd14880c2b2c6de7f5d5f6f8c458102e1af24bfee8e8,9b10e53d64c7751a434de6d37cb489c8f0dd56e17155bb19d64add3a407f765c,678F52DB-0B8C-44AF-BD68-EA611C4B1A82,"[0,1]","/usr/bin/clang -dynamiclib -O0 -fno-common provider_2.c provider_0.dylib provider_1.dylib -Wl,-install_name,@loader_path/provider_2.dylib -o provider_2.dylib"
SNF-117,3,8f776588c46021acc71456873d5d941af0f249fb4d845d0ec7137f2474de9e34,7552e6c7add419ba227680baf8a2a3acbbbfcd4d2fa0becd52475e3335bb52ab,8DABEF3D-712A-4BC8-8092-BE23F891366B,[1],"/usr/bin/clang -dynamiclib -O0 -fno-common provider_3.c provider_1.dylib -Wl,-install_name,@loader_path/provider_3.dylib -o provider_3.dylib"
SNF-117,4,2bd929cf1cd8d2e8f673ffc176827a112116600571d4e92ffcfc93e5a183ea92,bb644f1bc4a7d7de11222da59bfc8bece334e67fe9e2a3fa5ce054293d348ea4,78A58D30-2EFD-4B38-B738-D9724DD7CD7C,"[2,3]","/usr/bin/clang -dynamiclib -O0 -fno-common provider_4.c provider_2.dylib provider_3.dylib -Wl,-install_name,@loader_path/provider_4.dylib -o provider_4.dylib"
SNF-117,5,e65644a5c9547e7db6390032c4dcab0a296185f25eee7b837b0448d0fc1f9e33,befca7cd7149f1cc2b72e8ef4d2555d859e19da33d04b26310921b33234bcd98,A3F2D460-C36E-4C6F-9E89-300457F19467,[0],"/usr/bin/clang -dynamiclib -O0 -fno-common provider_5.c provider_0.dylib -Wl,-install_name,@loader_path/provider_5.dylib -o provider_5.dylib"
SNF-117,6,fb2bc37684861d5bc805d0dd4736d347ab62c06683643130a8a1ab11b879c93b,709e495490b36b3386502f4230bc97a454d8f9d0607b90f21053fdd13fe572f1,8195F3D6-DF81-40F6-9726-5AE69CA2949E,[4],"/usr/bin/clang -dynamiclib -O0 -fno-common provider_6.c provider_4.dylib -Wl,-install_name,@loader_path/provider_6.dylib -o provider_6.dylib"
SNF-117,7,63006e71f6f5b7710a6085c536e649f73da131a6706550c05238c0505616b006,341d12dfe3d7f669b7cf06c1ccbd55fe42dd2da02bffa0fafc9eb3590e143a94,BDAFD23E-B209-4884-A3F6-0D9591892AE7,"[5,6]","/usr/bin/clang -dynamiclib -O0 -fno-common provider_7.c provider_5.dylib provider_6.dylib -Wl,-install_name,@loader_path/provider_7.dylib -o provider_7.dylib"
SNF-118,0,b6dbfe7da06c1217cc203f53c4270abdfa6a8534f6dea4ec6fda06a07eda83ce,9588688c33bbe8ae3cfa3e5a538e6fe4e16b0e551d4346f80411a514ef037217,E53C32F4-ECB4-4971-8B7D-A12865E82277,[],"/usr/bin/clang -dynamiclib -O0 -fno-common provider_0.c -Wl,-install_name,@loader_path/provider_0.dylib -o provider_0.dylib"
SNF-118,1,44973516804a6ceb4504bb97586295aca30f3ac340199a189bbe2196d440a9bc,a7412cc0db0dbdb3912aa0eec7bab0f8c9f73d332e3ce724ac8c444f69d18ccb,6042E63C-FAE1-4167-8149-E21FD5FE76DA,[0],"/usr/bin/clang -dynamiclib -O0 -fno-common provider_1.c provider_0.dylib -Wl,-install_name,@loader_path/provider_1.dylib -o provider_1.dylib"
SNF-118,2,759c60da3490d3c15ac1e7b4d3689f03dd3d1059281ca6290cf9ae597f3b3bec,cda260af17c2c334891a6acfa6b2c31d76d968c5afe834b892ca38c889aec501,6249E0DE-BA38-4620-A448-4D2A36BDA485,"[0,1]","/usr/bin/clang -dynamiclib -O0 -fno-common provider_2.c provider_0.dylib provider_1.dylib -Wl,-install_name,@loader_path/provider_2.dylib -o provider_2.dylib"
SNF-118,3,13136b19951f36100d32567d9313738fb6cbc7faced6e3604c1e6271ccd1f282,570e95eff491b8f6c7490c3cec070a4b0803679fbbacb01b24fa2e366e368700,CFFEF7B5-FB0E-4100-87AF-1EC2E2E22685,[2],"/usr/bin/clang -dynamiclib -O0 -fno-common provider_3.c provider_2.dylib -Wl,-install_name,@loader_path/provider_3.dylib -o provider_3.dylib"
SNF-118,4,58c02f3bcbedddff41478a9892df8166ca6d3d4ba629f0f73c3b1a4164c15cb5,5acd46b5f9fba28288a2a6e9e9c908adfddff9182129b595c1e624a721cd56f6,EF157B1D-0ACB-4F59-BF5B-399D5FB45C75,[],"/usr/bin/clang -dynamiclib -O0 -fno-common provider_4.c -Wl,-install_name,@loader_path/provider_4.dylib -o provider_4.dylib"
SNF-118,5,8dd34095fa988caa9e2d21b3632fe132009fac5b132c06367b61ad08aa1702c0,b06ea20459829fd2d17989ae141970f52068eba24decbf97e72d25dbd346a784,8A8AE7AC-7BA4-4827-AB98-E62E6E7C9D77,[],"/usr/bin/clang -dynamiclib -O0 -fno-common provider_5.c -Wl,-install_name,@loader_path/provider_5.dylib -o provider_5.dylib"
SNF-118,6,af9365827c62ca683db97731151095747ad30cafc6b8e0fa37126bd33a2e7018,dc9952a32b644457b5a53080147f16b789ec2b52ee905b324a074c4c42889476,6FC35404-213A-4854-8816-B476C9C5F6E8,[2],"/usr/bin/clang -dynamiclib -O0 -fno-common provider_6.c provider_2.dylib -Wl,-install_name,@loader_path/provider_6.dylib -o provider_6.dylib"
SNF-118,7,4e4e9530fa9cc42ccc924e212219347fff846b333a6c27ec405ec06a118a7828,51d8ebbd2a62bb6c64b949a6caa05c0d01339dd3b0ba45cad6d06dcf613becb4,89A4CE3A-3474-46C3-96B3-C07D271878D0,[],"/usr/bin/clang -dynamiclib -O0 -fno-common provider_7.c -Wl,-install_name,@loader_path/provider_7.dylib -o provider_7.dylib"
SNF-119,0,ad4321c1ffb02e675213894767082e6247fd8ffe87536bfdd6e9021ffc605023,9b00e9c76a2efc90c9388c760dbc148cf31f0f5d4cba37bf78f9d23ba75304a8,52145FAF-F793-4AE6-867F-73E2217D531E,[],"/usr/bin/clang -dynamiclib -O0 -fno-common provider_0.c -Wl,-install_name,@loader_path/provider_0.dylib -o provider_0.dylib"
SNF-119,1,414c4e565f97d3bd92a1db3dd0c4652237dfb055e961b46648111a6a2af66634,a7f96a9f9d31d3a56f272568bfcbf9a283fe302efe8745847fcd4b8f2b3a28cc,030543CF-1C73-4C83-8E59-CEE1B2D125D7,[0],"/usr/bin/clang -dynamiclib -O0 -fno-common provider_1.c provider_0.dylib -Wl,-install_name,@loader_path/provider_1.dylib -o provider_1.dylib"
SNF-119,2,8d3ba7ea5bf9a2ded50bd3da0e2df18da8ecfa607323ecd847bd30140fd7e2a8,1ad6525322c7653056bb7f2ef7e01260e8f4a70b86264707b5a8b02da72eb4ce,9F92CAE8-C486-4426-A65B-5D491A395EA7,"[0,1]","/usr/bin/clang -dynamiclib -O0 -fno-common provider_2.c provider_0.dylib provider_1.dylib -Wl,-install_name,@loader_path/provider_2.dylib -o provider_2.dylib"
SNF-119,3,85a973acee6722eeac440b167d65ae7ce14167e3f98c6804ec1fbc102bc7296a,8c8e91f5319ac55b875cc536c1b7115c0afb213e0b909f01421f38ab8bca9399,811F9D4A-898E-438A-AD03-DB351B5453E3,"[1,2]","/usr/bin/clang -dynamiclib -O0 -fno-common provider_3.c provider_1.dylib provider_2.dylib -Wl,-install_name,@loader_path/provider_3.dylib -o provider_3.dylib"
SNF-119,4,dab2824a6ed24dd02d2171ef9e19fad5fe58a5511ce7353c99c18aef6e01fe3f,46fb81ac5b20a093fe55b2e96297d1de05a03d0a5f37fa2c784ff185e704fb97,071982C3-4791-4941-97CF-B5C87360356A,"[2,3]","/usr/bin/clang -dynamiclib -O0 -fno-common provider_4.c provider_2.dylib provider_3.dylib -Wl,-install_name,@loader_path/provider_4.dylib -o provider_4.dylib"
SNF-119,5,6d56d39f12c8d4dbcdc431ceebb3faf3439af993a26a12471a06d7038b21b886,f560d335c5f9c61f355b898ce6800d670bbb77ad32d5ed15e8c988740d7241a0,4EE1C55C-815A-43CA-A5B9-2E316A1B0495,[],"/usr/bin/clang -dynamiclib -O0 -fno-common provider_5.c -Wl,-install_name,@loader_path/provider_5.dylib -o provider_5.dylib"
SNF-119,6,c690a7b97e86b2ac03cfee2e8768246c8fdae92983b970b8a8747059e8f1c1bb,a93d11362eb3b544754ca099540b9380a458650082a4ff16d4be27a2f263add3,10E61CA2-8AB2-43B6-8FFC-0708DEB8AD6C,"[0,1]","/usr/bin/clang -dynamiclib -O0 -fno-common provider_6.c provider_0.dylib provider_1.dylib -Wl,-install_name,@loader_path/provider_6.dylib -o provider_6.dylib"
SNF-119,7,db67bf0c53f2ece39dba12146138316ee4310e3c0526277116d87be3ea92a787,ecb07652dd2b41b93e4393983026ff1a575b32175183ecfa0ac51e6ca4360d93,7EB9563F-2F70-4EB1-BC48-F418CCC3AD40,[0],"/usr/bin/clang -dynamiclib -O0 -fno-common provider_7.c provider_0.dylib -Wl,-install_name,@loader_path/provider_7.dylib -o provider_7.dylib"
SNF-120,0,606f9be0b5c3a28f26434aa5e9bb30b03b215bd1ff871bdaaafeae4142beedc5,b6bdf21a3af6abc5b956b4960ab1b259fe6a242834159423711307e365bf8318,BC3D1DAA-15E0-4C71-9F6C-AAC42BC923B3,[],"/usr/bin/clang -dynamiclib -O0 -fno-common provider_0.c -Wl,-install_name,@loader_path/provider_0.dylib -o provider_0.dylib"
SNF-120,1,e6d9d4acc9ec41250b10edff6ca7e7f213c94f58d685972fc3e5af6fa2c249b5,afa74724882389de7ed98099181920087dfcdcff56c08d4c4d85f7e2327d0ec9,D567B10F-B8B3-4ADF-88B3-7B0A2E75E7F6,[0],"/usr/bin/clang -dynamiclib -O0 -fno-common provider_1.c provider_0.dylib -Wl,-install_name,@loader_path/provider_1.dylib -o provider_1.dylib"
SNF-120,2,1797613fcb003ba3e62c28f92ffcfed48aa1e10511685ea691252534697c4552,362aa98f69baf60ceb851d7a40c6754162b4f8daa3b0b0d39506d12a98390841,EA589CA7-761A-449B-85ED-73FF565988D7,[1],"/usr/bin/clang -dynamiclib -O0 -fno-common provider_2.c provider_1.dylib -Wl,-install_name,@loader_path/provider_2.dylib -o provider_2.dylib"
SNF-120,3,d5c7848d627bdaef09324b6aecbe76fc614a1af3cef753ce585543c84e283dbd,03b891d119c9b085944650e3befb1b48310a9887654efa8af71719426abf9a35,328F83AF-7B7F-4337-AA08-DD1D395ECB99,[1],"/usr/bin/clang -dynamiclib -O0 -fno-common provider_3.c provider_1.dylib -Wl,-install_name,@loader_path/provider_3.dylib -o provider_3.dylib"
SNF-120,4,daf88b761d3f6793f7cdcf6fc3c80952edb016a24f55e7296cd715a09020dfcc,4a2c35fbbc212fe6a00c2893616676c62a85ed8f9c8222b21a9da59e40f4dee9,AF2B3DC7-C457-4F53-9FCD-EF58ED24064F,"[0,2]","/usr/bin/clang -dynamiclib -O0 -fno-common provider_4.c provider_0.dylib provider_2.dylib -Wl,-install_name,@loader_path/provider_4.dylib -o provider_4.dylib"
SNF-120,5,7e4df4d1a5b5626de6cf074324182e35db3c6c3d6b00697274f1bd0e72ba2aa2,8c84f194c4c6c926ce7b9443585f4d986ff82cdabfddca43370a256d8b755308,25D1C047-1C7C-4FDE-871A-405421B1FC7B,[1],"/usr/bin/clang -dynamiclib -O0 -fno-common provider_5.c provider_1.dylib -Wl,-install_name,@loader_path/provider_5.dylib -o provider_5.dylib"
SNF-120,6,311375702dcdc7f3a132685750b75e4554efa7a46beda0b0dec95035276db6ce,94308ae63b244b453beb005cd7542aadd0e09fb1dccd3f3158134ea9efd3ce2c,8DC933C9-67B8-45A8-9FB5-74B044BD611E,[3],"/usr/bin/clang -dynamiclib -O0 -fno-common provider_6.c provider_3.dylib -Wl,-install_name,@loader_path/provider_6.dylib -o provider_6.dylib"
SNF-120,7,cea85b670b3b59ad56fc0a069357c8dde11cd1f58e34c716b79a8128efe6978e,0163198972385376ca187bd334b7d9058446d21a0fa2ef96edd21d41162a68a9,B0C5D895-D3D8-4F0D-9A5E-A8C3C196CB7F,"[3,6]","/usr/bin/clang -dynamiclib -O0 -fno-common provider_7.c provider_3.dylib provider_6.dylib -Wl,-install_name,@loader_path/provider_7.dylib -o provider_7.dylib"
SNF-121,0,1409e834e6d5fed86dabda2af39fe899d289444fd49656a5a8c9e2d250ef9a73,ab93e44ccd36b4cf728d02db31b7fb763b722946cfc3c774a039d5a9b3197793,E48835EE-D525-47CE-9979-63304E27CEF9,[],"/usr/bin/clang -dynamiclib -O0 -fno-common provider_0.c -Wl,-install_name,@loader_path/provider_0.dylib -o provider_0.dylib"
SNF-121,1,e19588084f3b545d360337d92d1aae040654cfd9d603964cd1fcdc60028b2a4d,e2b0a78e115cdf40d7519c84b79e304b6540ddc501a096ec7c7fd4f7f1ca492e,7D316BB2-566A-4EFC-80B2-6050DD51E036,[0],"/usr/bin/clang -dynamiclib -O0 -fno-common provider_1.c provider_0.dylib -Wl,-install_name,@loader_path/provider_1.dylib -o provider_1.dylib"
SNF-121,2,5d85bd4ca365a434156a102ec0e9861965cc4b35f66762eb82eee1920ea3bf90,4d1e54ff398a68e2fce0ea37fa2c5102dd7725958b4592e7cbd821b119306ecf,A91B758C-2B50-4CE7-85C9-072E08D4E781,"[0,1]","/usr/bin/clang -dynamiclib -O0 -fno-common provider_2.c provider_0.dylib provider_1.dylib -Wl,-install_name,@loader_path/provider_2.dylib -o provider_2.dylib"
SNF-121,3,8f4d4c8d814436fb1ec4cb3985cb71c099cb743adf8c0431ed0704d5e2b96d58,2c70a3e8ad0d4c67baf73aad5b55a2cab9dc53cc506f95d1a7f1dff0b0e45f34,D64DC1D3-A9D5-4D02-9481-86FD998A06AB,[2],"/usr/bin/clang -dynamiclib -O0 -fno-common provider_3.c provider_2.dylib -Wl,-install_name,@loader_path/provider_3.dylib -o provider_3.dylib"
SNF-121,4,b09212215d724d5e6d692bb5233e151daab822ca8fa75a01cb67678259fa98fe,bc7c868b2d4fdbc19e7af86d144f47fe0fe54ef89415b1b8286ebde2e9752d2b,FC46F489-CB24-404C-86CB-E1870959686C,[2],"/usr/bin/clang -dynamiclib -O0 -fno-common provider_4.c provider_2.dylib -Wl,-install_name,@loader_path/provider_4.dylib -o provider_4.dylib"
SNF-121,5,025f7301bf46a1fe25409ead77b3e0923ddec7f697dc7bcacb5b7273297dfc3a,e97900e7b846bd5847ba34d759c55b8cb163e4c5b181f51103524eccdd471bbd,C1E683DF-AD50-4BA3-BF69-204F93BBA09C,[0],"/usr/bin/clang -dynamiclib -O0 -fno-common provider_5.c provider_0.dylib -Wl,-install_name,@loader_path/provider_5.dylib -o provider_5.dylib"
SNF-121,6,c598eaba9390bde063ba5f3786d773709ca007facef9e4cfba338657da213eb1,cc10502594b81ef6969ddafa80726bd96234687b9614e626c1616bc1fc76956a,0E170EB0-7123-4462-8C1D-1B2E5BFB5967,"[3,5]","/usr/bin/clang -dynamiclib -O0 -fno-common provider_6.c provider_3.dylib provider_5.dylib -Wl,-install_name,@loader_path/provider_6.dylib -o provider_6.dylib"
SNF-121,7,9b028fbbacbeef61437dd7f80ca4205d7d2fc95d22d0a3a6e6f798241991ff3f,5efb555e85f072c4de53cd840ed6691aeb8dc4eb13c9ae63e77d41f672485a96,A24A12D6-5201-44BD-AF41-2494405068B3,[6],"/usr/bin/clang -dynamiclib -O0 -fno-common provider_7.c provider_6.dylib -Wl,-install_name,@loader_path/provider_7.dylib -o provider_7.dylib"
SNF-122,0,ad9ed0f2923bcd4ed8075dd589ad41622674a80a26e1e30a710f497b65d8d7cb,acfdfda56337df97baca6a6229672abeb8df98910ea2ec05db8581576d52726a,4D8B631A-7117-4671-8D7D-E5D0D6FBB913,[],"/usr/bin/clang -dynamiclib -O0 -fno-common provider_0.c -Wl,-install_name,@loader_path/provider_0.dylib -o provider_0.dylib"
SNF-122,1,b3c8f833d3106f00b802d19ae8a262a0a0751e0d57601f30eaeb1ca19537afcc,0259ccda2cfaa545a243180a26cce69642099b1f1dbf9b531744643f6b793cc6,ECF92EF7-925E-4C7F-91CA-FD4E046D288C,[],"/usr/bin/clang -dynamiclib -O0 -fno-common provider_1.c -Wl,-install_name,@loader_path/provider_1.dylib -o provider_1.dylib"
SNF-122,2,dde295aee315011040f69ccc0d6e02790564510afae19712f3d3facc3ce12f57,cf0f288c046b7e78f086606a93931764883789695f9d4caff5e382ca0ddd6f4e,90C2F98D-2F86-41A2-B2CD-2DCC95E2B352,"[0,1]","/usr/bin/clang -dynamiclib -O0 -fno-common provider_2.c provider_0.dylib provider_1.dylib -Wl,-install_name,@loader_path/provider_2.dylib -o provider_2.dylib"
SNF-122,3,e1cc68841d719d40ad96a63530b81dea525524f76f70f9181f053d285a5e1c2f,c00a2b5d3155f3e7307b1ccf4a2067ee3eeb5d72898f866c7024c744fc93f652,95C5C907-DA1B-4862-BD16-1283A1C3C87D,[1],"/usr/bin/clang -dynamiclib -O0 -fno-common provider_3.c provider_1.dylib -Wl,-install_name,@loader_path/provider_3.dylib -o provider_3.dylib"
SNF-122,4,bc33140a7291c5fcdf8a3b4bf014af2b4d77acafd1f32065e9244036a1d807fe,f032a657f6e0c527dedc53e91b3fe2015ce621de51ef69013b023ed3c48886a5,FE6876D3-BD01-4115-AF6D-CEF2FB6CCD16,[0],"/usr/bin/clang -dynamiclib -O0 -fno-common provider_4.c provider_0.dylib -Wl,-install_name,@loader_path/provider_4.dylib -o provider_4.dylib"
SNF-122,5,6214caf8c6146472e09a3f85e0312dd8b50bcff29c4caf905e378605d2b04e20,fe14ce1c891eecb5c0fb4466769d14936c94142f34969b8f1828fd3a7e7f8cf7,C226AF87-83C2-4B19-8AE1-B461B7DEAE11,[4],"/usr/bin/clang -dynamiclib -O0 -fno-common provider_5.c provider_4.dylib -Wl,-install_name,@loader_path/provider_5.dylib -o provider_5.dylib"
SNF-122,6,e84f5eeffb790318892b9857aa2d10850d064ee997928c4661659a2822c3313d,160c18fc070da98c4cc317092183b4a0831b75f477bfcfebf2cb0646df49ebe7,EDEEB266-3901-4B79-85A6-CCD3E23FAF44,"[0,3]","/usr/bin/clang -dynamiclib -O0 -fno-common provider_6.c provider_0.dylib provider_3.dylib -Wl,-install_name,@loader_path/provider_6.dylib -o provider_6.dylib"
SNF-122,7,91fab87eeae4f3655e8b8e06450dd148994cdd56f2056974164495959d6dda25,4848e92014cd2e4bfb404fc67b2f097997b1491b035ca1a44068666811033621,F82DC187-C34B-42F4-AEAF-0FA6F4354F3E,[1],"/usr/bin/clang -dynamiclib -O0 -fno-common provider_7.c provider_1.dylib -Wl,-install_name,@loader_path/provider_7.dylib -o provider_7.dylib"
SNF-123,0,88612abf1b40cd5185c621207ec821b7317a922e0823b4d85fd8b40ec3cfe754,945f2f10d54da55ac2469217c38a1eb4fe9a0e70c4c4ec05b87f4a4c5df8ca65,3E61ECBC-69F8-452C-8E3F-B63A9A813CB1,[],"/usr/bin/clang -dynamiclib -O0 -fno-common provider_0.c -Wl,-install_name,@loader_path/provider_0.dylib -o provider_0.dylib"
SNF-123,1,83441071ba1e88657b153a532870b737491efcc5f120b7aba55f410eb2b46bbc,c49a07134a11c2db0623ea068f52cf963862b43007abaf2f1322aea29462f274,CBEA8A8D-0156-4A2E-A5A8-6F15BFE0086C,[0],"/usr/bin/clang -dynamiclib -O0 -fno-common provider_1.c provider_0.dylib -Wl,-install_name,@loader_path/provider_1.dylib -o provider_1.dylib"
SNF-123,2,f0ea31bcd9a2120a67313104142716730e2110af0d046147016cb9e5914d56d3,a5396000f140e21810318ff6f2556e20f4dbc20b073fc22573914d5f4c90ec26,F3927125-E8B5-48F4-BECF-6CE551587759,"[0,1]","/usr/bin/clang -dynamiclib -O0 -fno-common provider_2.c provider_0.dylib provider_1.dylib -Wl,-install_name,@loader_path/provider_2.dylib -o provider_2.dylib"
SNF-123,3,da5672cc36fb37b8fae50eb38ce7ae772eeb7e1d26b9d4c87d12fe8ddb4e9248,f8fa7a1825454a045381225c7c7bf2ccda66a63a241ff33c2d580197c521f08f,A7F96056-B031-4181-943D-DF76C1E7D5A4,[2],"/usr/bin/clang -dynamiclib -O0 -fno-common provider_3.c provider_2.dylib -Wl,-install_name,@loader_path/provider_3.dylib -o provider_3.dylib"
SNF-123,4,8da46a463d81fbdb12351d549891e7d0f935edb27518b9397f90af16c664de3f,5dcb7b6f856309f4bf733a18c26f81b96705627e27d2bcbec963e65da4c48421,DB39BE47-4D6B-4A0C-A83E-E468C82695DB,[],"/usr/bin/clang -dynamiclib -O0 -fno-common provider_4.c -Wl,-install_name,@loader_path/provider_4.dylib -o provider_4.dylib"
SNF-123,5,44e0d8b2d489695a32ad28dce62d92814e039a6eb54d19a6035accf10e6100de,509f7fb56b81a72c4c008b51d97b881083fce046bd340821cbdc2767e5a90644,A295DEF2-2B2B-4C24-8DFF-F437EF1B7915,"[1,4]","/usr/bin/clang -dynamiclib -O0 -fno-common provider_5.c provider_1.dylib provider_4.dylib -Wl,-install_name,@loader_path/provider_5.dylib -o provider_5.dylib"
SNF-123,6,f78e0e3f7504e426f164196502447b3a05c07ee0eb637b277a9a159fba8e8873,6126d7a72a95daf3703cf6c7fbfb5d1fba590487c95611f5067ff0e615aabd3c,ED4183A3-F2AD-4327-A02E-41401449BE0C,"[3,4]","/usr/bin/clang -dynamiclib -O0 -fno-common provider_6.c provider_3.dylib provider_4.dylib -Wl,-install_name,@loader_path/provider_6.dylib -o provider_6.dylib"
SNF-123,7,bf18803a9c44b70a2dac07f7f57a1dfcaca1f43dfe8f03deb2b065076680cfbc,5783cd8f2b85d0fcdd9748f5248426ca381f49ad3d1a9280f70a10b8b33914f0,ADF558CD-E333-4B75-989A-7CD0BB9E5FCC,"[2,6]","/usr/bin/clang -dynamiclib -O0 -fno-common provider_7.c provider_2.dylib provider_6.dylib -Wl,-install_name,@loader_path/provider_7.dylib -o provider_7.dylib"
SNF-124,0,6a9fd7f659120954e2bc34e18fb35d94890b44c06440b4faad636bcfe2be8073,36bb0dfc70eca343906ccc0d876cff4d647143751205cd206b92d403e61b0850,E3D9551C-5D14-42C8-83A2-87B25C01B1FE,[],"/usr/bin/clang -dynamiclib -O0 -fno-common provider_0.c -Wl,-install_name,@loader_path/provider_0.dylib -o provider_0.dylib"
SNF-124,1,edbf84f40342d6bb480cfda513788b3cbd6e4647396955c627674b160104598a,151b4d6e35f28e1cdaa8e32b65d05b39cf6ec0105c2ffcf984c4cc10bbb08a53,3E19B88F-276D-483C-A39C-813FCAC9BA52,[0],"/usr/bin/clang -dynamiclib -O0 -fno-common provider_1.c provider_0.dylib -Wl,-install_name,@loader_path/provider_1.dylib -o provider_1.dylib"
SNF-124,2,f26a03cf8168827be442f189e55ebca4904a2b9c22e38b60286926aea1b13457,ba17a66b5c23c719aa0659baadf703312a3fba61a6b21b023ec70aa59ff6a7b2,D7E4CEA2-DDEC-49D4-892F-BA8E1E54D48B,[],"/usr/bin/clang -dynamiclib -O0 -fno-common provider_2.c -Wl,-install_name,@loader_path/provider_2.dylib -o provider_2.dylib"
SNF-124,3,e84d631425f7c1683c1b953de43102be65643269e3ee103e3040439b2fd9d62e,e78a2453dc4d836eb4a4a32298209e7ed97f3b55041bb5db47030dfdf1966953,C6277A5C-0E4F-49F8-BFED-8EA53AE934C3,"[0,2]","/usr/bin/clang -dynamiclib -O0 -fno-common provider_3.c provider_0.dylib provider_2.dylib -Wl,-install_name,@loader_path/provider_3.dylib -o provider_3.dylib"
SNF-124,4,5be926a3c7f0fc1acd6414badcb33b6e10e4de7408d75462f6df76d6a30810e8,df56a9b4e275661a59d07aa3e998f797c8699d95f2f72156f6bce573f48b58a6,3CE0AE92-0812-40CC-8DF8-B1FDE5DC1F3F,[],"/usr/bin/clang -dynamiclib -O0 -fno-common provider_4.c -Wl,-install_name,@loader_path/provider_4.dylib -o provider_4.dylib"
SNF-124,5,a3bcd9d281eb3f516d6668d2cbdcd3e9a1f45a9fa0d103fb5fba9fa8ec475d5f,cffb66e9d0a4378e48e2625aef452e23472b08da9f9075a70be471cda0f5f2cf,9C736A6C-9CB4-471A-8A28-F83CF875E54D,"[0,3]","/usr/bin/clang -dynamiclib -O0 -fno-common provider_5.c provider_0.dylib provider_3.dylib -Wl,-install_name,@loader_path/provider_5.dylib -o provider_5.dylib"
SNF-124,6,887a23227250883824f7e4bac303455fbc0265a3b7ae94aed738c0e925c50e34,f242fbe11eb79df94d112267cdb9ff0b7d267346247fc6627b6da7119dc810df,8C3E7E48-1A44-4CAC-BBAC-3C1843BA29DE,"[0,3]","/usr/bin/clang -dynamiclib -O0 -fno-common provider_6.c provider_0.dylib provider_3.dylib -Wl,-install_name,@loader_path/provider_6.dylib -o provider_6.dylib"
SNF-124,7,ee01ec34869d81daf0a2ea13e7771d91204fd091e72012d11744472eea677e65,aa6c7ad54096c147a3a5cf8799ec1afb0ba4aa6816d6ac06d5e5a01725d653ca,EEF292A7-C5D0-484B-A532-B54AD9B67C26,"[3,4]","/usr/bin/clang -dynamiclib -O0 -fno-common provider_7.c provider_3.dylib provider_4.dylib -Wl,-install_name,@loader_path/provider_7.dylib -o provider_7.dylib"
SNF-125,0,3022353d42d8e2ef16b3d2eae653940e26eb1fd54cafd3bd9a08bc4eaea050f7,3225f29018d25368a78be450f4953e0e72542adaadecc65a5a6ec184f377fd26,ABB57F2B-CA96-4B9B-9FD7-A8BF0086A0AD,[],"/usr/bin/clang -dynamiclib -O0 -fno-common provider_0.c -Wl,-install_name,@loader_path/provider_0.dylib -o provider_0.dylib"
SNF-125,1,b96fee9e6b6359f49caa5756df5f35a18dc468b5c71d13a4c109db4a7e351cd1,a99f720930bfe5cac7d293264c0afaeda81978a7cf78344fdf20697919cf0270,6184782F-864A-4CDD-9085-F0DA172D0A60,[0],"/usr/bin/clang -dynamiclib -O0 -fno-common provider_1.c provider_0.dylib -Wl,-install_name,@loader_path/provider_1.dylib -o provider_1.dylib"
SNF-125,2,347c6a98293c0b5dcb31b331755ec2352d0671e00c4a23290b0ad085863e4682,4baacd80375703d466b7d066b4f92e8ddbbf999469dd4bd1d83f6dbc12357d79,A1890C3E-B718-448E-AD0B-BB2458306295,[0],"/usr/bin/clang -dynamiclib -O0 -fno-common provider_2.c provider_0.dylib -Wl,-install_name,@loader_path/provider_2.dylib -o provider_2.dylib"
SNF-125,3,cc3200a1f87dd27059e447ab4adf061b8fb5f7a52cd633c2489692a4dec3ed1d,262b4d06e47b94954442d07ae9224c6d2dba768cb8eecd1ce71e0b75ca39ce33,0365B775-BC9E-4264-9041-FD593722657B,[0],"/usr/bin/clang -dynamiclib -O0 -fno-common provider_3.c provider_0.dylib -Wl,-install_name,@loader_path/provider_3.dylib -o provider_3.dylib"
SNF-125,4,57224b3002088c566399fe64db6df3d7813d9f1b86e1e8e1c9743b8ee9da93f8,3c0c8804567a33089b98ce71e1a186416cbbae2839c6bc57532096a53f69a45c,0A2F94A6-8B8C-4472-9EBB-54FC318AE0F4,[2],"/usr/bin/clang -dynamiclib -O0 -fno-common provider_4.c provider_2.dylib -Wl,-install_name,@loader_path/provider_4.dylib -o provider_4.dylib"
SNF-125,5,bd65ab7c41356da3f740fe403b9fe0f7ddcd671fb1208ee8db9bb432ce6aecfc,eab692de5a7217e4efc9cfd4a703b7b0bfa468c0eab4d146eac267abe04534b0,C066F517-038F-4D93-BD37-92E023AA2118,"[0,3]","/usr/bin/clang -dynamiclib -O0 -fno-common provider_5.c provider_0.dylib provider_3.dylib -Wl,-install_name,@loader_path/provider_5.dylib -o provider_5.dylib"
SNF-125,6,8d49445f18008962aeb840509c52ef7819bccd06bb2118b7ae1c88717ce1eebc,62fd7060ce7918e2c5715b1e7353edab5c22f96d2bdf62b6c6720e6df15e91a4,D4A9DF4A-0C41-4F64-B734-DAADF0CDC70F,"[3,4]","/usr/bin/clang -dynamiclib -O0 -fno-common provider_6.c provider_3.dylib provider_4.dylib -Wl,-install_name,@loader_path/provider_6.dylib -o provider_6.dylib"
SNF-125,7,24db537021692c5798d70ba69c20994df7dc5ed25fb47ce68cd8c8aaa0f5a1d2,5546ccad05d03e9ab4e48dd68632f74d5c3542647c55ccf13bc089ad418c2706,DE05056A-87C2-443F-A3A2-249DBABA8F0A,[3],"/usr/bin/clang -dynamiclib -O0 -fno-common provider_7.c provider_3.dylib -Wl,-install_name,@loader_path/provider_7.dylib -o provider_7.dylib"
SNF-126,0,a2599a2f9c3d59cf9892bde0257aa787f03b163090d8e95dbe39c0a975fc366f,c6406fab4a1bd493197413066e6cc2831d809d358e61dc3397c92ee2f5d6704b,4777DFAF-3BAE-4425-842C-3D984DE752CD,[],"/usr/bin/clang -dynamiclib -O0 -fno-common provider_0.c -Wl,-install_name,@loader_path/provider_0.dylib -o provider_0.dylib"
SNF-126,1,f0c15ca07e92b0b1e31cb624a27b64c8585ed569002ffd5b8a241b7b2ed225f2,c69de7cb74865f974997c3a4d17d1370290c9198a47bc8773913240485b9c7bc,23F6E393-7C3C-403E-92E7-5DA9647637F1,[],"/usr/bin/clang -dynamiclib -O0 -fno-common provider_1.c -Wl,-install_name,@loader_path/provider_1.dylib -o provider_1.dylib"
SNF-126,2,af42da73a0bb98cb2ef0de4a9898cf005747eaae7594dfb30b5962e6b0b2aecb,b533f476eb34558ee5d7352034ba869b106af10edd6f6f5ec0b9e244847c7cba,21DAE252-BB9E-4866-AC9E-AE98538921BF,[1],"/usr/bin/clang -dynamiclib -O0 -fno-common provider_2.c provider_1.dylib -Wl,-install_name,@loader_path/provider_2.dylib -o provider_2.dylib"
SNF-126,3,0b9f0528de0f22a5e1fbb417c4dc216d85ecc2491da5dbeb4d0dcf8c0acfdc8e,feb9373a0862fe09f06624b4544b51fc6cf7fec31855c0d3af2e064adeadadd6,C9CFE38E-E352-418E-B70C-564FFDFBC172,[2],"/usr/bin/clang -dynamiclib -O0 -fno-common provider_3.c provider_2.dylib -Wl,-install_name,@loader_path/provider_3.dylib -o provider_3.dylib"
SNF-126,4,ff48f22f9524c0ef8d18bad042dbfe8ebbf7edf7e1c4e3469159da5d2fc5a72a,7706a841cdf68ce43c73393db98fc524665f671e4cd71c1c7702885537f3e77f,FE524577-71E6-4F9E-89FD-99007D4220E4,[2],"/usr/bin/clang -dynamiclib -O0 -fno-common provider_4.c provider_2.dylib -Wl,-install_name,@loader_path/provider_4.dylib -o provider_4.dylib"
SNF-126,5,d537684e473fbe0fc6b91002e5bcbad864a8661a4ce02bfc2502d62fe11713f1,effb0053747bb479979edec1be4d05629486eeac3a0d35874bb6cd3c5cb8d1b7,F6FEAA62-9EF0-4BED-8C56-90FBA96AA74B,[3],"/usr/bin/clang -dynamiclib -O0 -fno-common provider_5.c provider_3.dylib -Wl,-install_name,@loader_path/provider_5.dylib -o provider_5.dylib"
SNF-126,6,8c6dde42269405cd2cc3c842510e46fbdfa687856f318987bea73f7c745c3875,11003066e2819e88ce64b9b36d193ffded79cf02ab50917fc00d6dd0acbf651b,C871965A-9FC7-48AE-B1BF-8E7BDB7E6144,[1],"/usr/bin/clang -dynamiclib -O0 -fno-common provider_6.c provider_1.dylib -Wl,-install_name,@loader_path/provider_6.dylib -o provider_6.dylib"
SNF-126,7,71203cfa1f67eeb59b4b4108c0789c54ea8d7bb7298ad5ba0cd14f881ca4e4f2,3da17a04499890b16e146a8fa3d141f24696a82459f4296b514b3d7a35f7b8c6,21EA4511-012D-4891-8E97-C5999D8EE53B,[2],"/usr/bin/clang -dynamiclib -O0 -fno-common provider_7.c provider_2.dylib -Wl,-install_name,@loader_path/provider_7.dylib -o provider_7.dylib"
SNF-127,0,569990dcffc2ded32815815069a76f34046178118177bb866506979b499db699,77b0cd730b548c5349ab13c4b0bcc1b978f9cbcf9eb740d824e90d90d8ec1721,7E132ABD-FC26-4798-8457-A63873FA8F91,[],"/usr/bin/clang -dynamiclib -O0 -fno-common provider_0.c -Wl,-install_name,@loader_path/provider_0.dylib -o provider_0.dylib"
SNF-127,1,bfd7899bb364b2dc256adf056052c211434189c73254ce949b299194d5eaf744,276d22fdb7badb4d198fe14e8c5434492721da3ad9405481045259769c17236f,B9A32A7F-2B8E-484E-8095-2240502CFB65,[0],"/usr/bin/clang -dynamiclib -O0 -fno-common provider_1.c provider_0.dylib -Wl,-install_name,@loader_path/provider_1.dylib -o provider_1.dylib"
SNF-127,2,65688f5c1f1f857cec4aff8093f355563f6e6723dc47289903ca528670b8432a,bcedf2e4db56c4bb2124c817c10b8616d4be838f9daca4539933a42a3d2d9d1c,860FE654-5CA0-459C-AF71-ADCFF61F74E1,"[0,1]","/usr/bin/clang -dynamiclib -O0 -fno-common provider_2.c provider_0.dylib provider_1.dylib -Wl,-install_name,@loader_path/provider_2.dylib -o provider_2.dylib"
SNF-127,3,b93721f8d921991d34a3476662a35987c05736c12eb778bf5ea5d48b1d24af87,2198a107fdb9d653393702ead49627da9e51a79ccdff1a359eca2a3b8cea4bdb,8CBE72C9-732B-43DC-9D5E-F85B99D0E560,"[0,1]","/usr/bin/clang -dynamiclib -O0 -fno-common provider_3.c provider_0.dylib provider_1.dylib -Wl,-install_name,@loader_path/provider_3.dylib -o provider_3.dylib"
SNF-127,4,9b0570ab7abaacb5b64650af9fea18a82e339659d82d2ccc8ff64f183b076f63,82257cc8937327bb88d7ceab0058515dd755a726575d084f41c6eb33eefcdf30,A60E7E2B-3D41-4215-ACD4-0EDB2C8BF3EF,[2],"/usr/bin/clang -dynamiclib -O0 -fno-common provider_4.c provider_2.dylib -Wl,-install_name,@loader_path/provider_4.dylib -o provider_4.dylib"
SNF-127,5,68580eed8d5862a899bfe257b6fc88803c53baf74333e88b297a7703cc7f54c5,bacaab2162f7d4a1817fee8fb5b1c4b2b8d5584be8cd31fb7bceae8ba3a1d421,5E853409-07DA-42E3-B6A4-6B191CD18A42,[0],"/usr/bin/clang -dynamiclib -O0 -fno-common provider_5.c provider_0.dylib -Wl,-install_name,@loader_path/provider_5.dylib -o provider_5.dylib"
SNF-127,6,48b828307d7696de66b73db18ab464d1b9d4ce3d92ba624fa4a396bcfe00e609,51122fb7c45bd67eabe3745ed4f391f6646d34d0a58a856033d44dc986b26f15,D69B01C9-14AC-42F8-B4BF-F9E5137A96A2,"[1,5]","/usr/bin/clang -dynamiclib -O0 -fno-common provider_6.c provider_1.dylib provider_5.dylib -Wl,-install_name,@loader_path/provider_6.dylib -o provider_6.dylib"
SNF-127,7,caac6f8b54223711dc204ead3862d048d8d5ca7ad8d2c5446ae937d9f22a4a30,9b8c93f540f1a0d5c6fc3531e5ab10bd5554d7a2ae379f94e82d7917dd6493a0,E0C7083A-E550-4D06-B357-9F061893C300,"[2,6]","/usr/bin/clang -dynamiclib -O0 -fno-common provider_7.c provider_2.dylib provider_6.dylib -Wl,-install_name,@loader_path/provider_7.dylib -o provider_7.dylib"
SNF-128,0,1ab467959475d7749ccb3ba66ff31d30ea5377f1934ec6b455266573255ede7c,acfcb79342dccffb10b724e9b356005b395dbfd3a96756522ba0169384073c15,BD4C9902-E6DA-48B8-B0C1-34F7F9B111A3,[],"/usr/bin/clang -dynamiclib -O0 -fno-common provider_0.c -Wl,-install_name,@loader_path/provider_0.dylib -o provider_0.dylib"
SNF-128,1,e52dcf55eafbc41f5fd617b67b557ce0a85a0675666e46dd0dd76ac66fe0b708,f21014de08b17eb022e20a4ed14d17b2d6f16af344738eb6da19a52e14bbfdca,DA5921C5-D2E8-4ECE-8770-8B96A682F3DE,[0],"/usr/bin/clang -dynamiclib -O0 -fno-common provider_1.c provider_0.dylib -Wl,-install_name,@loader_path/provider_1.dylib -o provider_1.dylib"
SNF-128,2,2c6cfa2fca37e3b539db8b49025f260a1a61e1bffa0b6c37de5bf58b315cdde1,169cf7e05e83df0570ce1a659af25b22553dfd29a5be5d04af1622b8f1093d7d,D5AE9867-9101-45C5-B70C-987D5D0CF64B,"[0,1]","/usr/bin/clang -dynamiclib -O0 -fno-common provider_2.c provider_0.dylib provider_1.dylib -Wl,-install_name,@loader_path/provider_2.dylib -o provider_2.dylib"
SNF-128,3,3454ada762c4e2e1e80fc52ffc6c08cf7a2fecd21e093026fe351e67dcbce050,1ba28337d8346ad0cf54c8094bfe5a88c57a465284759b1554a6b0b83cf27bb1,F2945BC3-E5A7-46E8-AD18-F7F21E20CD31,"[0,2]","/usr/bin/clang -dynamiclib -O0 -fno-common provider_3.c provider_0.dylib provider_2.dylib -Wl,-install_name,@loader_path/provider_3.dylib -o provider_3.dylib"
SNF-128,4,2e70502eee9290c12a14fdddd301a879b1b9cdd278438e5a1f9068ef7549aec4,8af13c28d290b2880d824b5065e24236137dc6e567a28bd51bec40dffdfc9a6d,0CAB8201-2A23-4894-A5B3-4B69ECF5BBF1,[0],"/usr/bin/clang -dynamiclib -O0 -fno-common provider_4.c provider_0.dylib -Wl,-install_name,@loader_path/provider_4.dylib -o provider_4.dylib"
SNF-128,5,4f731fcdbededaff5f45d2eda5cafd4fc826fb801eed06be8f94aae11a80685f,20b74ba88ac00a8474dfd2ceed8f79f18bdb35553eae8597ade4cfb6c1d29810,A5FAACD4-A3FF-49FB-A0B8-D9FE869BFAA3,[0],"/usr/bin/clang -dynamiclib -O0 -fno-common provider_5.c provider_0.dylib -Wl,-install_name,@loader_path/provider_5.dylib -o provider_5.dylib"
SNF-128,6,116c460cab6c5104849390c5514f33430adc71232238db935de8b3c14f5b1e02,bfb7fd3dd455382dc4319d809e1b88ae24e3eb9790a33ed36a07542d5bc0e92d,4FA93565-CA7C-4916-8FAE-925DC89B5750,[],"/usr/bin/clang -dynamiclib -O0 -fno-common provider_6.c -Wl,-install_name,@loader_path/provider_6.dylib -o provider_6.dylib"
SNF-128,7,a13b93392d78d0b4184f076fe2ac6bbbc28211e1ccef834107aa8e19bc4439b1,067e4a49ecb1a6066e981be5eca0d3440f3b51932874967421b3cc033185a9d2,47FAB0FA-6E07-47C5-AAD5-75C62D7BABB4,[5],"/usr/bin/clang -dynamiclib -O0 -fno-common provider_7.c provider_5.dylib -Wl,-install_name,@loader_path/provider_7.dylib -o provider_7.dylib"
SNF-129,0,7a8349d6a5a6d1c9953e68d0259efed40f9594086d95b5c64370c2651f54fb44,6e834b999b016aece69691d678ed79c2bffd1600ef7c2fccd8642a3e11da5df3,8037B6C5-5027-40FF-B68A-8180D4EB2937,[],"/usr/bin/clang -dynamiclib -O0 -fno-common provider_0.c -Wl,-install_name,@loader_path/provider_0.dylib -o provider_0.dylib"
SNF-129,1,f03ba98f95dd8e4c2b3b28d4693e2b599c37aaf4ceb822f4fc868be3f856b223,bf756b765c1801fe17795585daef7c0285bd9a6d2f30c94ff4e26aa660c426e2,003DAC48-E012-4420-A070-30DC5BD60FEC,[0],"/usr/bin/clang -dynamiclib -O0 -fno-common provider_1.c provider_0.dylib -Wl,-install_name,@loader_path/provider_1.dylib -o provider_1.dylib"
SNF-129,2,c5a126a95900fe48008d3560320ec04eca32710a371d310cea413e9a8da2aec4,8c9450f42362927b1a30f0affc43a9db880e3a61a87047addfa11e23ad499a7b,92272370-91D3-40EB-8744-5D94B1749A3F,[],"/usr/bin/clang -dynamiclib -O0 -fno-common provider_2.c -Wl,-install_name,@loader_path/provider_2.dylib -o provider_2.dylib"
SNF-129,3,02c36b0682f142f051c8a61a3042738e00dbca323d3235bc304b2b4ddee30673,5bf94d0ec3a04eb232c4b3de59c9c709149bea0ea9d640038c5b6739c7a51eea,70042B7C-6339-4CC9-8DF7-5364DDE000BD,[1],"/usr/bin/clang -dynamiclib -O0 -fno-common provider_3.c provider_1.dylib -Wl,-install_name,@loader_path/provider_3.dylib -o provider_3.dylib"
SNF-129,4,ab6b034cbfe69557e776a57be42a23991384fd963e1c40c58273d857ae3c10bc,ac7b7053f629cbd2e119e005340189d17bcd7798b452ad6c4926e059f13edaea,4CC11817-6890-4F1D-8647-AB39D1DD9764,[2],"/usr/bin/clang -dynamiclib -O0 -fno-common provider_4.c provider_2.dylib -Wl,-install_name,@loader_path/provider_4.dylib -o provider_4.dylib"
SNF-129,5,6827ec24db3a0e0b531e95e6dde4700a33a43e407f7a4c229ba1148ea1b57a7a,cfcef6ed7ab5c55c0504e1eedf97329b3939f8c928b5245ac3da14b0c14b0ac7,1EEFDBF3-6D69-4935-A04A-C342894B56C9,[1],"/usr/bin/clang -dynamiclib -O0 -fno-common provider_5.c provider_1.dylib -Wl,-install_name,@loader_path/provider_5.dylib -o provider_5.dylib"
SNF-129,6,9032cebcb8a2844775f41353a6617324e51b2e7bb261c3dfc4866bc717ac5d04,825d31edd2605f71745c4929461083a8d55a162a1d0be959579a70306fb0aa35,E11221C8-F7B7-4089-8C48-EC93518602AD,[],"/usr/bin/clang -dynamiclib -O0 -fno-common provider_6.c -Wl,-install_name,@loader_path/provider_6.dylib -o provider_6.dylib"
SNF-129,7,fb2409086c3662efdfba74797851d1778ce4825335e000802f8ffc6cf3e75a00,75818592568891fb1aa4f7b2d43c15ded44dee8b13cad1cba9f3c448cfcddee0,3945DA3D-DC50-40E4-B70D-0420B3F126D1,[4],"/usr/bin/clang -dynamiclib -O0 -fno-common provider_7.c provider_4.dylib -Wl,-install_name,@loader_path/provider_7.dylib -o provider_7.dylib"
SNF-130,0,d8dc16753994bf99aaad2181d71748302abea46304ef966e1cc16976006d0e42,8a9ef81ba5c34437d5843ad1b15aeb7f554101cceb6a00a5b619d454a7e5eb77,0C08BED9-60B1-470E-9AC0-54FA4900A2F1,[],"/usr/bin/clang -dynamiclib -O0 -fno-common provider_0.c -Wl,-install_name,@loader_path/provider_0.dylib -o provider_0.dylib"
SNF-130,1,c0d681f10e2ef984259649ec169a78753cbdce2b39a9c08486256451411b86c7,ee9e7cdffd3d7abe9b07f16c587818d5d924a30738f7de39b9cce8f3f4e5f54c,60102CC2-9839-46A1-8525-B62EB688C3A6,[0],"/usr/bin/clang -dynamiclib -O0 -fno-common provider_1.c provider_0.dylib -Wl,-install_name,@loader_path/provider_1.dylib -o provider_1.dylib"
SNF-130,2,626f5b1e56dbac9d910dd6f0f3ddefbc743a9dfcffaa67449993339d87a8de55,07a87001ea814b1c3dd613fe1fc6ad8f9d733dc8763163cd12c8be1435dc18c4,05E1A535-9085-4636-9651-FC5FD644ED67,[1],"/usr/bin/clang -dynamiclib -O0 -fno-common provider_2.c provider_1.dylib -Wl,-install_name,@loader_path/provider_2.dylib -o provider_2.dylib"
SNF-130,3,fbaab5ad81012889aaf8f7089d3c9abfe158acd0698040c49ba5814632c41520,e50466a31118391ccaa88148b32e214c03ee038475be47ee590115bd4fda51e9,62FE42A7-9BE1-4F45-AE60-979C721AD8DA,[0],"/usr/bin/clang -dynamiclib -O0 -fno-common provider_3.c provider_0.dylib -Wl,-install_name,@loader_path/provider_3.dylib -o provider_3.dylib"
SNF-130,4,419bf0e16d9ee0ff2144cbd53e4525266e7dee52a9266374ec08b82419854833,61bc575c6ad1c6e42b70ca3a506abad84e43aa110934a4544b6bcc801bc3e6cb,F8A81235-5594-49A9-82EB-BB9DFDF073F5,[],"/usr/bin/clang -dynamiclib -O0 -fno-common provider_4.c -Wl,-install_name,@loader_path/provider_4.dylib -o provider_4.dylib"
SNF-130,5,09cd4a48910cf42c83182e67bb153172f1f6dd6de0314e308b1329d8cad3f9b3,652b06f3992e9dce73cdcb5c1c10e01fa2845ad91d0e3918ae0369cc32d4351f,5CA6D8C0-335D-40FF-AEE6-F7F1F1DC1FAA,"[0,3]","/usr/bin/clang -dynamiclib -O0 -fno-common provider_5.c provider_0.dylib provider_3.dylib -Wl,-install_name,@loader_path/provider_5.dylib -o provider_5.dylib"
SNF-130,6,3b4fd451d1a457c5c44781adfc32fc499ef38f07816579090b21fcaf196afe2d,749695b7a3a55732fedac43df0bd33e2403635abc37f5b75efd716a61085e4ca,55FA56FF-04DD-40C8-AD60-04D22E5FB964,[3],"/usr/bin/clang -dynamiclib -O0 -fno-common provider_6.c provider_3.dylib -Wl,-install_name,@loader_path/provider_6.dylib -o provider_6.dylib"
SNF-130,7,7f09efe71bded6df1ea3325aa12204dfae19cd0366efba5c78bbd92776da0eeb,1d08cbebdc4ec0e68f6c6d9ce96e0f3d8b3431eb2d72a3d39379fc34dccd78a8,EAE19788-89C5-49D0-A1C6-F188A29E174A,[2],"/usr/bin/clang -dynamiclib -O0 -fno-common provider_7.c provider_2.dylib -Wl,-install_name,@loader_path/provider_7.dylib -o provider_7.dylib"
SNF-131,0,f55ca00df57b71022a3c6a80353e4dc3d2502708d6d5d60fc73739321b0eecdc,876755c68c8eeabced36ccd97aa53b032a605c7cccfc3bcb0e210c1974910ebd,F3FF854F-77B9-4B73-AEBE-4986F809E671,[],"/usr/bin/clang -dynamiclib -O0 -fno-common provider_0.c -Wl,-install_name,@loader_path/provider_0.dylib -o provider_0.dylib"
SNF-131,1,3a492b67ce7331a049b42125ebf78705d214e057b111239e2a1019a569cafad3,246e8e0e27dd511a26b5f5bfff9f2664cb4552395f2813f4f3edc32e228eeca5,6A5B4530-4AD5-4EB5-830B-3D67885FEAF7,[0],"/usr/bin/clang -dynamiclib -O0 -fno-common provider_1.c provider_0.dylib -Wl,-install_name,@loader_path/provider_1.dylib -o provider_1.dylib"
SNF-131,2,d92aea80c057c51f77a78e378a3867a36f1e9a8b78df320411247ec7ce78fd23,89cb3a5cbd0bbc16c5ef2dc03e4bec8badda6352a2e64345f4dd08c073df96c0,E2957846-A090-41B1-8146-417E5ADA6DB6,"[0,1]","/usr/bin/clang -dynamiclib -O0 -fno-common provider_2.c provider_0.dylib provider_1.dylib -Wl,-install_name,@loader_path/provider_2.dylib -o provider_2.dylib"
SNF-131,3,70786037bcf34d28f1acf613eb3fb2da0f351a35ac813b1aa87529b3497d0853,20a47b4b7ab126a5c62b2586a55d09cbc0a16a1721a35a32cda96b0ff052babf,F5C252C5-1E5A-4D14-9B50-8FC3BA3FB715,[1],"/usr/bin/clang -dynamiclib -O0 -fno-common provider_3.c provider_1.dylib -Wl,-install_name,@loader_path/provider_3.dylib -o provider_3.dylib"
SNF-131,4,13230179ded38d454711cbf0064d37be66d29fcb2d58c8161e9124ed13a064cc,1adfd5496afd6230bd552e0eb8b198fea1b5063312deee458dc94551d93e91b8,8A030527-A550-4297-8C8B-29C0DC0D42EB,[0],"/usr/bin/clang -dynamiclib -O0 -fno-common provider_4.c provider_0.dylib -Wl,-install_name,@loader_path/provider_4.dylib -o provider_4.dylib"
SNF-131,5,5f980acfd911fbdf4a0bae8a7dc5fe44f0b96aa8bc6eb42b506456face485cdd,ebbad6cef904f7ed0f49a5a1d02acca70a314e43a315bb0f1d4a5dddc3a24e55,033DDEBB-5F43-4A5E-B708-99B1503C5DA7,[],"/usr/bin/clang -dynamiclib -O0 -fno-common provider_5.c -Wl,-install_name,@loader_path/provider_5.dylib -o provider_5.dylib"
SNF-131,6,84ed02d29f78ecd252d99dadfed1187ee60ed05dba1f6874bf8dd3742a567286,42ddd77ccc6ed7b29d91fa6f0bc8ce96514ae357c6be61ccfbc7d08c2f4cd030,F1773AC9-28CB-4F35-AF14-28D5E855E3F4,[5],"/usr/bin/clang -dynamiclib -O0 -fno-common provider_6.c provider_5.dylib -Wl,-install_name,@loader_path/provider_6.dylib -o provider_6.dylib"
SNF-131,7,af1607749c98ce480cebcd4dc15995bf7b9438296d783160d89d5ed42c4247b2,9ecece9dc9fc7eef80d1b289f7ecebcaa58402e8a0cbc115df97910361ea268a,055B33A0-61EC-44E0-A79A-1E66647D1D57,[3],"/usr/bin/clang -dynamiclib -O0 -fno-common provider_7.c provider_3.dylib -Wl,-install_name,@loader_path/provider_7.dylib -o provider_7.dylib"
SNF-132,0,1ae33fbf5a7457bfd0366f2ac7000f55fef19bc706d9246c80d927ed738a7871,eb766363cd5dfe4060592274aa75f278bbd08456da0dac920fa8e04abf754ae0,BAAEA939-A67F-49B7-97EA-CBC302687138,[],"/usr/bin/clang -dynamiclib -O0 -fno-common provider_0.c -Wl,-install_name,@loader_path/provider_0.dylib -o provider_0.dylib"
SNF-132,1,fa4b3aa8868b556da7271a4805a1e0c4782be8351ef26e160323e3dff32e9b55,f43c47633ef00169ae0f9b297ee601ea0de1259d11a66457bceaf1f4d038b84e,FAAE2D0F-FACA-4254-AA07-2BE543ECC80E,[],"/usr/bin/clang -dynamiclib -O0 -fno-common provider_1.c -Wl,-install_name,@loader_path/provider_1.dylib -o provider_1.dylib"
SNF-132,2,08ab86ca98120e83636a3214190b4c7bdf6f510ceceedd5acb90e2f4f95a45b5,865adae3b7e7096174672d8891ffa05ff9fa811a5b7036c377f2e3cf461b5784,E67768F3-E058-4189-AF08-13C3EBE2C754,[1],"/usr/bin/clang -dynamiclib -O0 -fno-common provider_2.c provider_1.dylib -Wl,-install_name,@loader_path/provider_2.dylib -o provider_2.dylib"
SNF-132,3,0cd678d47015e8d5087df22d22e346a595724d369819fb11d32c2340c1ac737f,6dd744bd137a6561d2ee6da94701eb200c764f779b9fdeb29288a6c2996858a0,AB33C230-803F-4358-B716-975C1AB17EEE,[0],"/usr/bin/clang -dynamiclib -O0 -fno-common provider_3.c provider_0.dylib -Wl,-install_name,@loader_path/provider_3.dylib -o provider_3.dylib"
SNF-132,4,39d13a7e8710974372937e5848d171a80b98c3df58b95f036220a0ed47be1dae,18c920085e421d2bc084704a29c49268e3b0831aa5c95ab5144fa803cfe1da2d,A41391E3-3FC0-4F53-966A-5CEDA6AF6B27,"[0,2]","/usr/bin/clang -dynamiclib -O0 -fno-common provider_4.c provider_0.dylib provider_2.dylib -Wl,-install_name,@loader_path/provider_4.dylib -o provider_4.dylib"
SNF-132,5,8ed24d9a7de24a094f15542ea989481bda7687cb33d9c7fc54ce7edb573cf89d,046b260c9275f7443c0353b13a888462457e3ac1a1d112b6aef0c19866b79645,BE4F12F8-32BD-40E7-BD4D-31F320062732,[1],"/usr/bin/clang -dynamiclib -O0 -fno-common provider_5.c provider_1.dylib -Wl,-install_name,@loader_path/provider_5.dylib -o provider_5.dylib"
SNF-132,6,faedc9c5453bfc005aebfbff03be041d7a3b77dab98f8e64f5e2481c6eb07a9f,1de0efcf0c06f3c2ba96067493b75defd83c8c4bbbda3661aaf027586a953e33,11FC6574-F44D-4D15-A418-3D0BE363F3FF,[],"/usr/bin/clang -dynamiclib -O0 -fno-common provider_6.c -Wl,-install_name,@loader_path/provider_6.dylib -o provider_6.dylib"
SNF-132,7,49c6ac6cb4a9ab462caa744b457fc4217731d69fda73b80a1a51d4055fcf6dc1,226652419e824ce66c4e6e1878445cd7232cad209eb37a2b85d4a91ec1847a03,0F353A56-6535-41E0-909F-F80A17D601BB,[],"/usr/bin/clang -dynamiclib -O0 -fno-common provider_7.c -Wl,-install_name,@loader_path/provider_7.dylib -o provider_7.dylib"
SNF-133,0,001edf2461d2d76e51caa17b9849e5a0b46dd5b91a85c5c72c0d0bdb5a7be84f,3f5fa4b7ce0ca00c91e6c1e82017747c5851f9a8671f56965aa4a8b508e425be,80106AEF-07E3-4CDF-B268-E46E6D685B51,[],"/usr/bin/clang -dynamiclib -O0 -fno-common provider_0.c -Wl,-install_name,@loader_path/provider_0.dylib -o provider_0.dylib"
SNF-133,1,fa4ed0d22a46fcbd13c57cb3d53028676ee5697dc11c5bd186ded2f67a0853f1,92cdced8fc785ad03b5fd12efd41f9c963ea649339dfdb4b536a0685b2447380,DB41FCBE-2798-43C5-890B-1FD50288216E,[0],"/usr/bin/clang -dynamiclib -O0 -fno-common provider_1.c provider_0.dylib -Wl,-install_name,@loader_path/provider_1.dylib -o provider_1.dylib"
SNF-133,2,6d393afb7dc5b8b81391ca64b4ab364e76fe91e963a36fe62f12803f8a5c5f51,68cceb11e4afe949a347996375ea02833d4b10ac59f5122d7dcb43f4d6788277,CB3A685C-AA0C-4E0A-81AF-A194EA57C707,"[0,1]","/usr/bin/clang -dynamiclib -O0 -fno-common provider_2.c provider_0.dylib provider_1.dylib -Wl,-install_name,@loader_path/provider_2.dylib -o provider_2.dylib"
SNF-133,3,dd38c0adb05549235552b69ff3ecd78d0d4899d83035af00840ad03941920541,db8cac8004b79b4470d9b87588b5d292223e8fe8ad6c2636fa038f870cd524a6,7DB1666D-C270-40EF-99C5-75BE4828C6A9,[0],"/usr/bin/clang -dynamiclib -O0 -fno-common provider_3.c provider_0.dylib -Wl,-install_name,@loader_path/provider_3.dylib -o provider_3.dylib"
SNF-133,4,42e76df59694b0244020261dd724096318623f6ae2c0b4fe696c9ce1326a32b2,520252f23cd67e7b2017e0aa3fd78d1570f2feba9ddf7d428ca00e907af7ca6f,D6902561-137A-454A-B214-29C090BECB93,[1],"/usr/bin/clang -dynamiclib -O0 -fno-common provider_4.c provider_1.dylib -Wl,-install_name,@loader_path/provider_4.dylib -o provider_4.dylib"
SNF-133,5,27741e432b6ee0041f034b8e99c905057f7a602c92c587f95331adfa4c117060,0c227b8c109520084681df6ca4b42d5e986196dcd8c67a46eb441454dc731bbf,7A1728E4-604A-4916-8315-6AD37ABC226D,[2],"/usr/bin/clang -dynamiclib -O0 -fno-common provider_5.c provider_2.dylib -Wl,-install_name,@loader_path/provider_5.dylib -o provider_5.dylib"
SNF-133,6,2c88f74ff44c57f63e75074700fb8789fe0720fa7860e9f24a338bbf1e5a0975,1bcee9b0fda86d76fc46a7254fc54bba57e9f51496f0fefb08353baae4ed433a,93EB3D93-A434-4D08-89EA-EC727CDE76E8,[],"/usr/bin/clang -dynamiclib -O0 -fno-common provider_6.c -Wl,-install_name,@loader_path/provider_6.dylib -o provider_6.dylib"
SNF-133,7,11ace970c907c3d8385325021a1c6d5b883c5adade5095e46054768cc794d4bf,77a8dd752a0b16ac978e4710203df4073f1f34e53bb4a85b776b4338de7f009f,3E4F4157-E040-4334-ABF0-BC9A254F69B9,[],"/usr/bin/clang -dynamiclib -O0 -fno-common provider_7.c -Wl,-install_name,@loader_path/provider_7.dylib -o provider_7.dylib"
SNF-134,0,93b04ec5b349ba7c14e6d267817d7ddaa3fe82b760c62e9640ce9520465a879e,f953e01be627ba4a9d1761445ae5affd9028972f33988d24cf649e803036d068,21B70ADA-7294-4438-9115-EEFCF86103BC,[],"/usr/bin/clang -dynamiclib -O0 -fno-common provider_0.c -Wl,-install_name,@loader_path/provider_0.dylib -o provider_0.dylib"
SNF-134,1,879072dce967cf74f8a9607e74855c53b144596ab936898f54df3dc7f67495c2,ea93d3cc9341f8e1854b1a4c4b4226548f5f12397c18001b9b3b848d52d52c31,F747D6AA-4486-4178-ACD3-3394C5B35E0E,[0],"/usr/bin/clang -dynamiclib -O0 -fno-common provider_1.c provider_0.dylib -Wl,-install_name,@loader_path/provider_1.dylib -o provider_1.dylib"
SNF-134,2,d59b889dcfa6cc6cd73aa3bfce745948b4c1832e4390bea3bcabd0015458149d,80a4de358b345373500db2904c3e46a3045530b440e5f459c90223c834f7da5e,E9F4F345-838F-42C5-8846-53C14F808568,"[0,1]","/usr/bin/clang -dynamiclib -O0 -fno-common provider_2.c provider_0.dylib provider_1.dylib -Wl,-install_name,@loader_path/provider_2.dylib -o provider_2.dylib"
SNF-134,3,603ba0f4d34df89f91fc4f6f9dd2a24d5fa16a1abfda7441248faf7f4fa002a5,da93c5b90af7c595fe5971c4f088085369fe5e44c278214a6b2441a0342e198a,85D7EF25-9211-4A70-917F-6EE141C77583,[],"/usr/bin/clang -dynamiclib -O0 -fno-common provider_3.c -Wl,-install_name,@loader_path/provider_3.dylib -o provider_3.dylib"
SNF-134,4,fb684566f3f2bb8e88c96c56c82dca58584611e498482d21fc1f6b85f666cc71,b322bb3073cf44501a8b6fc6e173e877f1e5a6c7fab75e2a8adea3d0703ed1ee,36B86BDC-0AD7-4271-B7F4-3558DAAB2753,[2],"/usr/bin/clang -dynamiclib -O0 -fno-common provider_4.c provider_2.dylib -Wl,-install_name,@loader_path/provider_4.dylib -o provider_4.dylib"
SNF-134,5,f3a2647b80dd3229d5aa60027929f900e8c7baafadf36f264bf0b33030d4aa4e,5065902b93d3eec278e1adc701db0c6e1290e41b6a850d905ced6a1fb8df3428,35AEF1AD-2CDB-4F48-8807-0CCD3D292596,[],"/usr/bin/clang -dynamiclib -O0 -fno-common provider_5.c -Wl,-install_name,@loader_path/provider_5.dylib -o provider_5.dylib"
SNF-134,6,57aab3de289ddeed575ef481b22ef4f025576b3e1bd2861b252e3725e2784e92,0d908d0ba75917c493c7009f020feddd59cfab28957988411425fb41089b3274,4968EEE3-50F3-4AB5-BE23-F1014AEAA947,[4],"/usr/bin/clang -dynamiclib -O0 -fno-common provider_6.c provider_4.dylib -Wl,-install_name,@loader_path/provider_6.dylib -o provider_6.dylib"
SNF-134,7,164ae4b7dca742c3a680e126a3e4f0a45f50ca42f1d117b32affe2ab21c81498,0c00a4972e5444a52931ea6540bf26be1383deb10b061937a9f14d4204b31d8a,3877BA4A-266C-4603-B976-F6F4E09C5329,[4],"/usr/bin/clang -dynamiclib -O0 -fno-common provider_7.c provider_4.dylib -Wl,-install_name,@loader_path/provider_7.dylib -o provider_7.dylib"
SNF-135,0,9f65aa8443ff13665d8a99369da3c9e50609ca0231ebac01fea92e6cb916b5fb,c9dd3cddaba15f2c2f4c0c5a9d1e6d29d7f8734bcab537202a0d60e84945251a,50DAA003-D92D-46A3-9DCB-92B755889E58,[],"/usr/bin/clang -dynamiclib -O0 -fno-common provider_0.c -Wl,-install_name,@loader_path/provider_0.dylib -o provider_0.dylib"
SNF-135,1,00937652e79b99f21c6198c49bb2308dd9076d2c668e676d02654880d38343ac,34cda52c747a2af558e29d4135f2039612ccc942d81556ffb12fe28d358e5a86,78CACEA7-E121-4C27-B383-9EE04433621D,[0],"/usr/bin/clang -dynamiclib -O0 -fno-common provider_1.c provider_0.dylib -Wl,-install_name,@loader_path/provider_1.dylib -o provider_1.dylib"
SNF-135,2,0f68d7f968bb7e01e0f4414dc6f9deb89a3e28e7ac409ab023322080eaf26049,e15ded63e4fe2ed600476b1263f7a4003669eb6395a3812870dc1a02e592c049,6FEF41E3-9413-49F9-8A5A-600B1A46D7AC,[0],"/usr/bin/clang -dynamiclib -O0 -fno-common provider_2.c provider_0.dylib -Wl,-install_name,@loader_path/provider_2.dylib -o provider_2.dylib"
SNF-135,3,d668f099ee2b47495bbb022e6c6e86a4f4c35e5a4464da735d46c41b585e65b1,44fd8f99cc10c107dfc72d7dcba4a2625dc9cb59586d455ab4eb831e490e7d5b,2C0B6EBF-F3CD-44AB-980C-A6D04E8DD034,[1],"/usr/bin/clang -dynamiclib -O0 -fno-common provider_3.c provider_1.dylib -Wl,-install_name,@loader_path/provider_3.dylib -o provider_3.dylib"
SNF-135,4,b4e30bdaa3edea6dce530a25c7383dfbdf2cba2d16c5a8f45590b4b9c6e0f328,3a46a85ec9822b4d2685d92978d70feaba996f540410e987551110007ff4a31e,81AF19FA-C4DF-4B23-815C-BB0E02678B93,"[1,2]","/usr/bin/clang -dynamiclib -O0 -fno-common provider_4.c provider_1.dylib provider_2.dylib -Wl,-install_name,@loader_path/provider_4.dylib -o provider_4.dylib"
SNF-135,5,5ea29037e17dbfeebbf46ca3e90fba22e08ba2a9b048cf0956ae64ea1d96333b,b3733017cca93f4aa7aabcb3d9591fa63b677acc4ea4450e9869c63048db182b,BC322435-D8BF-4EEB-AE5A-71DFA6E9A480,"[1,3]","/usr/bin/clang -dynamiclib -O0 -fno-common provider_5.c provider_1.dylib provider_3.dylib -Wl,-install_name,@loader_path/provider_5.dylib -o provider_5.dylib"
SNF-135,6,20e9981ae892ccd312dccda174de4fe98c2960faa73f5b5cc163a7e1a5d096f8,301c9fdfdb81aaa34629a855dad8e732ecbfabb212401589eb2dbfc0b8b6e0f3,BB1E2623-9016-411C-9160-5B0C4919034B,[],"/usr/bin/clang -dynamiclib -O0 -fno-common provider_6.c -Wl,-install_name,@loader_path/provider_6.dylib -o provider_6.dylib"
SNF-135,7,a1e8c81abe326b294747c0d979f3048bafa4b6489dc530005a55488e727034fb,4030550ac5713f211d2e89ce958b24261929bd0399e898f5f47880aed9b491f9,80C68A3C-969E-4549-B246-1BD5EB829A6B,[1],"/usr/bin/clang -dynamiclib -O0 -fno-common provider_7.c provider_1.dylib -Wl,-install_name,@loader_path/provider_7.dylib -o provider_7.dylib"
SNF-136,0,5f39097307c3d415237d142ed8be01f4fd028ea8d92772c672569b6ae498ba11,1ed12d929aea254adac157f738ccb956bb732d3866c68933159e933e9cf3d794,6B25A2C2-73DA-44C5-973D-DF0B2A5508A8,[],"/usr/bin/clang -dynamiclib -O0 -fno-common provider_0.c -Wl,-install_name,@loader_path/provider_0.dylib -o provider_0.dylib"
SNF-136,1,2be97da183c069bd07597727d435120537890bfea7162122cef436c77a4f0aa8,33735e1710a7dee3985bf6c47a450c23a1a647229da0080e31dcacf9853f7b2d,30D7413D-0B3E-4CA3-B4A5-DF0EA0842E77,[0],"/usr/bin/clang -dynamiclib -O0 -fno-common provider_1.c provider_0.dylib -Wl,-install_name,@loader_path/provider_1.dylib -o provider_1.dylib"
SNF-136,2,ce1faf278645a57e160cea825d2bf25830c5b51fe8b6d44d87147d2e4560946b,8eb712d7dbf4a643f9030fb790ebe04ed9b37af9a23207b30ce1dab03fdbd307,47EE1D0F-10BB-40DB-A3C9-7ED46C320159,[1],"/usr/bin/clang -dynamiclib -O0 -fno-common provider_2.c provider_1.dylib -Wl,-install_name,@loader_path/provider_2.dylib -o provider_2.dylib"
SNF-136,3,262cb0ac56d57358be5fd640527378f679c800eed926f42e9db86251078b3071,12f959090cd9a9efd96ad847d4f30a0d09953f0fc454243bccf3e6216cdbc236,6736482D-9EEF-4A47-B93F-8DEA3B7738D9,[],"/usr/bin/clang -dynamiclib -O0 -fno-common provider_3.c -Wl,-install_name,@loader_path/provider_3.dylib -o provider_3.dylib"
SNF-136,4,c4a84e2c05660670fcb49e3a7469553a2955d3acf730a05d771cb8887f9a5e98,5671cbefbf986d463b773aafa881c62963b0e8b0823809ac2ed4ded71ea95c45,DED21407-867A-4432-969C-B7E3C0139EEB,[0],"/usr/bin/clang -dynamiclib -O0 -fno-common provider_4.c provider_0.dylib -Wl,-install_name,@loader_path/provider_4.dylib -o provider_4.dylib"
SNF-136,5,eb19f0d228e16d956566e9c406df53b78cd6d70f1fa82630155a1825a7849be0,2728c2ba1f417de4b0ef67ebfc054f61b9205ec88689476657484156768cedc4,A4C6F37C-EA1D-44C7-8EF2-2BBA8FFE7DA3,[1],"/usr/bin/clang -dynamiclib -O0 -fno-common provider_5.c provider_1.dylib -Wl,-install_name,@loader_path/provider_5.dylib -o provider_5.dylib"
SNF-136,6,493e498a37a448b0337e0cb582e59201c4ef532318baa03312e8d3337f4d2952,f4fc4a49453f3af2abbdef5ef4431834abb733e46d88916a394093d6050606d9,3675C326-7306-42D2-9A8B-83DA507A5468,[5],"/usr/bin/clang -dynamiclib -O0 -fno-common provider_6.c provider_5.dylib -Wl,-install_name,@loader_path/provider_6.dylib -o provider_6.dylib"
SNF-136,7,e9a1ea45b475555d78e40c7c69d496250cc6cc51db1e66153473fe89dd013e17,0880124decc36bbcf3ab932c11d586bda9d9429581338c44c49d6369ae684a14,9F089630-9B51-4611-B686-FDBE85CC893B,[6],"/usr/bin/clang -dynamiclib -O0 -fno-common provider_7.c provider_6.dylib -Wl,-install_name,@loader_path/provider_7.dylib -o provider_7.dylib"
SNF-137,0,b50ff198280bbe6f935286826613581b29bc9e9e7c8be5c7ac58963906940c7b,8fd334f069bae3edd61b63bd890e7719695e965a4ea021787a4b252a71c53116,CAE8891F-550B-4613-A879-20313A9CFC3E,[],"/usr/bin/clang -dynamiclib -O0 -fno-common provider_0.c -Wl,-install_name,@loader_path/provider_0.dylib -o provider_0.dylib"
SNF-137,1,9399e3bf584acf778c92d225583595d9beeaff495de4b749bb9911c1233ee368,2a3ecf484a212432cf42370a3aafc68ebfe8aabdfa1d99c51f58ee5e1fa51dda,ACCE109D-DA0D-43A1-8827-DE9815002CB9,[0],"/usr/bin/clang -dynamiclib -O0 -fno-common provider_1.c provider_0.dylib -Wl,-install_name,@loader_path/provider_1.dylib -o provider_1.dylib"
SNF-137,2,e65173a4936ea608a30f68a822acd331dd91a7c3ba302e3f6217ac66cac86711,cf1364193e51bf5bac11a196bbcf0142fe55be6395e8193434e1b14289922a2f,8EC92FEB-0A3B-4D8A-B076-282D53CA14F6,"[0,1]","/usr/bin/clang -dynamiclib -O0 -fno-common provider_2.c provider_0.dylib provider_1.dylib -Wl,-install_name,@loader_path/provider_2.dylib -o provider_2.dylib"
SNF-137,3,e8f5466300e9ff0b114e216342f9243a558f218a5f66547b39d42d15b7e8f240,2ab60fe11f53ed0430e3676f57b717170d25eee0e35fa7dc1a5a079e1f1a335b,B48CFD7D-B61B-4A84-886B-591EEAD4CBFD,[1],"/usr/bin/clang -dynamiclib -O0 -fno-common provider_3.c provider_1.dylib -Wl,-install_name,@loader_path/provider_3.dylib -o provider_3.dylib"
SNF-137,4,83d88e263542302a61b2d435a1b105efd9d7bc9cb733d8a4c96ca4170610d18f,0f569d67c746c786c6fcb39bb50e9e07344f5bbb7f9ecc923dfc1506b7be59a5,3CC9B7B7-0A84-4BB4-A18C-66B52FC5FF33,[1],"/usr/bin/clang -dynamiclib -O0 -fno-common provider_4.c provider_1.dylib -Wl,-install_name,@loader_path/provider_4.dylib -o provider_4.dylib"
SNF-137,5,e359533d8b993d78f56dd792f9cd0cb27af158afe69c276f5e69ca210c192ed6,528fecdb5c51a269a5fadf047f86510114706d8bf6bb0b96ff13cde6991171f8,47ED9DF5-6A9E-458E-ADD7-D0CFC7DEF711,"[3,4]","/usr/bin/clang -dynamiclib -O0 -fno-common provider_5.c provider_3.dylib provider_4.dylib -Wl,-install_name,@loader_path/provider_5.dylib -o provider_5.dylib"
SNF-137,6,9008f1fdd08e7d2c8e2254259e604314a9dfb37adbac9a8ce37b1a7570e2f513,a4324a0ecbbce8d37b7a4b2676ce7a652f677fd44550e393d248de79adb3f045,A53FEF7F-4153-4F19-ACBA-3FD4A8274403,[0],"/usr/bin/clang -dynamiclib -O0 -fno-common provider_6.c provider_0.dylib -Wl,-install_name,@loader_path/provider_6.dylib -o provider_6.dylib"
SNF-137,7,aea92922c441e3eaf4ecd04017288790ba85b7d88847485d90988f2d9a39237d,f5b73387412c0aa9b12563451b6b62c4be36a6def79bdd0bbfe12d1573b33ae3,BE8264E1-6AD6-4684-8027-958E23DEC452,[5],"/usr/bin/clang -dynamiclib -O0 -fno-common provider_7.c provider_5.dylib -Wl,-install_name,@loader_path/provider_7.dylib -o provider_7.dylib"
SNF-138,0,e7f1e088451dbcfef95329818d57e7523de4393038e4b0a8bba102f20371a7cd,cc9131b71aaf462052caa983d7175b07cd100004d93b2566c14823352300e35b,18ABFC3A-CF71-4D25-B772-B459B08C17E3,[],"/usr/bin/clang -dynamiclib -O0 -fno-common provider_0.c -Wl,-install_name,@loader_path/provider_0.dylib -o provider_0.dylib"
SNF-138,1,752460aab2599fcf4dad89784ff6705927d4517a947a322f718b6cd1ea0a11fe,a7915325f13e4cbe5f0d2a5b4cfa1b455d9b140119849cc115c0e9a28754f070,76D713BF-E2CD-479A-A8FC-5D712C39A5C4,[0],"/usr/bin/clang -dynamiclib -O0 -fno-common provider_1.c provider_0.dylib -Wl,-install_name,@loader_path/provider_1.dylib -o provider_1.dylib"
SNF-138,2,db6453547ee6fb707097ece8b3ca3919f1f125028cc02e08ec720a87d0192c5b,25d99f24feb53f83188ba43e27d766469ccfc62c13e79bf412ba2d3f83e0bbf2,8F6352DA-141B-45EC-B8BD-E859E8420BF2,[1],"/usr/bin/clang -dynamiclib -O0 -fno-common provider_2.c provider_1.dylib -Wl,-install_name,@loader_path/provider_2.dylib -o provider_2.dylib"
SNF-138,3,7e8ee374403e1ce27cc8a72c75a1473edeb10da2e6cc89c16668b343235f75ad,f2d642675cb81516c529d21c83c78c0f6bb0936e6e99704f29fa9c89504d2bc3,1CBCBC74-EDAC-43AC-9B8D-24734F39A765,[0],"/usr/bin/clang -dynamiclib -O0 -fno-common provider_3.c provider_0.dylib -Wl,-install_name,@loader_path/provider_3.dylib -o provider_3.dylib"
SNF-138,4,ef35bc716d5c2734311f5b05309f81ef76bb11277cfcced073d9102b6af1017a,d3bf8824afaf23286af7d56e3981f2b356c6806de92b4578122d4a3e1630adc4,17667F15-A932-42EF-BCE9-75BF8ED2FDB1,"[2,3]","/usr/bin/clang -dynamiclib -O0 -fno-common provider_4.c provider_2.dylib provider_3.dylib -Wl,-install_name,@loader_path/provider_4.dylib -o provider_4.dylib"
SNF-138,5,e1ba620c6bb0d031159c77c775978a879347f21817bff9c8124775be0cfe6f99,dc897a51d91a028cc95311ea196c9384146ef853088c8a510f50753a8722b94e,02592224-7E67-4BF2-B78C-AB3682FA0574,[0],"/usr/bin/clang -dynamiclib -O0 -fno-common provider_5.c provider_0.dylib -Wl,-install_name,@loader_path/provider_5.dylib -o provider_5.dylib"
SNF-138,6,0602e8be76b09f4813c13068b4513deaf7e86577ff0a813f568f36537d1e8e9a,a5c987e1949f84acfc66bd316f690651966abb8d2f275e1b5f5a4826147f711e,65591E60-FFCD-4A79-B0F8-68F880F233FF,[3],"/usr/bin/clang -dynamiclib -O0 -fno-common provider_6.c provider_3.dylib -Wl,-install_name,@loader_path/provider_6.dylib -o provider_6.dylib"
SNF-138,7,be4e8989e75b0def348a464671ac9f7b7073f3322aca4dc65f8b93b71bce5a33,74bf5145b2710c9a7e207b54bed51384895792837d1f2d1d364e60e46431b56c,82606762-4D78-4E05-9E84-8D21785BBDFE,[],"/usr/bin/clang -dynamiclib -O0 -fno-common provider_7.c -Wl,-install_name,@loader_path/provider_7.dylib -o provider_7.dylib"
SNF-139,0,435f04cf0bd4f559295103cfe84ea1583b0159741ce31ea7020041d9739b7c0d,23cb5b0df60b4ed531b504a4d74e4641a7f54ca7f5af9c80f3ff5f6b6d5aa572,796005AB-E0C4-4D71-95B4-A83C56900336,[],"/usr/bin/clang -dynamiclib -O0 -fno-common provider_0.c -Wl,-install_name,@loader_path/provider_0.dylib -o provider_0.dylib"
SNF-139,1,b57413037577a61ada590593e64b8339f5dfc2327ba7890eb44daf887b21dd8f,f88a9d4bfb2c7c82f0ffc6114fd625231fe9ce05985a1eb7445db52675295c12,6FA0D768-C46A-47C9-87B4-D94560A6BD9A,[0],"/usr/bin/clang -dynamiclib -O0 -fno-common provider_1.c provider_0.dylib -Wl,-install_name,@loader_path/provider_1.dylib -o provider_1.dylib"
SNF-139,2,38c24a4e77c7117cf676d080b31fd4147eed1cc81574ebd863d163952c2fdd3e,6d80bb66e3368f40b816db26e0441790beb0b95d5b22004110b5fdc4c1bb64ba,EDD57E69-84EC-485C-AE0E-4DFCC58F702C,"[0,1]","/usr/bin/clang -dynamiclib -O0 -fno-common provider_2.c provider_0.dylib provider_1.dylib -Wl,-install_name,@loader_path/provider_2.dylib -o provider_2.dylib"
SNF-139,3,dc684e53079c5b4d2d89f723985e48ae367d0264160e52b3f406d90cd9d90a25,db64da4ed24696882b297c0cd109258750908556ec43918e19e5d46fe6e9ed54,D654EEFB-3F62-4F77-BA72-B269928EE88D,[],"/usr/bin/clang -dynamiclib -O0 -fno-common provider_3.c -Wl,-install_name,@loader_path/provider_3.dylib -o provider_3.dylib"
SNF-139,4,a6afd859a9e2e71174be8825dcf5899969c4dbe5378ccb3e09ab93c098e94cb3,258d380a29ca76fa70453146f6723d8e397fe4a12d1b7fd73eed2d67cee13e0f,ABA8FC4E-5646-4BCB-9A9E-AE042E10DE10,[2],"/usr/bin/clang -dynamiclib -O0 -fno-common provider_4.c provider_2.dylib -Wl,-install_name,@loader_path/provider_4.dylib -o provider_4.dylib"
SNF-139,5,a624a97ca191260cbb0a84d64fa80348709aa28a86f55b95d6b7e70f208ec4e8,1131530c595cd03941a0f6357a6ae286768940e734b07113f66ac51f28f5d6d0,F93FF929-66D9-4876-8AA2-D1BFB356D3F0,"[3,4]","/usr/bin/clang -dynamiclib -O0 -fno-common provider_5.c provider_3.dylib provider_4.dylib -Wl,-install_name,@loader_path/provider_5.dylib -o provider_5.dylib"
SNF-139,6,530464c1e064b9b7ec72a162f94eb1f05d1f82d30908ead1bbdcbd79322a4c7a,b90c975c5b0071b923959a993ddbea289c7154218500b75ca5396090fcee02ca,5FCF8C84-25EB-4006-AAF9-89FE9FF6223C,[0],"/usr/bin/clang -dynamiclib -O0 -fno-common provider_6.c provider_0.dylib -Wl,-install_name,@loader_path/provider_6.dylib -o provider_6.dylib"
SNF-139,7,20b2c66aceac987c83f1b4284d1b1f437decc1edb88838b8a9fc02580dee8e59,61884203434036e84fb75e36b09b37343170608e3eb0cd9e2ebe68010cacd064,1E69E8C0-8BFF-4205-90D1-9574C5B134D3,[2],"/usr/bin/clang -dynamiclib -O0 -fno-common provider_7.c provider_2.dylib -Wl,-install_name,@loader_path/provider_7.dylib -o provider_7.dylib"
SNF-140,0,3554e718cda863372594cd21491723296cf90c49b0c4cd7e3d60bf94908ecb40,5046d152c99316decf29d24f474eee0b3ee3d8dadef629c94902fa2d51dd06de,340DEBC8-78A1-4FCE-AE6E-8D8854EB2FD9,[],"/usr/bin/clang -dynamiclib -O0 -fno-common provider_0.c -Wl,-install_name,@loader_path/provider_0.dylib -o provider_0.dylib"
SNF-140,1,422b7304693e045f692a2a82dafafe9c9ad39cbf17293a0579f10b97dbf29638,1e3f61fac150db4c15173d8b7b3ab4aae36aa0a66a6b971e3f4a70b87c846f06,659C761A-55B3-4C04-B303-0DDC32763857,[0],"/usr/bin/clang -dynamiclib -O0 -fno-common provider_1.c provider_0.dylib -Wl,-install_name,@loader_path/provider_1.dylib -o provider_1.dylib"
SNF-140,2,e70ea01ad98b0b2df61bdac08298bb362e8c43a734b520e71ac57c49e9884cf6,53a8372d7ef4745e5073fe287b754e38b2749dd2d32d34a2ace3d4066eb55910,315D2587-E8CC-49FE-9170-A4E850C61ECA,"[0,1]","/usr/bin/clang -dynamiclib -O0 -fno-common provider_2.c provider_0.dylib provider_1.dylib -Wl,-install_name,@loader_path/provider_2.dylib -o provider_2.dylib"
SNF-140,3,716cb19989601cd40e4c9ae4b8439731b606d551b119e837f3c5e90841b1ae5c,93299d437b0d945f2c74d656c7f1a113ead0442f1062df9df2975e610cac91c3,84926E7B-9829-445F-AC0D-36DBD428D1CB,[],"/usr/bin/clang -dynamiclib -O0 -fno-common provider_3.c -Wl,-install_name,@loader_path/provider_3.dylib -o provider_3.dylib"
SNF-140,4,b416fae82808164a8e3ed93b6577ed0f846e63409f6bf39ebdb54601e03c56c5,2701e23cfd4cd523e29bc1e4ffda94e1232a7fdee2b12758c58d5acff9e82101,E8DBFCFC-A792-4AD3-B1D9-103C00726DB4,[0],"/usr/bin/clang -dynamiclib -O0 -fno-common provider_4.c provider_0.dylib -Wl,-install_name,@loader_path/provider_4.dylib -o provider_4.dylib"
SNF-140,5,b6745cecf5e4a1227d155f469d0d97e2a9a99dc44f9e105bfa1dd2578af566e8,a3c9b5baf255a41ac869e7ceee558d9385e3387015d72c4b136b9473c4826e93,ACDF3E39-CD9F-478B-AA87-1A540D56F916,"[1,3]","/usr/bin/clang -dynamiclib -O0 -fno-common provider_5.c provider_1.dylib provider_3.dylib -Wl,-install_name,@loader_path/provider_5.dylib -o provider_5.dylib"
SNF-140,6,913c10460fc9e129deeda79a3e4d3a8bf7553bad9606865db025f0feb520c90e,5c0c96fd8207b42da7cdee11d55c1ad770926d39eaa5429440054e17495ed80c,44C44E82-B75A-40C6-9242-E272F58919F2,"[4,5]","/usr/bin/clang -dynamiclib -O0 -fno-common provider_6.c provider_4.dylib provider_5.dylib -Wl,-install_name,@loader_path/provider_6.dylib -o provider_6.dylib"
SNF-140,7,3cfa32a3d4d807eb08dad1d9bc7661fb59af15132d1521abba57ebc8cac2a128,669d656d94aa7235b028299b59ccbdba5e9ee036ce1dd3f1c699b0d750f73a69,5D6D9113-DDCF-4008-AF51-78066EC031BA,[1],"/usr/bin/clang -dynamiclib -O0 -fno-common provider_7.c provider_1.dylib -Wl,-install_name,@loader_path/provider_7.dylib -o provider_7.dylib"
SNF-141,0,b59478c4a70bbc58fa5d4108f2580b34c72e84bbaf4e46a1027476f896343869,0eac6ade6f18f33e9d21cd4c4f3c5f7f0e0a4d8d6060f995cd109bccf4b64cfc,AF394786-1CF3-4B15-B19B-77F0B616E913,[],"/usr/bin/clang -dynamiclib -O0 -fno-common provider_0.c -Wl,-install_name,@loader_path/provider_0.dylib -o provider_0.dylib"
SNF-141,1,fd233bf029f244dd12a3352b1e6910c48776adb5d29dd1c0564a40d346971632,8894e76baf1508e3ee6c3bbd3614095808907827ccbe625a7fbb2dc49aa27c0e,CC270C45-59A2-4626-8789-1BB6DCCCD9CB,[0],"/usr/bin/clang -dynamiclib -O0 -fno-common provider_1.c provider_0.dylib -Wl,-install_name,@loader_path/provider_1.dylib -o provider_1.dylib"
SNF-141,2,1513ef46a79fa47ee3c77261c235fca5140ce4e70f940878d3183619cfb49ddb,62fdb3d6461b20573253164b3e62bf36c339b47a15a893e64a0f4c68a25c5bee,E5D5CBF0-A0B2-4D51-84D7-7CCDC6CF530C,"[0,1]","/usr/bin/clang -dynamiclib -O0 -fno-common provider_2.c provider_0.dylib provider_1.dylib -Wl,-install_name,@loader_path/provider_2.dylib -o provider_2.dylib"
SNF-141,3,a2b51b4d76bd8afbecea92dd99800a07a581a5384287f01d231b4e11d86d680e,bbefc7451ae791d545066e29c0db8f37705466a2c2aafec84d085f1ad21e909d,ADFA3FEF-6730-4DE7-BEF4-273066C8760F,"[0,1]","/usr/bin/clang -dynamiclib -O0 -fno-common provider_3.c provider_0.dylib provider_1.dylib -Wl,-install_name,@loader_path/provider_3.dylib -o provider_3.dylib"
SNF-141,4,dd73e14bf2841eccee863c5687b10310c733a371afc74392de8bc322320946be,844f659e0e0faa69ab7c43f851e876dab12e4e665831c7cd5563308390c23022,F7B7E3F0-6413-40EF-952A-60C3337FF08E,"[0,1]","/usr/bin/clang -dynamiclib -O0 -fno-common provider_4.c provider_0.dylib provider_1.dylib -Wl,-install_name,@loader_path/provider_4.dylib -o provider_4.dylib"
SNF-141,5,b00521303189f6b15955a79ef20da4225428dba96fa57fc34caff12644f7d6df,8a1e51ff33eeff3790f90c2eb40fb04793e39edf07c5b4728c81126192f5b76d,7AE15B07-6B0F-41EF-A0D4-7A514D741362,[0],"/usr/bin/clang -dynamiclib -O0 -fno-common provider_5.c provider_0.dylib -Wl,-install_name,@loader_path/provider_5.dylib -o provider_5.dylib"
SNF-141,6,2cb8fd84aff3da0c3d8f0d1269cc01f592229a898c9cfbd429b4a68cf34ba6e4,aad3815c31460fd28cd93bf8186889bc37154c98778ef024991635d7632dd304,785CF7E4-332A-44D5-B8A2-2A01132BB094,"[2,4]","/usr/bin/clang -dynamiclib -O0 -fno-common provider_6.c provider_2.dylib provider_4.dylib -Wl,-install_name,@loader_path/provider_6.dylib -o provider_6.dylib"
SNF-141,7,4465e2ae118d5f96fea08aaecac0bff23591d93ed55423f776a7a3140d056210,f0ccbc22e1ecd45ba8fa19459d6146f9915e4b0c5066b4e2016a55eea16a4502,E0A04D64-81B7-4925-8B29-3FE721687675,[1],"/usr/bin/clang -dynamiclib -O0 -fno-common provider_7.c provider_1.dylib -Wl,-install_name,@loader_path/provider_7.dylib -o provider_7.dylib"
SNF-142,0,4ee0a3203dcf5f9a6aaccb8f44d7bfaf73bbd738cf5062fb243af3ccfb3e4bca,245d735d0c904eb2dec4596a2490990495c54945dd7273d9a046d3e4abb88cf2,0839C81F-5FF6-41E4-91D6-09CD27255184,[],"/usr/bin/clang -dynamiclib -O0 -fno-common provider_0.c -Wl,-install_name,@loader_path/provider_0.dylib -o provider_0.dylib"
SNF-142,1,aa9b6801e34629ba2a1ef8ac0d662658eb9c81bb33ccf0c42d0984acc11857ba,9031221323c470e104c5dc7c81fbe800fc3b33882dfef50b2c4d65e8fca9e789,40FAE13A-BCEC-49F2-AC9F-A400F2450395,[0],"/usr/bin/clang -dynamiclib -O0 -fno-common provider_1.c provider_0.dylib -Wl,-install_name,@loader_path/provider_1.dylib -o provider_1.dylib"
SNF-142,2,94f5c2dfe7992d92a0fdf886c9610686dd04ac9535b9224a8438094556305f24,43e96e12c0a473a15ab7c3826e27ea54af7092c1cb979c02d8895ee660608f08,5558E0B2-7069-494D-A770-A5950D84FA50,[],"/usr/bin/clang -dynamiclib -O0 -fno-common provider_2.c -Wl,-install_name,@loader_path/provider_2.dylib -o provider_2.dylib"
SNF-142,3,d1aa85dc96b5cbb737fab15d5b1e6d0f38ae1356377d06367f712dc769a913ed,d0501cf7d6dcfbe297a74d6b07d707e7c72abf1afa7579bde8b74d8a3b59b768,73CD18EA-8B9D-4270-B503-E3B879F88067,"[1,2]","/usr/bin/clang -dynamiclib -O0 -fno-common provider_3.c provider_1.dylib provider_2.dylib -Wl,-install_name,@loader_path/provider_3.dylib -o provider_3.dylib"
SNF-142,4,7d5866b16a643a490589ab099552da8ff9d71c7e9b873b835fd846adddb4242c,0f9b072628747da9d5cd2b886425e64ebc792deb3aa7671c2f5878e5af10ab47,163BD1DD-D025-4862-9C9A-60995D3A4450,"[0,2]","/usr/bin/clang -dynamiclib -O0 -fno-common provider_4.c provider_0.dylib provider_2.dylib -Wl,-install_name,@loader_path/provider_4.dylib -o provider_4.dylib"
SNF-142,5,bb4d3d3dbf3a9f25b3c4eac8828da041de73f98dd9c92dde1c5ebad919344b7c,9542b049817f1dd4f0925ba29600a3347cd5e131f486df650774ae13bfe20093,8E78E534-4EF4-4840-BBE9-BEAADDC5FA1F,[1],"/usr/bin/clang -dynamiclib -O0 -fno-common provider_5.c provider_1.dylib -Wl,-install_name,@loader_path/provider_5.dylib -o provider_5.dylib"
SNF-142,6,d979ff63657682c9c1c1a36d37d1b43507c5304780505f6d469a5c03b9e4d67d,72f20688a15dd0c94b7880e0bc09a0e60715a03786df80e2c54e139741cb2253,A2A3044C-F9CE-445A-8A75-FF43C7DA9109,[0],"/usr/bin/clang -dynamiclib -O0 -fno-common provider_6.c provider_0.dylib -Wl,-install_name,@loader_path/provider_6.dylib -o provider_6.dylib"
SNF-142,7,16d98e47708696b776c1a952c9b0c6538ea67bf6839c47d996e366323cd8731c,e50a096f19e03692761498b6a7117a4514198be650acd35ba599b3262884fccf,F0A71801-AD6E-47C8-BFEA-5A298B7A7501,[0],"/usr/bin/clang -dynamiclib -O0 -fno-common provider_7.c provider_0.dylib -Wl,-install_name,@loader_path/provider_7.dylib -o provider_7.dylib"
SNF-143,0,179405255af2dea7dbf41e1c9e1253c69b061efcedb1bf943ed0560a93179716,73f44c4f09a35c0f7dac5828f160f5568c03d4fcb4ed73377c9f20d5b0ad1da6,35597BA6-E29B-480F-BBAA-77039AFC04A6,[],"/usr/bin/clang -dynamiclib -O0 -fno-common provider_0.c -Wl,-install_name,@loader_path/provider_0.dylib -o provider_0.dylib"
SNF-143,1,caedddea33b97662a69cdc0520b23f19c28a0d4e9a02439b7611829e1273f17e,6056103f8789840d09cd64b6cbb824454afba4e7ed49a8465bae1823c2a95182,8E39D3EC-B380-47B5-A716-27D5E39F59F3,[0],"/usr/bin/clang -dynamiclib -O0 -fno-common provider_1.c provider_0.dylib -Wl,-install_name,@loader_path/provider_1.dylib -o provider_1.dylib"
SNF-143,2,e19f081f085e9e4f156b7e1a89f06bc17adc3739dd1be238da23690e547999f6,4222c2c162bcfd86776639b32933c244d7915e08e976929818d22595010aaff7,76FB202C-9F05-4B2B-B40B-203A20938ADA,[0],"/usr/bin/clang -dynamiclib -O0 -fno-common provider_2.c provider_0.dylib -Wl,-install_name,@loader_path/provider_2.dylib -o provider_2.dylib"
SNF-143,3,2300949043d47150cdc0e5bf6221f1e314cdd3e80c6884ca6deebb3656577120,1c525aef25836b1a98c9a2f0789b63f512f416e53cdb032170219ffd2f41f021,323E94D8-F16D-4584-83FE-E958F42DECF0,"[0,2]","/usr/bin/clang -dynamiclib -O0 -fno-common provider_3.c provider_0.dylib provider_2.dylib -Wl,-install_name,@loader_path/provider_3.dylib -o provider_3.dylib"
SNF-143,4,fcfe73f8fc02d76f467458388f58e461153d6dc414865df8e0f4a7aac98b9a2a,be72c56ac88f237422da4eb78ea5ee843c35f07bf0fa51fbc42310e5b55d985d,BD82E45B-AF5A-4FAE-9E8E-9690DA0E97BB,[],"/usr/bin/clang -dynamiclib -O0 -fno-common provider_4.c -Wl,-install_name,@loader_path/provider_4.dylib -o provider_4.dylib"
SNF-143,5,a12e927ebb3f43545a9ad67f77acfd78336e1802bf262d6c1141e0ea4a283680,c59b16a01e7e8a48ef534d77d95a5d5062dfbcc6ac6dafb1ba67019f1000075f,6B0FF382-32D8-425C-AC23-2776D36C5948,[],"/usr/bin/clang -dynamiclib -O0 -fno-common provider_5.c -Wl,-install_name,@loader_path/provider_5.dylib -o provider_5.dylib"
SNF-143,6,0574ff93d7923489accb97a198dd43714483a9e8e4a7b7c1475dbf5985f20c11,26592a482ecdeb0065d75546b68cf7615876a710051608bf3ba396eee1ebb5b7,C653D0B6-348A-479E-AF14-3581BAAC7D0F,"[3,4]","/usr/bin/clang -dynamiclib -O0 -fno-common provider_6.c provider_3.dylib provider_4.dylib -Wl,-install_name,@loader_path/provider_6.dylib -o provider_6.dylib"
SNF-143,7,6adba8b3d4ababb86b4f0ecf523be680ac1f1015fa53bbe208fa11ce757fbedc,a390498ce0f68089c9b1734c902824386a43f46b4c460d048c951ac7be124cac,DD413048-6405-410B-A909-475F0F61EBF5,"[0,1]","/usr/bin/clang -dynamiclib -O0 -fno-common provider_7.c provider_0.dylib provider_1.dylib -Wl,-install_name,@loader_path/provider_7.dylib -o provider_7.dylib"
SNF-144,0,ef8c8739dd4b0d23f935ec1123022d8ed61c4cafcc97544dde64711ef90be021,ecd6606db5b329745ae7918c82851dad4b6c1b20a58ba56407dd039b7e8dd450,E0B58794-5D75-4CA3-A2C8-2D9A37CE2DB0,[],"/usr/bin/clang -dynamiclib -O0 -fno-common provider_0.c -Wl,-install_name,@loader_path/provider_0.dylib -o provider_0.dylib"
SNF-144,1,2050ba7562d454614b8373319e056b6a0dd48ca061a8c6c25708493860278125,7ea51c61e59ec6e3d637f40b8102347d45dd71d7030931a76382622f095b9a26,4B5795CA-6ABC-4877-9860-77A34D468C0B,[0],"/usr/bin/clang -dynamiclib -O0 -fno-common provider_1.c provider_0.dylib -Wl,-install_name,@loader_path/provider_1.dylib -o provider_1.dylib"
SNF-144,2,b6d9ed249754fce91f865de724bbc5719b1d7de983ba2e891ef1ed8053348831,a8ec7cb471db3c172dfe0518d94d1b868410527347362c3eaebb13b5b65f558d,08A8F026-4604-4957-9456-4BDBAA520BF9,[1],"/usr/bin/clang -dynamiclib -O0 -fno-common provider_2.c provider_1.dylib -Wl,-install_name,@loader_path/provider_2.dylib -o provider_2.dylib"
SNF-144,3,3f79495c2a7f64d6c30b15393e8f22ab10e7726c7176c7274c2fbbe85f1de9f5,0ee79d8f05691d53cae215c414882c0cac25b551aefc9027bdea742817cccc7d,BBC0F805-71D1-4FE9-AB51-968467A5E938,[1],"/usr/bin/clang -dynamiclib -O0 -fno-common provider_3.c provider_1.dylib -Wl,-install_name,@loader_path/provider_3.dylib -o provider_3.dylib"
SNF-144,4,b44b4b970b73d970969504b31a86db789977904f8bcddd95e52dad19a81ec67f,f7a6f18a6240c97b31bd97471ba7336f300023f792127949f68513db3e53bb26,5544E88D-5E77-4D8A-A751-3A91911F9CC6,[],"/usr/bin/clang -dynamiclib -O0 -fno-common provider_4.c -Wl,-install_name,@loader_path/provider_4.dylib -o provider_4.dylib"
SNF-144,5,d4d95241d3c9455589ca29e572ee90794edb27c9b3ad0e3d9b394e483c96af14,cee91646bd343b3fc1038f5b8bd7640ef6c8eb0413dd4766a3480f2f36f6d64f,3E9F797C-A7DD-43BA-8534-0B5D00AD0D76,[3],"/usr/bin/clang -dynamiclib -O0 -fno-common provider_5.c provider_3.dylib -Wl,-install_name,@loader_path/provider_5.dylib -o provider_5.dylib"
SNF-144,6,8b7df73df51e18db0b6ba71b3cdae9d701943a5a9d428105ec226d0bcead3926,75d459fc6b4ff651a136e1ceee31a52ee5dd2f6c85019f1aa0f89489aef254d2,5C049286-EF41-445F-B687-C0E2EE8BA99E,[0],"/usr/bin/clang -dynamiclib -O0 -fno-common provider_6.c provider_0.dylib -Wl,-install_name,@loader_path/provider_6.dylib -o provider_6.dylib"
SNF-144,7,09f594cc9131954fa1952f31a6e2c7fb0a5cd2af3a17f86f30dac39fa13d8fc0,eb7a118cbb3d11ce6b37350d2a7234d4a55c7ad23950c7feb044ea348c459888,29F0E91A-852F-4B80-B85D-1E26129A40EE,[],"/usr/bin/clang -dynamiclib -O0 -fno-common provider_7.c -Wl,-install_name,@loader_path/provider_7.dylib -o provider_7.dylib"
SNF-145,0,6e32298974f8eab473e3d5ad45fb530aa0cb5282e596e8e65b5b8709b7e0a87f,b20d0e8bc48d33b1448be511b3299c7377e7cf027216dad092568ccc5d53ab53,EFEBE1B4-9F5B-40C1-9E97-A29A96266C7D,[],"/usr/bin/clang -dynamiclib -O0 -fno-common provider_0.c -Wl,-install_name,@loader_path/provider_0.dylib -o provider_0.dylib"
SNF-145,1,8d9f137d26d4e49276ef1bce6e34ac5a8f2057fcf9753b0813bb2d16cdf1ad54,e7c56ad333c4d1b404a0aeb15fd1415e88653b64b84524200806e145e9e48fbd,0F94F14B-665A-4E90-9975-29D12E93DC38,[0],"/usr/bin/clang -dynamiclib -O0 -fno-common provider_1.c provider_0.dylib -Wl,-install_name,@loader_path/provider_1.dylib -o provider_1.dylib"
SNF-145,2,ecbf3835bd6c51487f566ac82afb6744dfd02d5b959e759b3d676e9e0dbb8a94,95367437a508187ce2bc61d7e815fff3b4f875dc2d8ea417cd66647951508af4,E72CA8B7-20F9-4C94-9795-D89A5C89E74C,[1],"/usr/bin/clang -dynamiclib -O0 -fno-common provider_2.c provider_1.dylib -Wl,-install_name,@loader_path/provider_2.dylib -o provider_2.dylib"
SNF-145,3,d52bfc24c73d990f2591173e74f308ca54731a2d5be1d7064ece30128cdc4ad4,6ca692ca1abef2921336ac1d25b011cd9c8b52a92541486881e5fd60aae8a9c1,065F99C4-AFB6-4859-9F2A-0C581A923921,[0],"/usr/bin/clang -dynamiclib -O0 -fno-common provider_3.c provider_0.dylib -Wl,-install_name,@loader_path/provider_3.dylib -o provider_3.dylib"
SNF-145,4,f205bd7f57856a0b4946f659841373ce3620ff4719d96bc2f03245af0357fcf5,ac362c562676aeb3ba19b4455733b6b6b78100be5ef6ff820b092a65030d4c81,3A90D28F-ADAC-4867-BF6D-CFB9D799480E,"[0,3]","/usr/bin/clang -dynamiclib -O0 -fno-common provider_4.c provider_0.dylib provider_3.dylib -Wl,-install_name,@loader_path/provider_4.dylib -o provider_4.dylib"
SNF-145,5,e3c859828e2cc43e9880c63e2a0ee965fa2f0d6df43797ffc5cbb86335b7d30e,2e1afb8897037ba349005adc3128c82d01a9a1e7a1ff70ef93a7f0a14b7daf8c,C4F1F81C-560B-44D3-A417-4BEFBDB491DB,[2],"/usr/bin/clang -dynamiclib -O0 -fno-common provider_5.c provider_2.dylib -Wl,-install_name,@loader_path/provider_5.dylib -o provider_5.dylib"
SNF-145,6,9fa63c867cb634c715d4bab5c1ded987b9413c03183cfb23680043b26f84b663,0bd483313a4e0d9532e7e6a31f2d76d7f6201cba68e2590d3c74a3cc088d4f52,11B85F12-239D-424E-87DE-1EC2BF04B281,[],"/usr/bin/clang -dynamiclib -O0 -fno-common provider_6.c -Wl,-install_name,@loader_path/provider_6.dylib -o provider_6.dylib"
SNF-145,7,9b343269838afc89bfb5a55afe61e31420b9a5d1ea8e7aeaf04507cc69806a28,85e56811bf53ce7ee3bb5b185034e3a2e4444336af8e4a32aaf5530aae17e64c,BD40E8B4-CF43-48A8-9A0F-6A8186BE7AFD,"[0,4]","/usr/bin/clang -dynamiclib -O0 -fno-common provider_7.c provider_0.dylib provider_4.dylib -Wl,-install_name,@loader_path/provider_7.dylib -o provider_7.dylib"
SNF-146,0,390472d6ecb8d9406ba5b7c55377f33c1faa3932297957be47223c234a234b05,355bab209647afb619c24a4fe970df8229d18c29dc054aed91b96163c84ab52c,BAB8211F-60AF-4163-B1F9-ECEC9614ED83,[],"/usr/bin/clang -dynamiclib -O0 -fno-common provider_0.c -Wl,-install_name,@loader_path/provider_0.dylib -o provider_0.dylib"
SNF-146,1,f558935d3970c5efec8d0d173e0c572b1de8b3e5d3c736633e6bd665bd37d56f,75dbfd46846c1c62c859d026e9d56bcd7a5fdef002b80a51d6bc9d72bc7508a5,F14EF4C0-33C8-4635-81C9-777D45E63457,[0],"/usr/bin/clang -dynamiclib -O0 -fno-common provider_1.c provider_0.dylib -Wl,-install_name,@loader_path/provider_1.dylib -o provider_1.dylib"
SNF-146,2,b7e41339faa06696053dcbb6d311f53528f404209b564f854f888089bd2f7d44,5371e5a268df67576f1c066610dfc5724136a5f5c68986429f7401d335a42c85,53DE022D-4DE0-4C73-A4BE-7D2A2597C425,"[0,1]","/usr/bin/clang -dynamiclib -O0 -fno-common provider_2.c provider_0.dylib provider_1.dylib -Wl,-install_name,@loader_path/provider_2.dylib -o provider_2.dylib"
SNF-146,3,d07ade96848ec7644077565344b5d888c1743fd2af0513290580dbb15063b123,2ea5024df38b76e282e83f800b54fab48783c049d03326af7a40f1bcb312fe63,DC2DA343-9DA2-4B78-AFFD-194F7E656B8F,[1],"/usr/bin/clang -dynamiclib -O0 -fno-common provider_3.c provider_1.dylib -Wl,-install_name,@loader_path/provider_3.dylib -o provider_3.dylib"
SNF-146,4,301448896bcef8c4355b3cfd082d7127dc06baa160fee8df1455cb9692f8ebb0,2aef8dcc0cc853c4d53722c991a1fce630dd34ced18cc9f25200cef876d3e72f,D10ABF1C-3FD0-411F-B6DD-687295F1EA63,[1],"/usr/bin/clang -dynamiclib -O0 -fno-common provider_4.c provider_1.dylib -Wl,-install_name,@loader_path/provider_4.dylib -o provider_4.dylib"
SNF-146,5,21c4981be1093d0f3cf8fe0e262596b9866237ad9d3fa8a505273f9f843f68c2,d8556f5bff0fe202677ec50a64fc82fb73a77d243bc74ac66ea1a75fa9302e03,06DCB332-E0CB-4081-9296-B87C21C4EEA1,[3],"/usr/bin/clang -dynamiclib -O0 -fno-common provider_5.c provider_3.dylib -Wl,-install_name,@loader_path/provider_5.dylib -o provider_5.dylib"
SNF-146,6,0c41fc4046c38fc6c8e8e76cdce89648f0c3f905af46b590a2a20eae958351df,9ac0aa15b391ae0ad7e230b5ffacb38567431ce5066e19e4f27b93e8c24409ff,A57C3CE5-C5C4-402F-B814-6B81EE72AFD1,[5],"/usr/bin/clang -dynamiclib -O0 -fno-common provider_6.c provider_5.dylib -Wl,-install_name,@loader_path/provider_6.dylib -o provider_6.dylib"
SNF-146,7,14ebd6a771c1adb82136fa47569fc14626b3d820757559d746a1ae3f1070590c,6de8697915848dd4504a3b6bc0786301a490e774d1158e4896b3e550d9ecdcc0,026E3236-A2FE-4A16-9285-B0312052EE60,[2],"/usr/bin/clang -dynamiclib -O0 -fno-common provider_7.c provider_2.dylib -Wl,-install_name,@loader_path/provider_7.dylib -o provider_7.dylib"
SNF-147,0,d6d126cd9d9c44a8dd8e9920f1d74396cce62a7555dedde669e7ba560493e231,7c99ca20890e0e7888cad13a980e91208058f55d0b6602580cd3766e1163eeaf,8682826E-B17E-4CF4-952D-D6929771065B,[],"/usr/bin/clang -dynamiclib -O0 -fno-common provider_0.c -Wl,-install_name,@loader_path/provider_0.dylib -o provider_0.dylib"
SNF-147,1,9fe114e321412f79cf49417dda42e6b163c9c492f38a9027a760493f03b77641,053c94aa5c71ed754ad0892330fe59f64802639726c831a53015e9de1b38b6bb,108BE553-39D9-4C72-972B-4A355EDDE5A6,[0],"/usr/bin/clang -dynamiclib -O0 -fno-common provider_1.c provider_0.dylib -Wl,-install_name,@loader_path/provider_1.dylib -o provider_1.dylib"
SNF-147,2,c4a751e067d749062e5a31fba239d29fd44c8578e5314a27eaebeb88c927f268,a8c509a05e30e137def594cbd8120c8529e87704e3b3bda40a367b09d482a4f2,EA2D23A4-5DFA-43D5-8E45-F517E1DA1351,[1],"/usr/bin/clang -dynamiclib -O0 -fno-common provider_2.c provider_1.dylib -Wl,-install_name,@loader_path/provider_2.dylib -o provider_2.dylib"
SNF-147,3,eedfae2348036f1e5d2a790feb98929e2126e72d51e5e992de48fbe09b494613,10d1002776e14c001924085e85ff95e916b247e1a6186065df2f77053815524b,3B88422A-B979-49E3-BEB3-E5AB146E05AF,"[1,2]","/usr/bin/clang -dynamiclib -O0 -fno-common provider_3.c provider_1.dylib provider_2.dylib -Wl,-install_name,@loader_path/provider_3.dylib -o provider_3.dylib"
SNF-147,4,82835934f139279395cb9cbef90ea7a59df9afd7143b76ff6a949bb0416f3da1,f4ff1457cd10bd6449e76055a547c8eda27efa102661f43451f49464a127a60e,1A8101B5-9F57-4047-A902-F67F719BAB32,[3],"/usr/bin/clang -dynamiclib -O0 -fno-common provider_4.c provider_3.dylib -Wl,-install_name,@loader_path/provider_4.dylib -o provider_4.dylib"
SNF-147,5,870b2a49d671a8a21ed6ff70684708b83c606f7bb3689d549c9af0e9adbd3bda,df643124b0708cedecf810bb491b73e7f692d46924417ed27ebef5d326b8a26d,750EBF04-01F6-4AB9-B369-C02476D3FD48,"[2,4]","/usr/bin/clang -dynamiclib -O0 -fno-common provider_5.c provider_2.dylib provider_4.dylib -Wl,-install_name,@loader_path/provider_5.dylib -o provider_5.dylib"
SNF-147,6,81984430623b1e1d6d7e0ab3fb2c1bbd3e2521197930c232c7190ce81021d1d3,d1a7cf454a5bf3119f038d288639aac630a5f4639ee34272d82e24b775bfa08a,4401FAC6-D776-4A11-ABBC-A6F09D251775,[0],"/usr/bin/clang -dynamiclib -O0 -fno-common provider_6.c provider_0.dylib -Wl,-install_name,@loader_path/provider_6.dylib -o provider_6.dylib"
SNF-147,7,70f591d04dc1c469863c0264e8b16b02426ab5fb56e517b222add4e04dc2e18b,3da2853a9d9d21123da5dca072a3d4d46751740baa7241f10cbdb71788a1ba5f,A4FA30D1-FC68-49A5-98E0-E021235D04FD,"[1,5]","/usr/bin/clang -dynamiclib -O0 -fno-common provider_7.c provider_1.dylib provider_5.dylib -Wl,-install_name,@loader_path/provider_7.dylib -o provider_7.dylib"
SNF-148,0,b25bfcb8675b7537797835abf0559df3ba1734310f08c05e2eb0566f2d21a3c8,189a4ff7da6a151f9505068be5fc9f4ff1e7e0a27faf3855736fc0891426fc18,21C6732A-E4AA-4F53-A5C4-89B7D1AF44D8,[],"/usr/bin/clang -dynamiclib -O0 -fno-common provider_0.c -Wl,-install_name,@loader_path/provider_0.dylib -o provider_0.dylib"
SNF-148,1,9790fe2461e4fc0608edd88ff1b2533eba1094e2002916887ae88c4adf0baece,d58044d26f2b98aac984e743d8c39a4f39c124152878bf2b2157830b9aebc4f3,08D6A020-155E-470E-9534-8CA46AB42B82,[0],"/usr/bin/clang -dynamiclib -O0 -fno-common provider_1.c provider_0.dylib -Wl,-install_name,@loader_path/provider_1.dylib -o provider_1.dylib"
SNF-148,2,7c9ed7a6c926646482a0515b948775d3b24181ade0f708b85a291d1aef272f82,90ff6e52ea9b9396e1f154ca9f38595a40bc143c548766d857bc988ae8f06066,CCBDF987-25F1-4CF3-A367-9B2A8E3148D7,"[0,1]","/usr/bin/clang -dynamiclib -O0 -fno-common provider_2.c provider_0.dylib provider_1.dylib -Wl,-install_name,@loader_path/provider_2.dylib -o provider_2.dylib"
SNF-148,3,9e25ab867175ab63aa4d5d6fc2b256c52d08c75f47598ec683c483e7c249e30d,a39129dab3803a89dc99183cb128700303f6ab2859eb680574588a0f7e190941,9E7AA1D5-1B9C-4960-8708-C0894D52376A,"[0,1]","/usr/bin/clang -dynamiclib -O0 -fno-common provider_3.c provider_0.dylib provider_1.dylib -Wl,-install_name,@loader_path/provider_3.dylib -o provider_3.dylib"
SNF-148,4,10b3816183ea51bea5dccb9b0b4c593746d86a4dfec197661f9c9cec9d0b051f,716b33624acfa225bc833dfcd94780f1750c5b6404d9f5cef4dfa907c9531b56,18D9D5CD-6535-494F-B5B2-E8FA29E88658,[3],"/usr/bin/clang -dynamiclib -O0 -fno-common provider_4.c provider_3.dylib -Wl,-install_name,@loader_path/provider_4.dylib -o provider_4.dylib"
SNF-148,5,3f51daab82c23dded61557dc5fd689a1ea13ff44968cc043ded92fc9dde5425f,694a866cece66f375e53967c66b8b7aeca725300b60f4d3617ba64edd95327b7,DF411FA3-66FC-4101-A4CF-52905D1A4807,"[0,3]","/usr/bin/clang -dynamiclib -O0 -fno-common provider_5.c provider_0.dylib provider_3.dylib -Wl,-install_name,@loader_path/provider_5.dylib -o provider_5.dylib"
SNF-148,6,b7dd449cabd2b256442b4db9da369361d0f879af7d6ef9ea3ddf409d0f1b8972,58b90744377eb98abd47927d678518e9c46f26003c22c0dcaa5e4829171c76fd,742262C7-D871-498E-AAEF-3166903EB84C,"[1,5]","/usr/bin/clang -dynamiclib -O0 -fno-common provider_6.c provider_1.dylib provider_5.dylib -Wl,-install_name,@loader_path/provider_6.dylib -o provider_6.dylib"
SNF-148,7,710352c0bee41365a359a29b56692fc39b59be8c9ce27bd54ff434e24fe22d4a,08eb76a26f1a0ffdfb62d35e9ed884a052a2cffab476bf6d05166d8d80868dbf,3BFE4C7A-B748-4F1A-B7B2-7134768A24BE,[5],"/usr/bin/clang -dynamiclib -O0 -fno-common provider_7.c provider_5.dylib -Wl,-install_name,@loader_path/provider_7.dylib -o provider_7.dylib"
SNF-149,0,dd3140aeabe0e0631a0ff524a09f51918988ccbf3961df785792c02bfeffd956,ad1cbbcfb4a240b0f5f14f922fc191434ecaacce19fce173873ca592aa203d5d,8C672223-1D36-4326-8B5F-3D20CA19FA15,[],"/usr/bin/clang -dynamiclib -O0 -fno-common provider_0.c -Wl,-install_name,@loader_path/provider_0.dylib -o provider_0.dylib"
SNF-149,1,eb64885ab52aab479676e0f0a94a1bb1c163e13ffde3947368707724b9a56a43,96269c75320885a238550d517e7d7637d2fa9af522566b9a5ceb02e56fc95fef,BCCB5BDB-3560-42FA-B274-6E0EF52192AA,[0],"/usr/bin/clang -dynamiclib -O0 -fno-common provider_1.c provider_0.dylib -Wl,-install_name,@loader_path/provider_1.dylib -o provider_1.dylib"
SNF-149,2,04292c43f1ed1ac2ce02c97572f867190fbac24e63dc912c53342da1fb95bf94,85321697b0c52854c13dd5fb92c7080caedefae4be58f5a560497a58a4c166ae,4F096C77-26A2-42C5-BE83-0CFDBB28EEAC,[0],"/usr/bin/clang -dynamiclib -O0 -fno-common provider_2.c provider_0.dylib -Wl,-install_name,@loader_path/provider_2.dylib -o provider_2.dylib"
SNF-149,3,bcdf813c00b3da6d57bbe64d0eff348a13f9aa74ef4561387ae6ccf91f7f1a3a,4427a47e86df1a7a7cd52914e41f35241fdbc5d3f2ca2110b786ebab27b5b16a,EEB70A0B-324A-4620-8B20-BC6D7EE407F8,[],"/usr/bin/clang -dynamiclib -O0 -fno-common provider_3.c -Wl,-install_name,@loader_path/provider_3.dylib -o provider_3.dylib"
SNF-149,4,d860026714d6cbce03061e1bc79c2787de2719148273b876da81d02bbddcac1d,4d6ffc0f233e084d319fb6ad3e4dc6fb1e73e8cee773782886d73bdb55b23bd0,90BB3890-088D-4994-AC95-86A7E5B152CF,"[2,3]","/usr/bin/clang -dynamiclib -O0 -fno-common provider_4.c provider_2.dylib provider_3.dylib -Wl,-install_name,@loader_path/provider_4.dylib -o provider_4.dylib"
SNF-149,5,559d7ef0b2ee5c2bd42ccaa1d294c4b15e23889bad2ee72306ebe887a60022ba,731b92062600abd8b6991fbaf99f640e3a152728e6a1709913d8bda024bae7f8,D05BFD16-2D41-4ECB-9A3D-1385A4CF3E44,[3],"/usr/bin/clang -dynamiclib -O0 -fno-common provider_5.c provider_3.dylib -Wl,-install_name,@loader_path/provider_5.dylib -o provider_5.dylib"
SNF-149,6,3b23024aa8334bb0296c519b5005c13e7370bfd6f4ec5a9d308da4f7ceb870c8,f41299ddbce803863b98e0c8a6edfa4bbdd2cf3f10d80fdf256be3f2fbc32e24,E666A33D-BAD7-47BF-8D44-91A9114708CF,[],"/usr/bin/clang -dynamiclib -O0 -fno-common provider_6.c -Wl,-install_name,@loader_path/provider_6.dylib -o provider_6.dylib"
SNF-149,7,fdeb5d90fdc72a52a8a1a09c951881d38c516b4d9cf6a114ba85ecb75c9939a0,e5fee6dec0a7e97e54e9f36c97dd7977d67a9dea3dd65fe70fce6f2e907d339b,722F1E5F-7695-49D5-BA16-5946D8911CF0,[3],"/usr/bin/clang -dynamiclib -O0 -fno-common provider_7.c provider_3.dylib -Wl,-install_name,@loader_path/provider_7.dylib -o provider_7.dylib"
SNF-150,0,4f5b3ef7e8aea41ae000104f3895e65e3f8c7238f51c2336e946914b44c25d17,676c49780121a95f688b9cb643e1982dc5f19ac3286a5d658f1c9d4de7d33a09,8A7D2FBF-8D84-4ACB-BD2A-0A9C6A1F4222,[],"/usr/bin/clang -dynamiclib -O0 -fno-common provider_0.c -Wl,-install_name,@loader_path/provider_0.dylib -o provider_0.dylib"
SNF-150,1,58cfdfc22292261218e2a4d392e94f9254fdc279cc18bd03928ec7ef0428d9f2,2d8fbdb4e77ad669f6d558dcc7a7e7aaa1b3a3c2600bbd75b56e81631d045e72,0CE548A8-E254-421D-86C5-C25DF4CD3B99,[0],"/usr/bin/clang -dynamiclib -O0 -fno-common provider_1.c provider_0.dylib -Wl,-install_name,@loader_path/provider_1.dylib -o provider_1.dylib"
SNF-150,2,4977ce5e782e789367a399eae0c861e9395a6b29503c5ac1f8636ca60da38e20,e28f0a45db6b43bdfff06466b00510a5e952dc9c7b9809bdb60e0002ec50139b,9F4BB155-452E-462A-872C-9505AE23282F,[1],"/usr/bin/clang -dynamiclib -O0 -fno-common provider_2.c provider_1.dylib -Wl,-install_name,@loader_path/provider_2.dylib -o provider_2.dylib"
SNF-150,3,e6998f4c845c274f3b08e4c47790f7bac7839f2946de2d956ddbde705f4bc72d,22800b84caa265a028d7bdb1719ab62b5668318f6f86f356e2fbeb795788bff7,E6810BE7-9F4C-44DD-927A-5546E43E95F8,[1],"/usr/bin/clang -dynamiclib -O0 -fno-common provider_3.c provider_1.dylib -Wl,-install_name,@loader_path/provider_3.dylib -o provider_3.dylib"
SNF-150,4,94bbb0672b31dd2b3586f30d8c676579cc55687db7f31100962533356528947a,671974aaed7ceb79378cd742c45ca6fff1c3972cd5f86d35d1e1c09ff85faef1,A8A1010B-B8BE-4385-B647-E46ACFDCA812,[1],"/usr/bin/clang -dynamiclib -O0 -fno-common provider_4.c provider_1.dylib -Wl,-install_name,@loader_path/provider_4.dylib -o provider_4.dylib"
SNF-150,5,907472ee31d0d234d261c73104fa586ac5a815aca903eb361e5a57759047a358,050740a4622f5b20ffbb00698442f9662e21663c8874de6dea455c6b97c297f3,02432C0E-7A6B-4BB7-B4F9-B17AFE90C367,"[1,3]","/usr/bin/clang -dynamiclib -O0 -fno-common provider_5.c provider_1.dylib provider_3.dylib -Wl,-install_name,@loader_path/provider_5.dylib -o provider_5.dylib"
SNF-150,6,95d2b80afb72725a798bb750952655ab05e064d847ca8222b7e28b47da33c052,b964e239fe4ffa9c6996168a481388c872e8b4cd8bb6a2c6e6784e25779b8dca,0177B7EB-33FF-483A-AFEC-F6AB9642DDA0,[2],"/usr/bin/clang -dynamiclib -O0 -fno-common provider_6.c provider_2.dylib -Wl,-install_name,@loader_path/provider_6.dylib -o provider_6.dylib"
SNF-150,7,04e53059a11e39b29d8f555b8166b707a46af6b7c7f2dd6ba078fdaac4745c4d,30d7391b4757cc128f6ce2675753f53ce6f367c48afb961763bbc79422c22125,08002CE9-1B00-4EB4-9A79-EA1D5847B311,"[3,4]","/usr/bin/clang -dynamiclib -O0 -fno-common provider_7.c provider_3.dylib provider_4.dylib -Wl,-install_name,@loader_path/provider_7.dylib -o provider_7.dylib"
SNF-151,0,e2af74ae3ccb42bdcbc8f6856355200fd4226610911d5818834b36a8d06bad86,a5a0137ff22bcbdc241e8eacecfd9019ef7a20dde7481380a3f227cd42d8cd2f,44DC0C8F-F73C-414D-8365-4C1D40043FAE,[],"/usr/bin/clang -dynamiclib -O0 -fno-common provider_0.c -Wl,-install_name,@loader_path/provider_0.dylib -o provider_0.dylib"
SNF-151,1,ccae25df378cfe29c433e072e4af3040b534ab3a3a76d67341da454306b89674,1c6b24c3062e53567c98bf13bfb1cf010381958804fd113d39374eb28f7c6148,44A21F3E-9C8F-4327-AA5B-C165422E77C6,[0],"/usr/bin/clang -dynamiclib -O0 -fno-common provider_1.c provider_0.dylib -Wl,-install_name,@loader_path/provider_1.dylib -o provider_1.dylib"
SNF-151,2,60187cbcbeeca1ecdd34793861b45bab3edbbc401712597eea5f85967bad2c7d,0b4a8111668ab322061b71682a78a2ef039951cabecbe03886040a1f0e3475b7,ECDE764C-4F1B-4B64-B554-206B52531CAC,[0],"/usr/bin/clang -dynamiclib -O0 -fno-common provider_2.c provider_0.dylib -Wl,-install_name,@loader_path/provider_2.dylib -o provider_2.dylib"
SNF-151,3,0ddf7863d069e814f3b052630fcf5c73d6d9ebca7b5a332cbf3eccfb7826b6c4,b880dea7595f56eb0702f1dcba766cc34f8c9c0858f3537556d8886540d4c2c8,C0769A34-CFAD-423D-93B0-70DD751EC925,[1],"/usr/bin/clang -dynamiclib -O0 -fno-common provider_3.c provider_1.dylib -Wl,-install_name,@loader_path/provider_3.dylib -o provider_3.dylib"
SNF-151,4,9aa5dff89e4ae93be3566b9c065bf0bc9e3de156e40e8773a243228a46522750,ffc029be4a5476b5b2db940ce826006fb821ee0347a1e644cd745c36f15cc47f,EDFEFCBC-3BB1-45D0-BD3D-96448D10006F,[2],"/usr/bin/clang -dynamiclib -O0 -fno-common provider_4.c provider_2.dylib -Wl,-install_name,@loader_path/provider_4.dylib -o provider_4.dylib"
SNF-151,5,10c1b021d6c309e07d4a2ec520222efe932578dbfc35ea6490e39d0af44072cd,9031334ba4f5f135f4108a8ef4bd339ed78ce785f10efbdec805b4b0e60f1651,39C7622A-F5C0-4AE2-A701-2230AB091881,"[2,4]","/usr/bin/clang -dynamiclib -O0 -fno-common provider_5.c provider_2.dylib provider_4.dylib -Wl,-install_name,@loader_path/provider_5.dylib -o provider_5.dylib"
SNF-151,6,b60a19060e14399b278eabfbea1877c46c10fb21b17a6fcfa5f7655edfe185cc,7dfd30ab12fd42000c33de05b77ae9dd7deca6cb382670ea7f20b9c8a55f8894,11293284-7575-4A65-A88C-09C7F7FA0178,[3],"/usr/bin/clang -dynamiclib -O0 -fno-common provider_6.c provider_3.dylib -Wl,-install_name,@loader_path/provider_6.dylib -o provider_6.dylib"
SNF-151,7,f04e21102638eef04fb42a2e0882bfa1553c7cfe28d2f90199720c74713373ea,cde9dab43f7552c9fa2583290132d28f1b82ffc2f8872cc721e80008a13269d0,8EE7BA9B-4F12-42A2-875C-A74981FEF93A,[1],"/usr/bin/clang -dynamiclib -O0 -fno-common provider_7.c provider_1.dylib -Wl,-install_name,@loader_path/provider_7.dylib -o provider_7.dylib"
SNF-152,0,9ddde6d62ebb91ee94ac00cabf514cf92a55d1855d250ce0fee21afd90eb25fe,c2a0c3679b301c9c89972d7a80cd4604556dd0ea0f686a2d2f24996c1673e20e,E65D1E33-1A79-4D4A-B594-3E7FB5A71DD4,[],"/usr/bin/clang -dynamiclib -O0 -fno-common provider_0.c -Wl,-install_name,@loader_path/provider_0.dylib -o provider_0.dylib"
SNF-152,1,f5e41452eecbd057cd3a749ff01d0df692e7d5ac669c00635c3f24069f2455b3,2f9d6a4af346aa1e1636ad14c0783912eb3598d7f34bd23c09480010758e5ab7,8BB3C66A-059F-4ED2-A180-E2920F6224DB,[0],"/usr/bin/clang -dynamiclib -O0 -fno-common provider_1.c provider_0.dylib -Wl,-install_name,@loader_path/provider_1.dylib -o provider_1.dylib"
SNF-152,2,bc988e8f05cb37565739bafc6f769e260907457333dc7136237860ed7664a7a6,db07be454e770d5c64bfa195c78684c2ea330757636b57ad2ee7cfae2a7d595a,3CBBAA1B-BD26-4C60-825C-801B66840A59,[1],"/usr/bin/clang -dynamiclib -O0 -fno-common provider_2.c provider_1.dylib -Wl,-install_name,@loader_path/provider_2.dylib -o provider_2.dylib"
SNF-152,3,2010581f495ba794c0b776d4f58062dfe2e6d494f72e37c460baaecb3e5e1956,b9a4f91225c588bca024c03e7b1c38b3caf21907b024d39af956e205fe90f327,EE6C7345-D1EE-4050-AAAB-E731C538AB77,[0],"/usr/bin/clang -dynamiclib -O0 -fno-common provider_3.c provider_0.dylib -Wl,-install_name,@loader_path/provider_3.dylib -o provider_3.dylib"
SNF-152,4,bd4f769073cca50e7e117b3fa5825addb8296ed5fda5a24bee7bd7f30d552050,4467076f984da68a165bb2d44ccb245f1f77649932412f9ff95245c6306dde28,2113C08B-4D06-4B6D-AFEA-C7AE66C981FB,"[1,3]","/usr/bin/clang -dynamiclib -O0 -fno-common provider_4.c provider_1.dylib provider_3.dylib -Wl,-install_name,@loader_path/provider_4.dylib -o provider_4.dylib"
SNF-152,5,11280d9130094c2b157f4484b9917df6a3abb2c7bcdd35fcc5b4e73fb504dc1e,de8bf01ccc2dbbad6364be31187a58817980f0c075868257e6b8f3883d29135b,6A939B43-DD63-4AFC-915C-4E7053599F4A,[3],"/usr/bin/clang -dynamiclib -O0 -fno-common provider_5.c provider_3.dylib -Wl,-install_name,@loader_path/provider_5.dylib -o provider_5.dylib"
SNF-152,6,e36b5e9ca62ec29718c50731362949948c00c4abe0b7404a1566d86c73daaee4,aa212c4792cb380f54402efd551e51762d33ebccebd4cbb0b477af78b2e48649,E925487D-4FF1-4943-A771-E35B1157B112,"[2,4]","/usr/bin/clang -dynamiclib -O0 -fno-common provider_6.c provider_2.dylib provider_4.dylib -Wl,-install_name,@loader_path/provider_6.dylib -o provider_6.dylib"
SNF-152,7,42f0de2b427c512090cddcd27aebc53cdf79507b63165ba4badd788de0dcccc8,c09e50f8a5df4e73161e30aac22735bf75e13657af383d6a82b4b0d4ca4a1005,E4955B68-2400-46FE-BAC2-87DD7B085E20,"[3,5]","/usr/bin/clang -dynamiclib -O0 -fno-common provider_7.c provider_3.dylib provider_5.dylib -Wl,-install_name,@loader_path/provider_7.dylib -o provider_7.dylib"
SNF-153,0,0269b29c3d67bcdd26d36f731764ec847268e75ab30d864c9aae137a7c7446af,18154d54666c3bfe834c7e700eb71f7fdac6a8bb46d51e0fcd869f1e75bcd8cf,7D2189BE-9CC0-42F5-B982-0FF49322595B,[],"/usr/bin/clang -dynamiclib -O0 -fno-common provider_0.c -Wl,-install_name,@loader_path/provider_0.dylib -o provider_0.dylib"
SNF-153,1,0b246554c309d1fb986eb7fa5c61f6b95ff26cd829477b92a1087f6afa2f379a,a4fde4fd92ff3bf66a88e9b3fdd6141054b7c46c02917957c0fede5df71a242d,9173CBAA-43D0-49E1-8D9D-8B36CD2BD057,[0],"/usr/bin/clang -dynamiclib -O0 -fno-common provider_1.c provider_0.dylib -Wl,-install_name,@loader_path/provider_1.dylib -o provider_1.dylib"
SNF-153,2,0a98852c6b99018ce4c583aa2f1d72c9f7e7890c2c1454e94cf2e5483d1cdca3,207b4e1191e0256505aedd5a8887f3dcedb96192f07fdf97b9c80cdef3ca6882,9DE4C9C4-29E2-4B73-92DE-914BE628AA18,[1],"/usr/bin/clang -dynamiclib -O0 -fno-common provider_2.c provider_1.dylib -Wl,-install_name,@loader_path/provider_2.dylib -o provider_2.dylib"
SNF-153,3,cb65825ff2d7353b5efcfd0d0aa5e612c939a6971730fd20fc5c8a8406f308b6,ad194a234836c6f1db5f44d3de7e56d2106ea432089d81348510a5ab16670815,1C0CD1EF-4636-4E50-8814-6C55EE71D30B,"[0,2]","/usr/bin/clang -dynamiclib -O0 -fno-common provider_3.c provider_0.dylib provider_2.dylib -Wl,-install_name,@loader_path/provider_3.dylib -o provider_3.dylib"
SNF-153,4,35ca52808e06b0b1038477f5f2e16b672312a03e74d026134d95d3eeae1b783c,7f9548e081801c4e16b68e5bacbdfaa7969c96a85cae9ceb3e95d99e08b962bb,A3E9EDA6-0EBD-467E-8315-5F84C823635D,[],"/usr/bin/clang -dynamiclib -O0 -fno-common provider_4.c -Wl,-install_name,@loader_path/provider_4.dylib -o provider_4.dylib"
SNF-153,5,4268e94efe6d301d340a13d35b8521a60439e8b9a90e5e1193e892621912b327,47d8ee10f94c7fb4ff419dab10139a7e8613b2faab9bcbf5f9964a07b2ce5961,ABD7AF5B-A1D1-4E50-8729-70C75E3FC790,[],"/usr/bin/clang -dynamiclib -O0 -fno-common provider_5.c -Wl,-install_name,@loader_path/provider_5.dylib -o provider_5.dylib"
SNF-153,6,b72fc73c0f77b1b2cd24e7e26cdf873a71ee4f3b56a38123b99e141a024a1ec9,985074552b58eea9f36b543d9ab6a6d4c8b4063a98afbb459e23b24f2ee6ef0f,752244E9-D76A-4A91-B6B7-E675EDD4F794,[5],"/usr/bin/clang -dynamiclib -O0 -fno-common provider_6.c provider_5.dylib -Wl,-install_name,@loader_path/provider_6.dylib -o provider_6.dylib"
SNF-153,7,254bc03e4c21ee8a273f6e61ad9058758e68091e4b181b54f88c41ac4d48a68f,c3017a26b5234c2bb75b2b658ffe4013c98fd4c22e27de0ff7ec57340e3175ba,590BD17B-B5B7-46C8-B4BB-9A96DD28EC60,[2],"/usr/bin/clang -dynamiclib -O0 -fno-common provider_7.c provider_2.dylib -Wl,-install_name,@loader_path/provider_7.dylib -o provider_7.dylib"
SNF-154,0,0d8c331c544bdee1c32e2670ac72422938bf17a9c3274131ee37fd577386aae8,43747c1c822f04249fcd03c1b6d93523e093061db1ad0e180cb1aab38bfd48d3,874A410A-69D6-4902-839E-BA2618FEBE56,[],"/usr/bin/clang -dynamiclib -O0 -fno-common provider_0.c -Wl,-install_name,@loader_path/provider_0.dylib -o provider_0.dylib"
SNF-154,1,5a16aad282511cdce419010f39a59b2d40089d83cb548db9ca3b7b92eaf4ecab,1fd701401f28ce4dc67a32446c266d2d65ee5697c6032de6a956677a4c01b066,6617CC35-02BE-4009-9E37-F06063563F35,[0],"/usr/bin/clang -dynamiclib -O0 -fno-common provider_1.c provider_0.dylib -Wl,-install_name,@loader_path/provider_1.dylib -o provider_1.dylib"
SNF-154,2,fd329eca148329d65c5c010b57cb0deac718884c6b0787dad8a38cb5a1860b55,deb6c629b2077f4c380e3822ad78f00744014a2307875171a7c3c982dc4783d2,23BCE363-7DB2-49AF-A3CA-DEC4DE994086,[0],"/usr/bin/clang -dynamiclib -O0 -fno-common provider_2.c provider_0.dylib -Wl,-install_name,@loader_path/provider_2.dylib -o provider_2.dylib"
SNF-154,3,b32877c823af8edbc356048b80401fee8d2c7fab23ed554c1e0b30fe97f67050,60bf925c737f5c663fece27e2c350adc96ea704e3b9722ee7e9172150b78b5a3,E6AB425D-648D-41D0-BDAA-B1E86820B51D,[0],"/usr/bin/clang -dynamiclib -O0 -fno-common provider_3.c provider_0.dylib -Wl,-install_name,@loader_path/provider_3.dylib -o provider_3.dylib"
SNF-154,4,bdce0f88aa33ae77d412512360e6a3d28fb3ec0e5045e8537a055f74f99d80d3,dd22b061054d8e6ae01c22ac46563623aefc195a46d36c2d718632990e653c49,10D556CA-9DD7-47DB-90D3-11B9C8102CC1,"[0,3]","/usr/bin/clang -dynamiclib -O0 -fno-common provider_4.c provider_0.dylib provider_3.dylib -Wl,-install_name,@loader_path/provider_4.dylib -o provider_4.dylib"
SNF-154,5,f99124346d870a17557cf81bd00bb618e768872288a33e348aea85581bc0a9d1,14a6597aac451d056cc4e8e4775cdf3367f19954ec3b433f69e48e95c4748901,6DEC9D55-F5DB-4502-82FF-0D9CE3CEF31A,[0],"/usr/bin/clang -dynamiclib -O0 -fno-common provider_5.c provider_0.dylib -Wl,-install_name,@loader_path/provider_5.dylib -o provider_5.dylib"
SNF-154,6,bc91a9d1d966f1394e19bbfd17244923d20e608d9584a65dda1047578900811d,5e1e2d77cbd29bcba1f28dc4d27ec132ab3b8791b96897069b69b3c23c6b6556,1F9B294C-304A-4E55-A9AB-ED9042CE09C1,[1],"/usr/bin/clang -dynamiclib -O0 -fno-common provider_6.c provider_1.dylib -Wl,-install_name,@loader_path/provider_6.dylib -o provider_6.dylib"
SNF-154,7,151e52ec1801a22083e2f8db55bdeb189627c9eaeb55a0f70b17fe125701bc5d,a519e2fe3fc99f6a369bfa52a781ef0fdbc5e106d81b9cfd0eb3da7df0bdd921,6F7B8F84-F554-4285-A8F0-68B478F3321F,[1],"/usr/bin/clang -dynamiclib -O0 -fno-common provider_7.c provider_1.dylib -Wl,-install_name,@loader_path/provider_7.dylib -o provider_7.dylib"
SNF-155,0,0ec5860fbc81e223c668f7f68d13f1d4fdb879d6bbca094ae99e50851f52c292,ad6ccdb8f44a97dccaae0a9eeb1c856ec360a3428707d873c673608cde63ec49,49350F1D-3445-4304-A13E-52A6A4A7BD2C,[],"/usr/bin/clang -dynamiclib -O0 -fno-common provider_0.c -Wl,-install_name,@loader_path/provider_0.dylib -o provider_0.dylib"
SNF-155,1,33cb776013f71297669237019a9bddb7cbcdaedc6717e6feb23033395519bb4e,e5025bb235928dad15a41ed4f63c29823cfff34430ef02a4e73033cd4cd49837,0AADB941-470A-4D03-A7EE-C9B5F0416E41,[0],"/usr/bin/clang -dynamiclib -O0 -fno-common provider_1.c provider_0.dylib -Wl,-install_name,@loader_path/provider_1.dylib -o provider_1.dylib"
SNF-155,2,eccf0dbd41e9cea594adfee23603ba53f3cfeae02b84f071aa88bd486bc3e3dc,d68a6fe6471bfde02d933b88fd59303b7d72ad6e1045bf875faa85102288bd99,524E08DF-B3D4-404A-8848-5DF63ABF5988,[],"/usr/bin/clang -dynamiclib -O0 -fno-common provider_2.c -Wl,-install_name,@loader_path/provider_2.dylib -o provider_2.dylib"
SNF-155,3,b0450db79253024afec8e2c94bf378b58c77a1aa48b1decb6d04b5e9e0c65961,d0278bc7dd6ae73a2e1b44b4e48320793727a8a0fa9c1bff12e9aacf35f91625,F1130A9C-E486-435A-914F-483621E09CF3,[0],"/usr/bin/clang -dynamiclib -O0 -fno-common provider_3.c provider_0.dylib -Wl,-install_name,@loader_path/provider_3.dylib -o provider_3.dylib"
SNF-155,4,10076ff3eaa0e52d67716ba946aff8d4416c904f9500c9e4c27c8b63241b3574,77b9ad8d2f6bba2984e96cf2cd2893a09ed535131b237fe2ffffab87aca86746,0029B3C9-B51B-4DBB-BEC7-7EA3057A7FE1,[2],"/usr/bin/clang -dynamiclib -O0 -fno-common provider_4.c provider_2.dylib -Wl,-install_name,@loader_path/provider_4.dylib -o provider_4.dylib"
SNF-155,5,bf90aa6991a3f0a8c3d4fb62dc7fc79cd5370c68bd69b4ff041ae27094428af6,0fb9b9ff2aff9ef84b93a38dab1a78bf70ab9c4ac8118f15794db80f9432d877,37433C12-0451-4CCE-A90C-82D7BCD13E99,[3],"/usr/bin/clang -dynamiclib -O0 -fno-common provider_5.c provider_3.dylib -Wl,-install_name,@loader_path/provider_5.dylib -o provider_5.dylib"
SNF-155,6,7068c2bb2a361dc307041f24467d3c1e15de649d13fd08cc55d2226ff80ba89d,159d21b5c57a6a4765f9dd3c39fe90f55eec9182ad0971fd428947243e812a5b,E58D873A-18FD-4E91-9C74-51D5FFEDB264,[4],"/usr/bin/clang -dynamiclib -O0 -fno-common provider_6.c provider_4.dylib -Wl,-install_name,@loader_path/provider_6.dylib -o provider_6.dylib"
SNF-155,7,007cef5ffcf0d848a6ce2ed67086c1149e5390a225e92397f413a8e3105a1d0f,a512c33d66e47e0fc79a8deecc8df79f4230308e84278d075ee87f65680e310f,6B32B618-E327-4110-BB0B-238871262FEF,"[3,6]","/usr/bin/clang -dynamiclib -O0 -fno-common provider_7.c provider_3.dylib provider_6.dylib -Wl,-install_name,@loader_path/provider_7.dylib -o provider_7.dylib"
SNF-156,0,4542dadbf1e97c8601e6ade9d4a2907367ed68e4a1ff1ec59372781ec22a59e9,de50486073cc2531ddb60627469d005b9158777bf30b074bc2f664112b5be3b7,8F7DE2F6-2F0F-4AB7-9FD0-57EAAAA0DD5B,[],"/usr/bin/clang -dynamiclib -O0 -fno-common provider_0.c -Wl,-install_name,@loader_path/provider_0.dylib -o provider_0.dylib"
SNF-156,1,6877f4c8fc7571935ff9a28a7dc493d015708c9184ec1ca048174ceceba037cc,6e6d5fae34be7e0f37e6cef98d960dee21fe1a92934903b339c2177a852c33d6,E33104A2-F9A6-42C5-8B87-6597F400C7F6,[],"/usr/bin/clang -dynamiclib -O0 -fno-common provider_1.c -Wl,-install_name,@loader_path/provider_1.dylib -o provider_1.dylib"
SNF-156,2,13d072b8b4c75fcb62d6bd6df6f2f3fab3853f8aab03055551d63c8125617c59,bb0ec42caba827b380894ae926a35b9535292781d744d53e673843570398644f,EFDE6A7E-CB8D-43B2-8F03-67DE2A378AA1,[],"/usr/bin/clang -dynamiclib -O0 -fno-common provider_2.c -Wl,-install_name,@loader_path/provider_2.dylib -o provider_2.dylib"
SNF-156,3,87c75c743dee4065724aa70880c546270003fc985f8495f275a18866e4934bff,2055151ed448cef5270395ef3148473447f37db828c9e9ee45a5ef4bc9ab4b6a,72C007C8-8E9B-4B4C-B343-3641BD7895C4,[1],"/usr/bin/clang -dynamiclib -O0 -fno-common provider_3.c provider_1.dylib -Wl,-install_name,@loader_path/provider_3.dylib -o provider_3.dylib"
SNF-156,4,19b8d3aa9ec8aa859b1df707f3bd37584b7b3b7c6f5039707352ddec0fd43fdb,1285af346113f4e73e803c70455cee063c39e725b696c3566736bd4609e93fad,4FC27AA8-2ECE-4019-A2F6-AD28C2D0070B,"[1,3]","/usr/bin/clang -dynamiclib -O0 -fno-common provider_4.c provider_1.dylib provider_3.dylib -Wl,-install_name,@loader_path/provider_4.dylib -o provider_4.dylib"
SNF-156,5,49ff8fcd70d6d4e9498a6b0cd6b497d1432894bd7b6f6345f0ae80088f74d67d,1aa653020d8b644c4189bb2e5889c10938c8b70b5ca8186b0562caedf5989bf0,EE804865-2794-4224-83D6-22176253670E,"[3,4]","/usr/bin/clang -dynamiclib -O0 -fno-common provider_5.c provider_3.dylib provider_4.dylib -Wl,-install_name,@loader_path/provider_5.dylib -o provider_5.dylib"
SNF-156,6,22a865def8ccdc0793dd43a94d60d26caf64d032f63aa23da8d2b57932f64669,d8af1718ab572101e4179d02d55252b6ebe0620a1be19267630e2edb1cf9fa2f,7FD3B957-752A-460D-BDB8-207AE666A1CA,[0],"/usr/bin/clang -dynamiclib -O0 -fno-common provider_6.c provider_0.dylib -Wl,-install_name,@loader_path/provider_6.dylib -o provider_6.dylib"
SNF-156,7,3aa6bce798517cd49deaa196b25c89b2844d6796f0ad478edeeb1588bbb5604c,95a4baaf0a36dea083fdf7bc13fa20c279d99894f467562fc38a235455a4806e,8AFE7AAC-CCC9-4DDF-BEEA-497199174406,"[4,6]","/usr/bin/clang -dynamiclib -O0 -fno-common provider_7.c provider_4.dylib provider_6.dylib -Wl,-install_name,@loader_path/provider_7.dylib -o provider_7.dylib"
SNF-157,0,c70b1c0a58f7cef2f4f2ed699ca83c47c484e4a7c79deecd8189f121f72ad973,92c4b98392f70bb550e00ffa5cdfb2373c7cfc693250e1e28cbdbc8c3cdf15ce,E21E5C83-7FA1-4365-959E-352EF38AD620,[],"/usr/bin/clang -dynamiclib -O0 -fno-common provider_0.c -Wl,-install_name,@loader_path/provider_0.dylib -o provider_0.dylib"
SNF-157,1,7ef6a482a53084a84b2bd3c0af41b89053f3a607f8e9d22a15ec9685d0ad7df0,dcced37b1073ecb323948d234718f745b4964b91f7da596fb8734d3140141e10,BC34A7D9-2D1B-4670-B048-DA62BA4C88D0,[0],"/usr/bin/clang -dynamiclib -O0 -fno-common provider_1.c provider_0.dylib -Wl,-install_name,@loader_path/provider_1.dylib -o provider_1.dylib"
SNF-157,2,45261a78e2cf901f6acbab009553838540675f65275dd01b8cc0fcf851f69066,4baa8e1ac34a39eba2ce914aea7731d11f6f6390ffd434e6d7591ec1610f28ce,5FFF311E-607F-4A0D-BDE7-1ABBDE55A4D9,[0],"/usr/bin/clang -dynamiclib -O0 -fno-common provider_2.c provider_0.dylib -Wl,-install_name,@loader_path/provider_2.dylib -o provider_2.dylib"
SNF-157,3,95674e23d627b48cd5ba05fe01ed029147feac639dc6db7ac4a5e380a44be679,ae3a08e263a348b1b665a29fafb1f1580c28ddb78d0cd7387dff9073369bf0aa,CFAD7561-582B-4404-AEDC-604BC449ED7F,"[0,1]","/usr/bin/clang -dynamiclib -O0 -fno-common provider_3.c provider_0.dylib provider_1.dylib -Wl,-install_name,@loader_path/provider_3.dylib -o provider_3.dylib"
SNF-157,4,0e0ac217418c0f263108ed2baabb8b2fdb35a480cc144b717ac6e6c725678dbc,e483f2b160d7e12ce021650434656ab4a2f9effa833a8aaa57ebbfdc0a90b138,FCD7A24F-2554-496A-BFC7-DA37D64645AC,"[0,3]","/usr/bin/clang -dynamiclib -O0 -fno-common provider_4.c provider_0.dylib provider_3.dylib -Wl,-install_name,@loader_path/provider_4.dylib -o provider_4.dylib"
SNF-157,5,33a1cd465971b32ce071269a763caa74c2794f7bafc9114136965e84bfc1e71f,a61d576becde97510376965ddcbb0226eeb965806880b2c543a167c5d76258fb,756FD7F7-2FAA-4E2A-811D-0587D7603AD3,[],"/usr/bin/clang -dynamiclib -O0 -fno-common provider_5.c -Wl,-install_name,@loader_path/provider_5.dylib -o provider_5.dylib"
SNF-157,6,c75dc09a9e08efd4b4382ddd4fe1ebcb28da98819fee2231855fd9100d4b0a6b,5dd809fecf00b5d2f8b4477d3059ca083e31c1753aa64fa96063f8d37f3c5067,5295687E-E353-4E31-B5CA-712B75917E3D,"[2,3]","/usr/bin/clang -dynamiclib -O0 -fno-common provider_6.c provider_2.dylib provider_3.dylib -Wl,-install_name,@loader_path/provider_6.dylib -o provider_6.dylib"
SNF-157,7,32de3ebfea78e16c197ed421317ba6d06b2791e093d445cd5ffa546be74c1545,41de862b07ff367abb35d3807a3849b565e4034d609131aa27da5377f7b94421,7B73EA5D-F383-4C7A-A1EF-64C947B621F7,"[1,6]","/usr/bin/clang -dynamiclib -O0 -fno-common provider_7.c provider_1.dylib provider_6.dylib -Wl,-install_name,@loader_path/provider_7.dylib -o provider_7.dylib"
SNF-158,0,65499ea31408fb9ac8a395cdcac78ca500b96ecfe381bed809679afd5d59a426,2bc1d28b9107c2d9f292adb50aa8fb132dbfb67dc2c03af946799ad7c80ed975,201C9E24-E7D3-49BA-BD5A-E97588C43A65,[],"/usr/bin/clang -dynamiclib -O0 -fno-common provider_0.c -Wl,-install_name,@loader_path/provider_0.dylib -o provider_0.dylib"
SNF-158,1,638c20ac1482819a2a310d47082aced9deba59fd565f5bf6610ecfdfb505658a,26831a0590c2bba58dce357c6e5d23da7ef52ead1d255637eb7cd0c67b3ad2f6,04EA1938-30B1-4414-BE89-0003E8F375A8,[0],"/usr/bin/clang -dynamiclib -O0 -fno-common provider_1.c provider_0.dylib -Wl,-install_name,@loader_path/provider_1.dylib -o provider_1.dylib"
SNF-158,2,4334890558a3add9a5e0600342667992e51ab305409f604f43ad354c2d367ae1,222ac4ae439e263a5ef69607095b568609337e9a4a2ceed964554ab22fdcec0b,82060B6D-348F-4E9E-9D16-B26703C5D78E,"[0,1]","/usr/bin/clang -dynamiclib -O0 -fno-common provider_2.c provider_0.dylib provider_1.dylib -Wl,-install_name,@loader_path/provider_2.dylib -o provider_2.dylib"
SNF-158,3,1081de014502d202c4b40b91a79b114cbb261f57be708c5fd4d1389c0035528d,0aff2e10ace83f9b3641a7fcb7e9f3dcf6702535b85bbb2a6e17a181aa01028c,FB751983-2781-475F-B571-36558AEAC2AB,[1],"/usr/bin/clang -dynamiclib -O0 -fno-common provider_3.c provider_1.dylib -Wl,-install_name,@loader_path/provider_3.dylib -o provider_3.dylib"
SNF-158,4,614dff68631c662bd9dababba6c3b518b59029ef419f67c8a4ee59d8e7dc85d8,590dfd51c630a6dd1203ac150cc817d72a2eaf37d7d0f2ee55276c0f3832ae9a,52819B7C-FEC1-44B1-90E4-ECBE91A8E02A,[1],"/usr/bin/clang -dynamiclib -O0 -fno-common provider_4.c provider_1.dylib -Wl,-install_name,@loader_path/provider_4.dylib -o provider_4.dylib"
SNF-158,5,157e2f92a3e6ef3c4bec9438510e2aface471b30506ec4b0a3bfbc326f0eeab7,5525e22a6b1dfec5bebeea1438b4421bc9068f3577091e91b81bb9d3d52b667e,8E1DC598-3120-41B4-9BDC-CD70C818E6A6,"[1,2]","/usr/bin/clang -dynamiclib -O0 -fno-common provider_5.c provider_1.dylib provider_2.dylib -Wl,-install_name,@loader_path/provider_5.dylib -o provider_5.dylib"
SNF-158,6,21f5c847e4d877c5c7b0249e2c5b5d66698cd7b9b7718dccee480e62f62e879e,0a245547309fb0957e6b99e95e186ef8da6e5a6a6c161dd2c703ae2ce9bc45e4,3F88A71B-E749-4732-91DF-46512AD99E5F,[],"/usr/bin/clang -dynamiclib -O0 -fno-common provider_6.c -Wl,-install_name,@loader_path/provider_6.dylib -o provider_6.dylib"
SNF-158,7,890f5732351e27fb623ef59028b46f0f702720c88d900ef87ecb192aa18c65e5,e45bebe535949a081105d8f5ad22b18948f2b9db105e8a21784e0b1eb038f27b,C66F1197-C1C5-44A1-8AD7-9DD07BE86374,[2],"/usr/bin/clang -dynamiclib -O0 -fno-common provider_7.c provider_2.dylib -Wl,-install_name,@loader_path/provider_7.dylib -o provider_7.dylib"
SNF-159,0,f2cab49a14a28f7d1e19b1f4da906ba557e6fe64c5b3a4ac782e77db63701b97,d1054f5121b27896394832e42387958c7edef9119abfb2b00c4ecf59fb214a25,F9F59623-BD41-4546-875B-BD2C36674B10,[],"/usr/bin/clang -dynamiclib -O0 -fno-common provider_0.c -Wl,-install_name,@loader_path/provider_0.dylib -o provider_0.dylib"
SNF-159,1,72723ff58e258a8231a4685cde70efac3dc24ac27d4f0ff119c30eb0e13d23d3,a47a5e7d9f96bd60a58023ca47fefd88ae9ce5a375d2bc1e36eac4c31caeb34c,71BF01D2-CB99-469A-9F96-517A4C8B1182,[0],"/usr/bin/clang -dynamiclib -O0 -fno-common provider_1.c provider_0.dylib -Wl,-install_name,@loader_path/provider_1.dylib -o provider_1.dylib"
SNF-159,2,20ee0c47f713bf46bcf641f520224843f54f6c0b5e887343f983d386efc34c79,ae268b934917fd504af473f15b0307bd9e6e1110c22e1f2f311971e9060557e2,4B810995-73FC-43DC-AFEE-84C9FB7A57B8,[1],"/usr/bin/clang -dynamiclib -O0 -fno-common provider_2.c provider_1.dylib -Wl,-install_name,@loader_path/provider_2.dylib -o provider_2.dylib"
SNF-159,3,b3b9d278813a997d0987a8fbd16fdbe855036b4539a0e25ea5b683b8bddb3299,14f39308b062afd6fca703c385d52f1bec3799488e710ce3a8df1b21628625ef,2EEAF5B9-0726-4E2E-AB08-BC99C3941858,[2],"/usr/bin/clang -dynamiclib -O0 -fno-common provider_3.c provider_2.dylib -Wl,-install_name,@loader_path/provider_3.dylib -o provider_3.dylib"
SNF-159,4,986e438fe2cad1d646d5d83a539be060b63a161d6d52fdd4157f31174935c739,0e66472a2036043b942573e847b848f3965c397608db9c8fee22205a79ad56b1,7A463FE8-E604-4BA2-BF31-7B22F7A1257B,[2],"/usr/bin/clang -dynamiclib -O0 -fno-common provider_4.c provider_2.dylib -Wl,-install_name,@loader_path/provider_4.dylib -o provider_4.dylib"
SNF-159,5,6b153b74e3c8c2e32056272b6440b7af5848d9e13a8759f4d8e54fcc964c6cbe,a85d7f7c340d7a183d2871695dbffc528582eca599473b06ae97a9ce4bf66a02,EDD4BFAC-28C4-4283-8C48-CD17363DB336,[1],"/usr/bin/clang -dynamiclib -O0 -fno-common provider_5.c provider_1.dylib -Wl,-install_name,@loader_path/provider_5.dylib -o provider_5.dylib"
SNF-159,6,5fa1f7b90910628b977a6e825a15c052f252e370fcd1e515b37b13f4987d1ffd,2281fca556cfd537c0f98d95122d71a1289366d69871a96fd4d26a612130dbcd,85D13A9C-343F-4FF0-A3D1-D3BF75E3AD11,[4],"/usr/bin/clang -dynamiclib -O0 -fno-common provider_6.c provider_4.dylib -Wl,-install_name,@loader_path/provider_6.dylib -o provider_6.dylib"
SNF-159,7,e4f9bee61db7a3258be74051b5b2c3311c51ce9d7c4e8970e081a11be9fcc802,f48a667dabe52ba6d5ed0ff86e0f564010668d7906aafd9c7341ca399c17443a,3F166BC9-9FE4-4A50-B5ED-B41C9C2312D5,[],"/usr/bin/clang -dynamiclib -O0 -fno-common provider_7.c -Wl,-install_name,@loader_path/provider_7.dylib -o provider_7.dylib"
SNF-160,0,b43c62326aa31957cae17329a4d4f93bab452721105ba496fe9f8890f7d636a7,cc5c619115b7f10eff17c9f0658ef8ad8d9f939b5fe79c98319006d72e2f6d68,96421B48-90AC-4BB3-A9F2-A7D35E31EBDE,[],"/usr/bin/clang -dynamiclib -O0 -fno-common provider_0.c -Wl,-install_name,@loader_path/provider_0.dylib -o provider_0.dylib"
SNF-160,1,92f5fb82d6026f1ea180e73aab413b6f734686aac9ba9482421362c2f218a837,b39722e0219bb33cef96c9d663e8755208215f738ec5c78d39cb2389cc8bc9f0,1A117139-A72D-4198-91E3-6B6E557E7FFB,[0],"/usr/bin/clang -dynamiclib -O0 -fno-common provider_1.c provider_0.dylib -Wl,-install_name,@loader_path/provider_1.dylib -o provider_1.dylib"
SNF-160,2,91357b70393889af6012a96fbfc26648ef2848284ecb5c72d1d4d532a946ab71,622f965a7515935e63f987f94f6e0a57a8a9d29ed669b7c78ecda2adf07be630,59AB59F1-44ED-4C99-9463-2A83EE6817E7,[1],"/usr/bin/clang -dynamiclib -O0 -fno-common provider_2.c provider_1.dylib -Wl,-install_name,@loader_path/provider_2.dylib -o provider_2.dylib"
SNF-160,3,ef7ca47a67e8ddbbc37561ddca71f67b69b33e55fdb79a0ec2b0970cc57f4243,be3b7fcff2ee5fd505f276c1b48d8aab34796968691e407998c64b0438788270,18A14D9F-323F-4422-A27F-D76622C23806,"[0,2]","/usr/bin/clang -dynamiclib -O0 -fno-common provider_3.c provider_0.dylib provider_2.dylib -Wl,-install_name,@loader_path/provider_3.dylib -o provider_3.dylib"
SNF-160,4,17beaf6eebf68d74bb046fe8ccef5adb1963e2691b52366b497a8f74260c6fb2,a4e6e3d51cb9475ac5b7ec3cf3ad9d191a5227f4856b25fca7578b2f0572ada1,5BD883B3-6A9A-4D0F-B662-0BDD8E243C66,[1],"/usr/bin/clang -dynamiclib -O0 -fno-common provider_4.c provider_1.dylib -Wl,-install_name,@loader_path/provider_4.dylib -o provider_4.dylib"
SNF-160,5,a9de0badc798e1eed754c0d3f8416e6451bfb083d1a02a89d7b0324d122d627d,98984b3be15778849ba1d11a5adfc49fcb012ee05c22f805f3e48beabb036ac4,684799A7-B132-482C-A45A-9BD1AD96DD87,[],"/usr/bin/clang -dynamiclib -O0 -fno-common provider_5.c -Wl,-install_name,@loader_path/provider_5.dylib -o provider_5.dylib"
SNF-160,6,dd6ac0184f340a7fe75733130adae2323e44a849c5f260e3f657d3aa518df848,7ae0cd0ed5d5fcc074a65758f5833a96b77724c5014c42a9ca953449d4a38bdd,9C06E200-96BF-465E-8340-F76B7F3D63C4,[],"/usr/bin/clang -dynamiclib -O0 -fno-common provider_6.c -Wl,-install_name,@loader_path/provider_6.dylib -o provider_6.dylib"
SNF-160,7,97e76e585ce32a662a9ee43d6fdb947baa94df75e6538fb18674769238357986,9624e24a8cdbb909cee7299668f885b659dff8fff87febb4865009ca3a9682ac,167ADB87-2F8D-4F79-91C5-431DA42381AE,[],"/usr/bin/clang -dynamiclib -O0 -fno-common provider_7.c -Wl,-install_name,@loader_path/provider_7.dylib -o provider_7.dylib"
SNF-161,0,0490bf06fe382f41aecc6ed6285e7eae7dac92be10894a085e774c753edeaea8,5390261e7f82dbfaf9cb75de4b84676e491b796353e1356d8f21b94396e7dd45,F146E7EE-C45E-42ED-A0CB-AE9F9E4F6CD1,[],"/usr/bin/clang -dynamiclib -O0 -fno-common provider_0.c -Wl,-install_name,@loader_path/provider_0.dylib -o provider_0.dylib"
SNF-161,1,061a8773bc6321db667f84a3260b839a542c4a30ea7520245d61aff15ee14baf,46d5acca7faab37d78aa0c9011664d583a3b48f96d1f841c634f06d5f7f76871,B923D581-2561-4D6C-94F5-5F7D90567065,[0],"/usr/bin/clang -dynamiclib -O0 -fno-common provider_1.c provider_0.dylib -Wl,-install_name,@loader_path/provider_1.dylib -o provider_1.dylib"
SNF-161,2,bdff470bb74394eb14e571a4f107811cac9c7cc7de8c9a471f8e0db939d89f23,86976b85b7302079c4e3dc8fceecf8c7bfa0d61189dd46c7ec90c4216147a8e3,44D3E8E9-996F-4CD2-807D-C26D1E6F17E7,"[0,1]","/usr/bin/clang -dynamiclib -O0 -fno-common provider_2.c provider_0.dylib provider_1.dylib -Wl,-install_name,@loader_path/provider_2.dylib -o provider_2.dylib"
SNF-161,3,574e55bef1d3450c0c660632cc9d508a44ef46dac15fcf34671c22153d7f40ca,587638c156731461dce53960534a0146cf7c525d7f6a46343c44bd4db551bcc0,45A2ADD6-FADB-4B60-AEF7-5A5167F00B79,"[0,1]","/usr/bin/clang -dynamiclib -O0 -fno-common provider_3.c provider_0.dylib provider_1.dylib -Wl,-install_name,@loader_path/provider_3.dylib -o provider_3.dylib"
SNF-161,4,c16a49e32c524f8d6833be03e9cd68d73f072b9b5ce8355a1b0085cb0257e115,7559e8307f62fc5040b3d2b3b1a79d9d05cdfe20df75768f6d288c432d3779ca,6AF5CAB3-DF3E-4EAB-A6A1-3C2B70179D11,[2],"/usr/bin/clang -dynamiclib -O0 -fno-common provider_4.c provider_2.dylib -Wl,-install_name,@loader_path/provider_4.dylib -o provider_4.dylib"
SNF-161,5,40e641b67c4d88783daf5617d27baf7931fa5fefd30570589a11aab725f1ea54,8886eb1805bd2e5ee48e10184834b284a6548378105d7db6ef3b1f28c5427153,88118EA7-D95B-4F21-8D98-15D6C7ACAFD5,[],"/usr/bin/clang -dynamiclib -O0 -fno-common provider_5.c -Wl,-install_name,@loader_path/provider_5.dylib -o provider_5.dylib"
SNF-161,6,7ec05dfd5a675b2c393a06a2cf9b40335879a1a3ab37ec5fbacd723f2187c7d0,5c637fb418707dd7acc27edf0c657f00f516d04cc59823dc1ba1811910fdc9f2,16B24C52-6234-429A-81EF-93D68F2C56E7,[5],"/usr/bin/clang -dynamiclib -O0 -fno-common provider_6.c provider_5.dylib -Wl,-install_name,@loader_path/provider_6.dylib -o provider_6.dylib"
SNF-161,7,93e7e4f00f8982200151be26f4174c5eb9899744b4230d2e8596fce41b62d5ad,2f5b6f8683de5c52e417cd0d83891963d7b1c4f59cb12544b3b0dc4c2ab89b8d,A658B1D5-E891-4614-AA84-3213FF8ECB0E,[],"/usr/bin/clang -dynamiclib -O0 -fno-common provider_7.c -Wl,-install_name,@loader_path/provider_7.dylib -o provider_7.dylib"
SNF-162,0,20396ec4ec085c0fc96a1d65dde01535e67afb993b39a7750e8409f2e779ff3a,a7fac6bd9a4ffc48ebafe001470bb8cf689d54a6845818270a4f02bfbdda75ba,CB2B267C-90BA-4EA7-88B1-1BD2BD11E32B,[],"/usr/bin/clang -dynamiclib -O0 -fno-common provider_0.c -Wl,-install_name,@loader_path/provider_0.dylib -o provider_0.dylib"
SNF-162,1,b1bd588f83fa819735a0ca21a4871268bd959814aba0fe3c866c374cbb4b79ef,46977e475433013e9ea2572c4fd3210bec0e0152aacb7ca159ecb399ec93ff70,FAA25EBC-706B-44F9-ADEE-64E657914547,[],"/usr/bin/clang -dynamiclib -O0 -fno-common provider_1.c -Wl,-install_name,@loader_path/provider_1.dylib -o provider_1.dylib"
SNF-162,2,f39131501ef40d0f183f4ec05298dedac12ce14d870491a7bbf1cf5a77c83b74,a284856bc56f632376950738a8b80988260cf62e958f39953d7ff523ca565f16,25270A83-76CB-4FE9-9371-52D7C842B2B0,"[0,1]","/usr/bin/clang -dynamiclib -O0 -fno-common provider_2.c provider_0.dylib provider_1.dylib -Wl,-install_name,@loader_path/provider_2.dylib -o provider_2.dylib"
SNF-162,3,d6356d24a80e3174d8bc56620efcd245ab84a103ca7b755d0a474053b5bf7f58,07cc514ef2d4dc041c48a67740a7c7384b129a4d67731b64aeda997c4cf8e01b,EA3904EC-2D1A-465C-9D1A-358FDACC6D34,[2],"/usr/bin/clang -dynamiclib -O0 -fno-common provider_3.c provider_2.dylib -Wl,-install_name,@loader_path/provider_3.dylib -o provider_3.dylib"
SNF-162,4,b18869feb7f9d1711abbb26eb898cf94824722734456bbcc6171d3db0fea086e,6e5dcfc27438028839cfacd4df3523be5447f3a1f5ada8d8284d97888a7ca4a1,64534CE8-2E90-46BF-9BB0-F7E4DBA5A955,[0],"/usr/bin/clang -dynamiclib -O0 -fno-common provider_4.c provider_0.dylib -Wl,-install_name,@loader_path/provider_4.dylib -o provider_4.dylib"
SNF-162,5,605d53a135ec3841dd451c019d9a83740dfa01aecedf0c1aa8635f9f589e0d87,baa08c89969ed99099fef8174bd150276bf20e80c08e12f040912751fae96aca,2639F188-6811-4BBC-B621-610F3CA227CB,[],"/usr/bin/clang -dynamiclib -O0 -fno-common provider_5.c -Wl,-install_name,@loader_path/provider_5.dylib -o provider_5.dylib"
SNF-162,6,186bdff5b9eed8ed62b7ea9a3b67993d7c8fc64a441eb6a7443f30a751668f9c,580e1391caa724104a1397226878bc27d1aecb7dbc448d77b5d94d6ba87b7b2e,F2187F38-698A-441A-BD1C-868FA75AB388,[1],"/usr/bin/clang -dynamiclib -O0 -fno-common provider_6.c provider_1.dylib -Wl,-install_name,@loader_path/provider_6.dylib -o provider_6.dylib"
SNF-162,7,beae33e5fc4de1f5fbb87fcc91752d8b37786e8b0f16ef503d07c3d41d34eceb,d194a9c1bc30055d2a1243ec41def6ad4e342b85e5cd21caf696d38686e8cc10,03D6A858-DEEA-4AD0-9793-3A36BF585660,[0],"/usr/bin/clang -dynamiclib -O0 -fno-common provider_7.c provider_0.dylib -Wl,-install_name,@loader_path/provider_7.dylib -o provider_7.dylib"
SNF-163,0,876b04f97cbb5128eacede6b154848e30e43e96b66a98befd55fc390ae0a0255,33f6dfe7d4e017c326401e5a82adf923e33197ed78c4ea4b9196a9114031602d,774ABF4F-256F-4248-AE7D-31A337F3F3CF,[],"/usr/bin/clang -dynamiclib -O0 -fno-common provider_0.c -Wl,-install_name,@loader_path/provider_0.dylib -o provider_0.dylib"
SNF-163,1,982ddcba6da600f96593aa1fdb370b53ca74632951ce066648f0ffbf804ae21e,92d98f855b1a74650b07f10278c0e64332aebc5d11e7cefef8098cf3cdcd6f1a,FF506B58-CAF2-4914-AD42-1E7B5FE77EAE,[],"/usr/bin/clang -dynamiclib -O0 -fno-common provider_1.c -Wl,-install_name,@loader_path/provider_1.dylib -o provider_1.dylib"
SNF-163,2,0cb8d4933cd157f7f5efcc4070abb31a5e2c6a7ad19ec66a85cb3c1083d19fc5,196ac15f55122dd1f7727ef2586d1128814fb5305cbfc68fb32bbc876f73bd29,66E734B8-44CC-4B9B-8268-CCF1404B769F,[],"/usr/bin/clang -dynamiclib -O0 -fno-common provider_2.c -Wl,-install_name,@loader_path/provider_2.dylib -o provider_2.dylib"
SNF-163,3,f936df66ca3a87ebe1cb988026788370cf532a7dca2e7bb308a47740d919e674,e5c91b0d0a42d1c0fbe60f8ba1d91a2d0ab515e02778ded6f9b7d48ad774697d,B9DB366B-17B3-47A3-82A2-4D5F3F169501,"[0,1]","/usr/bin/clang -dynamiclib -O0 -fno-common provider_3.c provider_0.dylib provider_1.dylib -Wl,-install_name,@loader_path/provider_3.dylib -o provider_3.dylib"
SNF-163,4,6909b9cece8e718bd37e479fa0c6da87fb7dce82681d6921546c17eb01807e8c,2362a4b43f4162ad28a8194a784f411a4d6efb5596b48d7400dce4bbedd52a7d,2F5856A9-F008-4552-B105-56DFE8757BB7,"[1,2]","/usr/bin/clang -dynamiclib -O0 -fno-common provider_4.c provider_1.dylib provider_2.dylib -Wl,-install_name,@loader_path/provider_4.dylib -o provider_4.dylib"
SNF-163,5,070bbf8b9988eb212e08df75aea259b6a5e8ef326d8a8c3fab7dc6aa35a91e9b,3e5a8f77979ce6b97a1780ce50e4206ed0eacf4d699dbdcd0db2752d8b173945,3EFF3805-187B-4898-A965-08CFD7985812,[1],"/usr/bin/clang -dynamiclib -O0 -fno-common provider_5.c provider_1.dylib -Wl,-install_name,@loader_path/provider_5.dylib -o provider_5.dylib"
SNF-163,6,af7cff0ef5b51ae96828353f8501ef8a60975d0566d28147992f3b670b96dc78,b9f507266160ebaa7e00142d6084a1efcf49ffedb614477bbafc4454fd9c352e,A8E09667-D364-40EE-A2FC-2B7D50428C8C,[1],"/usr/bin/clang -dynamiclib -O0 -fno-common provider_6.c provider_1.dylib -Wl,-install_name,@loader_path/provider_6.dylib -o provider_6.dylib"
SNF-163,7,157db1a54913a8d2a60461f026e3775196439203c4efef0889ef1b49c400c8ec,509f58f52bbe15fa91d8649edd52e0bd497d5cd77185f2a42a91a290032fed36,2F996181-F244-48EB-B1BB-BE245FFB7EE0,"[1,2]","/usr/bin/clang -dynamiclib -O0 -fno-common provider_7.c provider_1.dylib provider_2.dylib -Wl,-install_name,@loader_path/provider_7.dylib -o provider_7.dylib"
SNF-164,0,6e0008803ada5cd0a0ecda95d2c38958ae9e169f30acfd5b4e0f194b44ab7c70,35f5571da4901569baf3048e5a839ab9b7e76ab0fa3d06c57864f87743bba03e,BD10D841-E0B6-4AF0-84B1-3146D059C3C2,[],"/usr/bin/clang -dynamiclib -O0 -fno-common provider_0.c -Wl,-install_name,@loader_path/provider_0.dylib -o provider_0.dylib"
SNF-164,1,26331e4c499fc51ad66c145ed8a6a274de367fd89e3ce0ca508b2e4f46f1630f,05c7e917b9ea2d16aeda1d096758800d4f4eef075dbe11ee12bd7c701f8c33c3,343A8D60-6311-4C89-98FB-E045CDB273E4,[0],"/usr/bin/clang -dynamiclib -O0 -fno-common provider_1.c provider_0.dylib -Wl,-install_name,@loader_path/provider_1.dylib -o provider_1.dylib"
SNF-164,2,45b09692a8f48298bd251cb7e38fea45cd619eade3ccca1d5c16f4f24150f5d2,9467fe2178a0b9fcc6bf79b50b58fafd99d75c22d1174d919da276e3f5a64a7f,0B5637EE-9590-4D37-BE83-45C55C185A11,"[0,1]","/usr/bin/clang -dynamiclib -O0 -fno-common provider_2.c provider_0.dylib provider_1.dylib -Wl,-install_name,@loader_path/provider_2.dylib -o provider_2.dylib"
SNF-164,3,f57bdb9bf2917258a314e13f39a05320d2619c32929a6b89fb5d11e0b9caaac0,f335cb6f5999aa6cc66ed929a11ad427ed90186c17a9198f5c359103136bbf0b,5E24A7EF-0D1A-4DC1-9C35-E3B4F94EA9FB,[2],"/usr/bin/clang -dynamiclib -O0 -fno-common provider_3.c provider_2.dylib -Wl,-install_name,@loader_path/provider_3.dylib -o provider_3.dylib"
SNF-164,4,dfae33b6ff5c079bb20f42e0b3c6c94bea78ee7ece8515aa76f497aa8600ccb7,647e499a3ffe0d2b06eb281e6fc7f1c102b0333eb2e65b227848b042140644c0,59A119ED-E820-499D-915C-F3863AAFAC67,[3],"/usr/bin/clang -dynamiclib -O0 -fno-common provider_4.c provider_3.dylib -Wl,-install_name,@loader_path/provider_4.dylib -o provider_4.dylib"
SNF-164,5,6368ac0500edeb1370ad25402eea13fc428282465e3655c83fe297abfcd96398,e8bc633ee7e5aa2cf1f4cc1b600202ca1cfb0ccda74671608b220245324b0d84,C9D6837A-EB89-4CA6-A7E0-4D04C60F7975,[4],"/usr/bin/clang -dynamiclib -O0 -fno-common provider_5.c provider_4.dylib -Wl,-install_name,@loader_path/provider_5.dylib -o provider_5.dylib"
SNF-164,6,05ce7d0a453fee617887c9872c8e34fe527351e6177640e70a1ce0692b077aea,a89658286c9b7345f80a817d70d8c6e4530734fe37e0c168a22afac79438c701,D04F336F-6BE9-4404-9394-6042C0D1247A,"[0,1]","/usr/bin/clang -dynamiclib -O0 -fno-common provider_6.c provider_0.dylib provider_1.dylib -Wl,-install_name,@loader_path/provider_6.dylib -o provider_6.dylib"
SNF-164,7,be356c745002dcf566bd0c4a6b98846d842769057a2bdd8d4fb3fcfa69c9788c,53f2597aabc8a7ddfbe46061ae5b6cad9cc831eb86674592cd27fcf9206ca037,F4D0B5B8-1C59-4E73-8E8B-5DA41FD20C88,[4],"/usr/bin/clang -dynamiclib -O0 -fno-common provider_7.c provider_4.dylib -Wl,-install_name,@loader_path/provider_7.dylib -o provider_7.dylib"
SNF-165,0,9487fb5716f57f612e5b560fe0defcea332affb2feb3a7edfdc0191c208c4f72,5f3bd14d694535dbaa53f4d96ed4af1f34013dd24a1676e3491fcafb7d91dcaf,8306F0FA-CF8E-49B4-AC81-30E3EFEEC4BA,[],"/usr/bin/clang -dynamiclib -O0 -fno-common provider_0.c -Wl,-install_name,@loader_path/provider_0.dylib -o provider_0.dylib"
SNF-165,1,865361f348cae9608f1ad85c5f4684b93a9bad671dd00a1c8bba538737ac5612,012295786a7d21d3a05b1a64862f56e121570f50433df2f48222c618360157ba,69741223-9F97-4C5A-B987-7BA42543A17F,[0],"/usr/bin/clang -dynamiclib -O0 -fno-common provider_1.c provider_0.dylib -Wl,-install_name,@loader_path/provider_1.dylib -o provider_1.dylib"
SNF-165,2,787b1590707eae21c42c1930c29758cde4481dedb0c67d38d9bdbe0557b59e15,cb2c6fd2d54fdb9613830e386a0624536fdb0357a01c2d13ce40c94534cea2b6,C1D8A5FE-A765-4727-98A6-118C26351708,[0],"/usr/bin/clang -dynamiclib -O0 -fno-common provider_2.c provider_0.dylib -Wl,-install_name,@loader_path/provider_2.dylib -o provider_2.dylib"
SNF-165,3,339ee6767068f2af8726fd77998a54fe43b262af0d91777cfa7edf48485fd2e1,d4609abbe9a4f644f40ce79bea2eefaf1fc995ad87021dda0d98b9352fb13c16,C98D5C7F-C6B8-4C06-B536-7E58426BF73E,[1],"/usr/bin/clang -dynamiclib -O0 -fno-common provider_3.c provider_1.dylib -Wl,-install_name,@loader_path/provider_3.dylib -o provider_3.dylib"
SNF-165,4,09ce7aeb38d9687a9cf7eb22cbb6922395ec2ba07310797ea0a1229bf07180c9,9c2d258bca23568447ace03226812cb60cacf958b2f8dfeda7f362464e33eba4,EDEC6B83-9571-4DCB-927A-DAEA0430AD3A,"[0,2]","/usr/bin/clang -dynamiclib -O0 -fno-common provider_4.c provider_0.dylib provider_2.dylib -Wl,-install_name,@loader_path/provider_4.dylib -o provider_4.dylib"
SNF-165,5,57a042596be7294fb52171903a6d50f97f76b3c27dbdcf5b28e1719ec873e9a4,9e3ee5887f1e3686961b7c264c840e02656ee98149b45b428936f8129eebecc0,5342A543-8832-487D-8CA7-373E4897BD34,[0],"/usr/bin/clang -dynamiclib -O0 -fno-common provider_5.c provider_0.dylib -Wl,-install_name,@loader_path/provider_5.dylib -o provider_5.dylib"
SNF-165,6,9e12257ea796b5d75bdc477dae90882f456a076a39720e59b7176f0484f34a76,58d74ccb6ce1c36a5f4be29c1d90780621509ede0560b39a467d0540f2d67b28,48AA5EBC-8CB0-43B4-A6F9-1B544A7AFADD,[1],"/usr/bin/clang -dynamiclib -O0 -fno-common provider_6.c provider_1.dylib -Wl,-install_name,@loader_path/provider_6.dylib -o provider_6.dylib"
SNF-165,7,1cff129f102e35fb726f79f36b28739b10797e22b72a10ac5f0e69ca8e803e7b,5de91fc5a851fd93ac1907d7335b9ea23ae735923a2b79e27dfe8dc766bd71db,28F1F764-B6E0-430C-B4D3-D020D80DFB59,[1],"/usr/bin/clang -dynamiclib -O0 -fno-common provider_7.c provider_1.dylib -Wl,-install_name,@loader_path/provider_7.dylib -o provider_7.dylib"
SNF-166,0,72385e997a847926637bf9bc212f4f43f2db07f26c7601a95a7c4d43e91d89c1,02864b676a7193f5a56e3e82b844884bdad372af0106cfa65c9b30a590161544,DD0FE141-99B5-45E2-8BDC-CFD0CE771FE4,[],"/usr/bin/clang -dynamiclib -O0 -fno-common provider_0.c -Wl,-install_name,@loader_path/provider_0.dylib -o provider_0.dylib"
SNF-166,1,67fba41175142a3044bb8c08502c8668c5aa72b22f5ed1e4bef4994ca07a776a,ac274c048f1b174f42d571b6132b8c8451ba3716480f93e9e23eecdb1862ad1e,AC3D6CC2-1D73-4EAC-AAC7-EC38192C2588,[0],"/usr/bin/clang -dynamiclib -O0 -fno-common provider_1.c provider_0.dylib -Wl,-install_name,@loader_path/provider_1.dylib -o provider_1.dylib"
SNF-166,2,a248d03220aeb40c64857f71d03720e496f362762a2e9aa8eeab1665e37eb5b2,cd050420ba70654a43b5a295611c605eae078006ffed5a45a9af20cc1fce93f4,0F4241A7-9D38-4999-A3AA-8719875C3C41,[1],"/usr/bin/clang -dynamiclib -O0 -fno-common provider_2.c provider_1.dylib -Wl,-install_name,@loader_path/provider_2.dylib -o provider_2.dylib"
SNF-166,3,74dd92137e6e557d86486e28385052927a4027a5bdfc2589b805474b6fad5608,d49ed650ec3d85dcaa3514fd66c53ed17412d99ec82d617bbf9614e309ea83b8,E6A3BF1C-3D47-4C86-98ED-A4EA4E8B0505,[0],"/usr/bin/clang -dynamiclib -O0 -fno-common provider_3.c provider_0.dylib -Wl,-install_name,@loader_path/provider_3.dylib -o provider_3.dylib"
SNF-166,4,1c20e3ebbd483af6032567015cc084a0d613b9cc34e03675ad4ea32aa3bc4850,8097d8e41ceb09ff7eb4ddd7e03cfda340feb3b9191f8e6d75f8253ec00ac7b8,6E9580E4-6A5F-4472-8D1A-16522695D1A2,[2],"/usr/bin/clang -dynamiclib -O0 -fno-common provider_4.c provider_2.dylib -Wl,-install_name,@loader_path/provider_4.dylib -o provider_4.dylib"
SNF-166,5,72522908feb1d181181f1d5e1fb7030b075daaf053abebb7d9c0d87f2b5faa9a,9d2c3e2cf2e4eeb133cdc92d2e255c95a7a4e3023fb99bfa0dce64f15ed073ff,85B735E6-7B89-4F42-B583-2A7D20E624F9,"[2,4]","/usr/bin/clang -dynamiclib -O0 -fno-common provider_5.c provider_2.dylib provider_4.dylib -Wl,-install_name,@loader_path/provider_5.dylib -o provider_5.dylib"
SNF-166,6,506d5af33e1e67cd3904dc2d135a93abb49ce6667ad3899a799224f855379c04,e967c005b1051c2b151c685b833fb6f20face2c41322971f564cfa230fb4bbb1,C9BB389D-3708-4594-A0A3-211BD577DC5A,[5],"/usr/bin/clang -dynamiclib -O0 -fno-common provider_6.c provider_5.dylib -Wl,-install_name,@loader_path/provider_6.dylib -o provider_6.dylib"
SNF-166,7,da7088b455a76138510ba93e8d7ef54a69beca62f5a210356a3702bb1b71b0f3,9be305af6f600690c7cb56ba65b049ba3fa2febd9c19de0cfb92d4e1cbc5a033,C08D94DA-5BA2-4B1B-848E-2DED4CB961CE,[],"/usr/bin/clang -dynamiclib -O0 -fno-common provider_7.c -Wl,-install_name,@loader_path/provider_7.dylib -o provider_7.dylib"
SNF-167,0,22ee71b8c3a66ef844d1e716d7d66f4137a2af377339197d48aa1e09f0c7a9ae,9b35936461966508cbd3cc1c23e512ef915d9cca5f6f6c177f7380532ff427fd,DA4CE0D7-8AB2-4563-9FB5-0EE378C4D693,[],"/usr/bin/clang -dynamiclib -O0 -fno-common provider_0.c -Wl,-install_name,@loader_path/provider_0.dylib -o provider_0.dylib"
SNF-167,1,436a07170815b8bd5e539f0a378cbe83d2f0c6785548e25b189ddf68ac1a1158,f0f6068765feb7a50f0808e503826e952ad610eef9ddd4dc7dc69213cbad3e9c,680B1CF7-A870-4064-8D4E-1ECE3929F314,[],"/usr/bin/clang -dynamiclib -O0 -fno-common provider_1.c -Wl,-install_name,@loader_path/provider_1.dylib -o provider_1.dylib"
SNF-167,2,83087a15d6f992aa079a01e22e861d38303431d8b0dcecfb0ff0de7c322b460a,4e9eb3a16e7b3eb88e7ecff8d11872fb58798b34a286f41690464b710ca7dd8d,BB86C4F9-0C51-4183-AEB5-067C7C58D071,[],"/usr/bin/clang -dynamiclib -O0 -fno-common provider_2.c -Wl,-install_name,@loader_path/provider_2.dylib -o provider_2.dylib"
SNF-167,3,824b4aaab2c710d4e6104ee3989ecce25667b352ff335cbb7184dee1e8054ce8,1beca8dfafd6898de7db4aebd91e84ed591468b66976b290baddc912a46b9d09,40CAAB4E-C0BA-4835-9DD9-DC82749AA31E,[],"/usr/bin/clang -dynamiclib -O0 -fno-common provider_3.c -Wl,-install_name,@loader_path/provider_3.dylib -o provider_3.dylib"
SNF-167,4,8389d9fa08e02f4e14c2e62b3de593c1fabce7bee37518349df63d70094f73f7,4fab248d7f3a57b075e416ad84a0bc2e1726543c7bb7cbae86070b4afd6e6eed,DA1C832B-C436-4246-8F42-D847D7CB0E65,"[0,1]","/usr/bin/clang -dynamiclib -O0 -fno-common provider_4.c provider_0.dylib provider_1.dylib -Wl,-install_name,@loader_path/provider_4.dylib -o provider_4.dylib"
SNF-167,5,a1dd2c999d04feb2f50708fbbfd5e81149557ce68ee654603e3ba935ec24dc12,ec7a88d6d5d28c422ebac7b5725d040efe92e658ab8326dc0c06d7ed8564b852,64739DFB-BC82-40C7-BF50-245C43A87937,[3],"/usr/bin/clang -dynamiclib -O0 -fno-common provider_5.c provider_3.dylib -Wl,-install_name,@loader_path/provider_5.dylib -o provider_5.dylib"
SNF-167,6,dd8e9c4f5fa7642fdb2a5992e400c4a4443d2015f093d91ed338c3ed3be6ad64,00f69fab789d495cfeab337c02ea1064a120fb64290a29977b4d9fa67f2c15d2,54492CD6-B57B-41B3-B236-B4CDF52FCE7F,[3],"/usr/bin/clang -dynamiclib -O0 -fno-common provider_6.c provider_3.dylib -Wl,-install_name,@loader_path/provider_6.dylib -o provider_6.dylib"
SNF-167,7,9ed07fd299ccf7cff40946d81a9156a0b3606b0ffd8628424231d32779bb6fde,221cd9df1d4c969debd53ee6b064a679d555caf1bdaf129cef8ae81846e60ec2,8EE050DE-B87E-40AF-A6B6-C77C0C32BB61,[4],"/usr/bin/clang -dynamiclib -O0 -fno-common provider_7.c provider_4.dylib -Wl,-install_name,@loader_path/provider_7.dylib -o provider_7.dylib"
SNF-168,0,137059029db22552af98532fe5beb866ef52787434470321c944218194378811,2b52b9582e07a5eec78d2d48c5d34a5f8ff1108c40aaa81a39b05018720b3219,6840A3CA-7FF2-48F3-9B85-3FE8E4BCB8C0,[],"/usr/bin/clang -dynamiclib -O0 -fno-common provider_0.c -Wl,-install_name,@loader_path/provider_0.dylib -o provider_0.dylib"
SNF-168,1,42537a1a0ef919284dbef8a62eec98c51ab51167ba1689d09ab864462ab28d85,18c7fdfd7b09ac51c5f3e8f96f7cc083e2cc1cfa59417f7976f376134d6c597a,43C81A43-7FC5-4F8A-80FB-0947F1F96654,[0],"/usr/bin/clang -dynamiclib -O0 -fno-common provider_1.c provider_0.dylib -Wl,-install_name,@loader_path/provider_1.dylib -o provider_1.dylib"
SNF-168,2,e1258badac9c4cccc5c3870d834ca90af8e8b71f83c964e6d7802dac96978698,df7a586a49610e1e846e3c5329c704ff1315657bf11a8c048d489bcbf45210a1,11FDCE18-FC07-4C42-A2EC-5A1B02657178,[],"/usr/bin/clang -dynamiclib -O0 -fno-common provider_2.c -Wl,-install_name,@loader_path/provider_2.dylib -o provider_2.dylib"
SNF-168,3,97444815f36436c71cada5ed9c7523a4c88c399d107faf9782f883e82d5ba32a,2e14ed82d9bbd4a99c4ec2186a02c545590e716881be0ae4d36db1bae5f8193b,C57C9C09-C329-4A2E-B6AA-1A40A956010B,[2],"/usr/bin/clang -dynamiclib -O0 -fno-common provider_3.c provider_2.dylib -Wl,-install_name,@loader_path/provider_3.dylib -o provider_3.dylib"
SNF-168,4,c31a69ac60e912b60838fca733db00b518a7b27011e97afd6d22032fea7887c7,4f4e1fecf52bf480317f72c3be70edd17d97f6f3f9663709ec28f835772273f8,C2113295-49C5-4F7E-8CCA-8D0E276E4076,[],"/usr/bin/clang -dynamiclib -O0 -fno-common provider_4.c -Wl,-install_name,@loader_path/provider_4.dylib -o provider_4.dylib"
SNF-168,5,eec4f709b6690715f6f2954b020436f35ac30b97802fcc6376693371f5d1af2c,1bf26601ba945c2677444bd4650110aa7d4ac9f22d5ca963e934530dd0f6bf0b,943D03D8-5FD9-454B-ADC6-B32113CCFBE9,[4],"/usr/bin/clang -dynamiclib -O0 -fno-common provider_5.c provider_4.dylib -Wl,-install_name,@loader_path/provider_5.dylib -o provider_5.dylib"
SNF-168,6,069cd0e11412b67755ae45a58e5e56ecbfc58b15df67ef96de278b8fca99c6d9,f053d3b903e095273c3dcc384757f4a3e59b0bf4ae69a41c85352fc427e1f1cd,9D6BE293-B77F-47E8-8884-18BD9F722ADA,"[3,5]","/usr/bin/clang -dynamiclib -O0 -fno-common provider_6.c provider_3.dylib provider_5.dylib -Wl,-install_name,@loader_path/provider_6.dylib -o provider_6.dylib"
SNF-168,7,aff8731eadfea7bb588984d99ed0fdc50d33a3078efc96ab9c6d5852d688ab83,1e4fe20ad8c1a3c75a950f85d9725f5cf4e091b10478363c24b42875f7b78165,556C106C-A5A1-4415-80F0-82D6175306CD,[5],"/usr/bin/clang -dynamiclib -O0 -fno-common provider_7.c provider_5.dylib -Wl,-install_name,@loader_path/provider_7.dylib -o provider_7.dylib"
SNF-169,0,11ae5360c78c6eba1a2f7fbb520695a5383fc5e0245aa3077e872eb3afa26460,34af86012685260860b987b43f3659081fde31b7f024aef67789e2f0e6e9c0a3,ED6D3F2F-25C0-4B28-9712-6626C0B4C797,[],"/usr/bin/clang -dynamiclib -O0 -fno-common provider_0.c -Wl,-install_name,@loader_path/provider_0.dylib -o provider_0.dylib"
SNF-169,1,d3ccb1760b8e82f843d5e96f1c831b51bb9c380e95c202a4a27cda2f2a8b2b75,a3120d8abbc2b05fe715c91dc535acf12b9a0aeb4d31601907d87b166e21dffd,6AA1663A-CCBD-47F6-BF62-DCFAF9C25145,[],"/usr/bin/clang -dynamiclib -O0 -fno-common provider_1.c -Wl,-install_name,@loader_path/provider_1.dylib -o provider_1.dylib"
SNF-169,2,a67918f68c18bb8c1cac257adacc1cf4315ae609f974a9116e47e2bd370c02ec,169fad58e84d489a8e6928c7765ec7d7dc85ef81e2cbac1efe7ac72cb3ebeb10,6A8D8EDC-2D8F-4D19-B137-65270D395F6F,"[0,1]","/usr/bin/clang -dynamiclib -O0 -fno-common provider_2.c provider_0.dylib provider_1.dylib -Wl,-install_name,@loader_path/provider_2.dylib -o provider_2.dylib"
SNF-169,3,a7281b0fcad9269ead2943e2108afe28dd47211b5ad6c0f23906fd84bb2a7b76,f29513375aabde37002bbeb4839bbfb7e181c6a5f0d525e858e5e2208f29b244,61C6FEFE-F554-4F1D-96F2-9C378B133123,[2],"/usr/bin/clang -dynamiclib -O0 -fno-common provider_3.c provider_2.dylib -Wl,-install_name,@loader_path/provider_3.dylib -o provider_3.dylib"
SNF-169,4,8218946449db8e176ae06fb881bc1ae8fd678b81fc0130e49031043c9477530f,83b6bbf83728aef840a7a401a5b1062c40da2d34e8b7adf44a4c3ea3d7cbdd76,AA3963BE-5462-4B26-B66F-85C0D3FFA715,[1],"/usr/bin/clang -dynamiclib -O0 -fno-common provider_4.c provider_1.dylib -Wl,-install_name,@loader_path/provider_4.dylib -o provider_4.dylib"
SNF-169,5,1632793e89bfba60709fe5963b7c23421e151e4481d05d4264cdbc27b9c74e09,8540f3eac6ee6d76a57948ce342bd627890cb4cdfdfb6de39691f0b95250250d,70ED1005-D450-4095-8520-6C8E871251C4,[2],"/usr/bin/clang -dynamiclib -O0 -fno-common provider_5.c provider_2.dylib -Wl,-install_name,@loader_path/provider_5.dylib -o provider_5.dylib"
SNF-169,6,9914a3b3360f1dc462d3757a9a900eaa5380bd146afdd8d94d77c9d51c341bb0,9b2dd4f3295ce3038dda7744fad8206570a9565b0255f7fd19463d8f9b1c17ab,AD742AC6-A610-4FB9-BAB6-8B743AC1A116,[2],"/usr/bin/clang -dynamiclib -O0 -fno-common provider_6.c provider_2.dylib -Wl,-install_name,@loader_path/provider_6.dylib -o provider_6.dylib"
SNF-169,7,bec62b9c830aeb7786ceca4259b917d46adbbce322acf242697c9d922debdb52,ea2f5e9e0448c07a06068344ed417dbed9c640b8de44b4600821d017b42776c2,26D6E0B5-6FC9-4E98-A622-A8D2FC4F5EBD,[2],"/usr/bin/clang -dynamiclib -O0 -fno-common provider_7.c provider_2.dylib -Wl,-install_name,@loader_path/provider_7.dylib -o provider_7.dylib"
SNF-170,0,5fb252c91e9e0ba077ab11b51cda1101929f88834503f766ab49f939a6ab7f36,dc0580e06f6d871acc03c41ba8803af09e6af3927dd117f2c500e908ac517ef1,02B089F7-ED3C-4F93-94B3-D1E07DA80906,[],"/usr/bin/clang -dynamiclib -O0 -fno-common provider_0.c -Wl,-install_name,@loader_path/provider_0.dylib -o provider_0.dylib"
SNF-170,1,a8f54d677a45d98bf5215825aed9544a7fcf8fb41fcd5d9ca0da04cc7bbd519d,73abedf06f03574855e6330bb504ae9729ebbd6063fdba4f76093bcc4ec645c0,C45F0CB6-E38D-4ECB-A621-282E87003A31,[],"/usr/bin/clang -dynamiclib -O0 -fno-common provider_1.c -Wl,-install_name,@loader_path/provider_1.dylib -o provider_1.dylib"
SNF-170,2,026a9f32321fd39eb3a24acb5bd0439e793059f8632b1e4b86baf0a590472727,570cd92beb80afce5dbda58af57a7f9264d9596fc57a85de7a0f585e12cfd09f,3CD33B08-7F9A-4D7A-A849-A274F9D08C0A,[0],"/usr/bin/clang -dynamiclib -O0 -fno-common provider_2.c provider_0.dylib -Wl,-install_name,@loader_path/provider_2.dylib -o provider_2.dylib"
SNF-170,3,4af35b4ffff649962d410136f580b87b28de53c83e25014af14b9707293031d8,3fe60e04788920820369cdc7bd6854d0837ba33184086965ba304c26d8590a0d,B8670E0D-191E-4611-B0FE-F824D328D6C9,[1],"/usr/bin/clang -dynamiclib -O0 -fno-common provider_3.c provider_1.dylib -Wl,-install_name,@loader_path/provider_3.dylib -o provider_3.dylib"
SNF-170,4,563238dd63235b7237ab2f3adc02f09e1bdd04f11cff24cba7a8e5b7cc95cf2d,937e27eda5603206193ad6ca5f6ea977c5b7e155d61921b79273b3347224af2a,28E87CEC-8812-4F8D-BFEB-4DF119CBCFFC,[1],"/usr/bin/clang -dynamiclib -O0 -fno-common provider_4.c provider_1.dylib -Wl,-install_name,@loader_path/provider_4.dylib -o provider_4.dylib"
SNF-170,5,2dec702a6bb1f190a34c74af74a82f9659bc14c409f3a4d9dcb385886bcce585,9a2febf6c27c178275d8d6916bda5ba5bab2591f0d4b10b5e5796f97be7c6e2c,F5E248D2-F6C8-4F7A-94F5-EE0100B7E830,[2],"/usr/bin/clang -dynamiclib -O0 -fno-common provider_5.c provider_2.dylib -Wl,-install_name,@loader_path/provider_5.dylib -o provider_5.dylib"
SNF-170,6,80e391c194735b5ef6956f3506132e3a43302634f9d0872e75e5c18c944e5c9d,e178b4656986cb0ed244f1fd9701f3cffc4881f9277eae03a4c2c852c7a47795,CDC2597D-31E2-427E-B952-2E97A51F9FCD,[1],"/usr/bin/clang -dynamiclib -O0 -fno-common provider_6.c provider_1.dylib -Wl,-install_name,@loader_path/provider_6.dylib -o provider_6.dylib"
SNF-170,7,23ae4038a5560b69db45d6c20f63815071ede927b76a9510317a6ba965d9bb68,6a56f78f82ad743caaf15c550f2006920017bee9d966ca5a02a10492e62e99ed,4085A5A8-C228-4D9F-B0B8-7E5BB06D1CDB,[],"/usr/bin/clang -dynamiclib -O0 -fno-common provider_7.c -Wl,-install_name,@loader_path/provider_7.dylib -o provider_7.dylib"
SNF-171,0,5f468795d71c1e12aac33023bb7403a3e49c698e19438a80de0ce1ea6907ad95,4f2c8437156d5f17dcbfbc31f7fa4a3eeb66a96c321441630ad91d1f79cec2d8,15D78B6E-8944-498D-8E78-9B7102AE2C94,[],"/usr/bin/clang -dynamiclib -O0 -fno-common provider_0.c -Wl,-install_name,@loader_path/provider_0.dylib -o provider_0.dylib"
SNF-171,1,e7d3ffe463e957d8ed4e4b2d9235fc8fedeb817961f5f9b7c11d18a5ad4f25b3,f0bab9e5e013b80242a5e1c2e015f4d1db040dae96fc215ca8d1a72fe1d30399,F39F6F05-8E5C-4495-9F00-11CB0ADB1639,[0],"/usr/bin/clang -dynamiclib -O0 -fno-common provider_1.c provider_0.dylib -Wl,-install_name,@loader_path/provider_1.dylib -o provider_1.dylib"
SNF-171,2,96bb7abcb1b4dea0c9e1c7d72c4c330d63bc1d6a77119b2cb5678084ef7ef593,24902a15d5c16d04b3f36c48c920b6ff4ea32c13b71e8b586474d5ac6e67bc84,085CF45D-9B2D-4DB8-9E0D-B436BA134B1C,"[0,1]","/usr/bin/clang -dynamiclib -O0 -fno-common provider_2.c provider_0.dylib provider_1.dylib -Wl,-install_name,@loader_path/provider_2.dylib -o provider_2.dylib"
SNF-171,3,036d51a44acccf38c1c8662b2770d7845f86770cff4425e071a9321ee88f05f5,7153484a94837dddab4b42eff4565d8132ae4c67234e95c98fe9401530d0630e,70E7311A-56B6-4830-A89F-369026CC0451,[1],"/usr/bin/clang -dynamiclib -O0 -fno-common provider_3.c provider_1.dylib -Wl,-install_name,@loader_path/provider_3.dylib -o provider_3.dylib"
SNF-171,4,48a3fe34b28894d935382e1cf9ba1f429582bfdc0c5b0af968def105e67c8b04,5ee2b3f2dc916caf01705666a3b70e25c5e80c0fa5281f8ab4c6f8e3c4ea346d,80040BDC-1FF5-4D33-9A2F-A860E2F3E40F,"[0,3]","/usr/bin/clang -dynamiclib -O0 -fno-common provider_4.c provider_0.dylib provider_3.dylib -Wl,-install_name,@loader_path/provider_4.dylib -o provider_4.dylib"
SNF-171,5,3f50f82b488d9c3aef422adbd02a17c6dc44611da64ec1920b24f77612a68b6f,03591f4d6998bf4d52eb2a3749ea95863e49b615f9443cd8267caca2e1b775b6,AD887ADE-B8D1-4B40-8956-6FC4B64EE1ED,"[2,3]","/usr/bin/clang -dynamiclib -O0 -fno-common provider_5.c provider_2.dylib provider_3.dylib -Wl,-install_name,@loader_path/provider_5.dylib -o provider_5.dylib"
SNF-171,6,92119fc48eed5f645afcf456f5ec63bfb4b371fbeb59469bd55734d21fefd471,9dbcc366379f16fb84b6b6d7164029870d247f445918f45d202bf9da047b8e43,6105196D-9197-48FF-8C33-692A411490B6,[2],"/usr/bin/clang -dynamiclib -O0 -fno-common provider_6.c provider_2.dylib -Wl,-install_name,@loader_path/provider_6.dylib -o provider_6.dylib"
SNF-171,7,23bbd246fca16563350106c68920c71f9ad97542ed090999866d85b8848d1148,f1def6cba6ea75f8f50ed39eaf82f7e3e1b995106c9412c75846fd40c3bbbc53,C90322F4-487B-42F5-958C-B92FD9BD15CD,[1],"/usr/bin/clang -dynamiclib -O0 -fno-common provider_7.c provider_1.dylib -Wl,-install_name,@loader_path/provider_7.dylib -o provider_7.dylib"
SNF-172,0,6d3911066396bd89657bcc61347d3e4c730f5f21b1476bfd89e5eea485c191aa,756ff3bf1ec1ffd1ed20ccf2b0fb58b4e5a09cd329ead3b9d4a1dcd91965527f,3FBD9E8A-997D-45BB-8E8F-B2473EDE8B08,[],"/usr/bin/clang -dynamiclib -O0 -fno-common provider_0.c -Wl,-install_name,@loader_path/provider_0.dylib -o provider_0.dylib"
SNF-172,1,92f4ef3c32fb5aacbc7ae05e340acd4a3ff04f50af304e8dc36b6a9b65aff66f,1f7d7827755687bf6054b42f62659ede7b1f78680950aea4f82591ab1abd0f2e,E0B87A75-51EB-4789-B3EE-3CC3BE7256C9,[0],"/usr/bin/clang -dynamiclib -O0 -fno-common provider_1.c provider_0.dylib -Wl,-install_name,@loader_path/provider_1.dylib -o provider_1.dylib"
SNF-172,2,5369581c098768ee83effec24235cec307f231177799d25d4d07663b0625bf74,732521b9f4d9a222c71c31245ac1bc2800a156d82124dd0371ba44e43c23157b,CA3F1B32-9BA2-4E7C-BA4E-60D2F6F9C4B2,[0],"/usr/bin/clang -dynamiclib -O0 -fno-common provider_2.c provider_0.dylib -Wl,-install_name,@loader_path/provider_2.dylib -o provider_2.dylib"
SNF-172,3,b1201d10b2a21f3de65c58c6386d1ca8c5a8edd14782228ba82dcf23b880051d,26fea56dcc367bc76cf7838fd6d3ce0d261c2768666acab06967546c7ae9c5ca,57AF2FA4-B751-44AE-ACEE-0BADFE577A7C,[0],"/usr/bin/clang -dynamiclib -O0 -fno-common provider_3.c provider_0.dylib -Wl,-install_name,@loader_path/provider_3.dylib -o provider_3.dylib"
SNF-172,4,f53594a190f30c62bcc334198548014b7384ff32458a177b66385e756fe373f5,29449ebc1b338b6997017621f178f4f238536310172f0ea5f1e30b936dc36429,0A0F41CF-3D7A-4774-9BC4-85CCB86B486C,"[1,3]","/usr/bin/clang -dynamiclib -O0 -fno-common provider_4.c provider_1.dylib provider_3.dylib -Wl,-install_name,@loader_path/provider_4.dylib -o provider_4.dylib"
SNF-172,5,ae192fbfec07ef8d17809750e3c0d26c965bec812533bd747acee2935f9d2972,3028eaae3077ae9404934427591f5b2d46151149430b8cf71150559352070da0,D8825AD4-AF81-49A6-AF3A-0C627B3F9A60,[2],"/usr/bin/clang -dynamiclib -O0 -fno-common provider_5.c provider_2.dylib -Wl,-install_name,@loader_path/provider_5.dylib -o provider_5.dylib"
SNF-172,6,dc3fb8f2c49bfe3e632af9f7c12b2d341110692c0be153d316715076b5b3dba2,c1fc8cc6741536f667394421c7481adc88ec08e5f3225351df898fdc25375c0f,16C27162-267A-47E4-A8EF-EDA315471CED,[3],"/usr/bin/clang -dynamiclib -O0 -fno-common provider_6.c provider_3.dylib -Wl,-install_name,@loader_path/provider_6.dylib -o provider_6.dylib"
SNF-172,7,d536dd45b51d6205921075f4c368d9c7b68bf47667be91d6720010c3bebf0035,fd17c4783b0ff1ca6f2f0c26f18985df4ee92b85baaa752c1328a649e13b3352,3041B58A-2CB0-4FB3-AB2A-E01F82AE3BBC,[],"/usr/bin/clang -dynamiclib -O0 -fno-common provider_7.c -Wl,-install_name,@loader_path/provider_7.dylib -o provider_7.dylib"
SNF-173,0,fa1f89f60b097d81aa78302cfe3d2de2627e047672ea88947d7ff752210c3529,6cf665843ce83117504960c27796671565095176e2c6fc29e7e637c2d635ed39,10DC4951-0C8E-4CE3-AD90-3C1A8D14CCCA,[],"/usr/bin/clang -dynamiclib -O0 -fno-common provider_0.c -Wl,-install_name,@loader_path/provider_0.dylib -o provider_0.dylib"
SNF-173,1,83d4a97563d6f5297023ee0563716d9e810ca2f258df126be193d6836de5f998,5eb92c211ff1af13ca80c310d8dc7560037e03b28c7caad9471cfc12cb636a56,6F47B05A-888C-4F70-AC0F-9599CE00DC5A,[0],"/usr/bin/clang -dynamiclib -O0 -fno-common provider_1.c provider_0.dylib -Wl,-install_name,@loader_path/provider_1.dylib -o provider_1.dylib"
SNF-173,2,996195a29d8301ad2946b9c41ca1a538c81821aba836ebd65bd46116bc0b1012,e2dcf51b98c28bf1fee6094068a17be25813a78cb4427246db725aee24d1ec5c,8FD0D372-25F5-4F29-95CE-8EF32535CF8E,[1],"/usr/bin/clang -dynamiclib -O0 -fno-common provider_2.c provider_1.dylib -Wl,-install_name,@loader_path/provider_2.dylib -o provider_2.dylib"
SNF-173,3,7c36355112287d92f6550a9d1ecb0b7fcf2ab2d525a83e5d9ca85a8ff6c9779f,d5bfa69c48e89d6b4977c6acd7bbfe0bb02dee11268b1a242c446f19c8c097ab,03A40D3A-7C18-4EBC-B3A8-642DFD54080A,[2],"/usr/bin/clang -dynamiclib -O0 -fno-common provider_3.c provider_2.dylib -Wl,-install_name,@loader_path/provider_3.dylib -o provider_3.dylib"
SNF-173,4,149817aaeede9e22126f582f71b2c2462a92cbbe2d97eefb2b144d00007c366d,3892d4f9b68c9abddf81a61677b7a7d668a3774cce75459fcc02eda8095bac2f,2E221130-77EA-4407-A0F1-79D2C29CE608,[3],"/usr/bin/clang -dynamiclib -O0 -fno-common provider_4.c provider_3.dylib -Wl,-install_name,@loader_path/provider_4.dylib -o provider_4.dylib"
SNF-173,5,76726e7c91d152b3d5305dd1d41fae3205ac3f25066f899cf206ea32a1df9963,9b9cd17db171ce9b9aa8acd28db8526342389988b5d2d2d0e4290e87738e188b,AAEFD5E5-C87D-456F-B02C-DE6FF1120666,[2],"/usr/bin/clang -dynamiclib -O0 -fno-common provider_5.c provider_2.dylib -Wl,-install_name,@loader_path/provider_5.dylib -o provider_5.dylib"
SNF-173,6,476e9f66481219b7d021f8745b10506576b6b1edd02132e81ad081083b1ff614,4773cf4edc3d3bf99e7aa83bd8be89975eb38cf91d0340f448e82b4c3a1b4dd6,0D4E2522-7AE8-4827-83BC-CC109E79EF22,[],"/usr/bin/clang -dynamiclib -O0 -fno-common provider_6.c -Wl,-install_name,@loader_path/provider_6.dylib -o provider_6.dylib"
SNF-173,7,d48b5830070174ad9445cd0d79da460045592fc975abbf30e0292062b1fc6842,c265901220f086148d930fd77fe545de31fc28783e2714492f4d8664df463fe6,D809B25B-0D0D-4B97-A243-E9DC63E5A279,[],"/usr/bin/clang -dynamiclib -O0 -fno-common provider_7.c -Wl,-install_name,@loader_path/provider_7.dylib -o provider_7.dylib"
SNF-174,0,571657849e7008b28152e746ff66390f872eb54c6fd4466748f2648199132c2c,4aa171851e53a24a0f7655f82b58033425929ab297a1b219d7d09ea41722a21b,9A708E5F-49B3-4665-BB09-D489AC34260F,[],"/usr/bin/clang -dynamiclib -O0 -fno-common provider_0.c -Wl,-install_name,@loader_path/provider_0.dylib -o provider_0.dylib"
SNF-174,1,ff7be236d53b2b63ebe14625bd545dabe8733bb6b30bc82c84e13dea0537de31,e6fe2d00ca2bcbed1d5b0ab6f8b2315fc52480119446f8025e0875cab43a7818,4707412A-63AB-4417-815F-E013A89EF6E8,[0],"/usr/bin/clang -dynamiclib -O0 -fno-common provider_1.c provider_0.dylib -Wl,-install_name,@loader_path/provider_1.dylib -o provider_1.dylib"
SNF-174,2,82f8761ffe47f07f2693e41b69c25e99736518dd7f558082d3153f7e1ed58ed8,3bd52a8c73d6b48679c730d1a617ea663870072ec49d432a007429598e37d7ac,91E1DF9A-8652-4F32-826D-7765DB91A3EC,[1],"/usr/bin/clang -dynamiclib -O0 -fno-common provider_2.c provider_1.dylib -Wl,-install_name,@loader_path/provider_2.dylib -o provider_2.dylib"
SNF-174,3,d320c44a93271034a83135f57668d8285dc8b03ba17321d5d814a5f7ca5c5afb,9300ad1bf9c5ab3e8fa1ff61a71ef5be83cf9bba49b5b145e4cd5f161276df51,493747F5-25EC-427B-BE6A-6529F17B43D8,[1],"/usr/bin/clang -dynamiclib -O0 -fno-common provider_3.c provider_1.dylib -Wl,-install_name,@loader_path/provider_3.dylib -o provider_3.dylib"
SNF-174,4,6bb235db2678236f532220f3a83083897ca22507421cd9cb2997a1cd13462218,5dd0a2f7a37163aaf2ec7ba73383f41b0b7ed766ed56a64ea8b425d365568471,9A94A0F8-9017-4408-8FE8-A0DB1D74256C,[3],"/usr/bin/clang -dynamiclib -O0 -fno-common provider_4.c provider_3.dylib -Wl,-install_name,@loader_path/provider_4.dylib -o provider_4.dylib"
SNF-174,5,545a6242c5abb822238820c4e2d0fbd90004afe517c6c6dfa4558ebbdfb3c52d,bd5093d8dd1010d0337684c3f868077bc8ded0613c5e3e876384d29c6e9fbfe4,B024FF67-C204-49D0-9CBA-791BF36C167B,[0],"/usr/bin/clang -dynamiclib -O0 -fno-common provider_5.c provider_0.dylib -Wl,-install_name,@loader_path/provider_5.dylib -o provider_5.dylib"
SNF-174,6,27873638ce83074d3f97fe4f11e26f6a79e36e9db9640c7ca2f18378315829e4,e757f366792b888f82203038f7fdbf1ac8d8329a93d4aa90647ec3afbcdfffca,27F60F07-69DF-4B11-AFBC-8E9E4A5CCA70,[4],"/usr/bin/clang -dynamiclib -O0 -fno-common provider_6.c provider_4.dylib -Wl,-install_name,@loader_path/provider_6.dylib -o provider_6.dylib"
SNF-174,7,925d38235099f025ad02d51948fba28fe1bed3693393a7e287108fb3aa19260d,b6db4a3cbd5a3098f6abee14463a838f476c9ca9bdb506d4ce5f128d4d6c8733,5DEBFD85-26DF-40F6-A51A-74C01BB32A08,[3],"/usr/bin/clang -dynamiclib -O0 -fno-common provider_7.c provider_3.dylib -Wl,-install_name,@loader_path/provider_7.dylib -o provider_7.dylib"
SNF-175,0,3fb71eb10be1815f2be4ee59c1fe482bcd13a4d40074dc4fb666a39fd1a0f2b0,46867b4048c9d26bf1acb009123aecf065534d692aca092accda3da5c474a51d,4C983BA5-49F2-4723-95DD-4EF1589D2925,[],"/usr/bin/clang -dynamiclib -O0 -fno-common provider_0.c -Wl,-install_name,@loader_path/provider_0.dylib -o provider_0.dylib"
SNF-175,1,011855add6d1646555d78873a895da65de3251e629f6a327d97f4e1b6b77907a,954a7ed087e7c563e4966bd6b965056b574859d2656b7cef1b2c1420256874cb,189BE02C-6D87-4A00-B1A5-2FC0E61B1954,[0],"/usr/bin/clang -dynamiclib -O0 -fno-common provider_1.c provider_0.dylib -Wl,-install_name,@loader_path/provider_1.dylib -o provider_1.dylib"
SNF-175,2,c251783dda4233118a0ae84ca98d80096b86437f2672fb252772e36597a9c463,78fdaea85439b72f6f9b7f135a034e0af87e0bfa0e2e027782521041a5d4d63e,51CFA640-A441-43F0-870E-68FCBD354769,[1],"/usr/bin/clang -dynamiclib -O0 -fno-common provider_2.c provider_1.dylib -Wl,-install_name,@loader_path/provider_2.dylib -o provider_2.dylib"
SNF-175,3,8fabd8b4eac5d3ea3018c658c02de6521abd2ec7ee52cb1604d96403a54f310c,86dbf626be4f90a32185b27c47fb4048501782166bf89d7cbc9bacda5f31faaa,8B9E28E7-DCC8-4575-9294-757E60F03ADC,"[1,2]","/usr/bin/clang -dynamiclib -O0 -fno-common provider_3.c provider_1.dylib provider_2.dylib -Wl,-install_name,@loader_path/provider_3.dylib -o provider_3.dylib"
SNF-175,4,fd6ec142d9c9a281aee9bc6e9319e8b6f4ed9b74e61f3d1de94566c974c98067,d74fe1fd34a18b18c8465deca7e7c9c1b2b78ef645f06a438d31d0fff2351eea,52B57D93-05C1-4B3D-9B18-97D4B0BA0012,[2],"/usr/bin/clang -dynamiclib -O0 -fno-common provider_4.c provider_2.dylib -Wl,-install_name,@loader_path/provider_4.dylib -o provider_4.dylib"
SNF-175,5,b1ba4b1c33bc3fbcf6b86d6612f0bce2c88b0150c57d9358ce87cd5c95c195a2,7fa57e51ae7b35becf80d1ed7dced9e4f9aa7ef64aacd0fd57465adde1b744cc,8FE2BC48-5ED6-4942-8379-B6B2E9B69E32,"[3,4]","/usr/bin/clang -dynamiclib -O0 -fno-common provider_5.c provider_3.dylib provider_4.dylib -Wl,-install_name,@loader_path/provider_5.dylib -o provider_5.dylib"
SNF-175,6,7e894988c4a59e8a4a9177e93b4169e951d3e6609f3717642208502b83c05721,26bd3702cde19d2f3104c225d8a713980b3495cb6d125f4c4bb0594556756037,776190A5-8140-4353-87C1-5A983D859D62,[1],"/usr/bin/clang -dynamiclib -O0 -fno-common provider_6.c provider_1.dylib -Wl,-install_name,@loader_path/provider_6.dylib -o provider_6.dylib"
SNF-175,7,ecb734bdd7100202987f08af7ca6689fece4de2cb097ca63ca33fff1a7f27142,9f12b93439efc3592ee2a0d8ed259771e52dd4fd99bc9d48bb8e75dcf1a19f6c,0AC6D029-8B98-4373-80E2-223802C134B8,[6],"/usr/bin/clang -dynamiclib -O0 -fno-common provider_7.c provider_6.dylib -Wl,-install_name,@loader_path/provider_7.dylib -o provider_7.dylib"
SNF-176,0,e8a0819762804772c3203291431993d2be15a7b5b186881a6f1055400415c58f,c2505bfb41fb1bd1e3861fcc49139f58d58675a1575515ff899dd16bbb72ab53,97D0A08B-A57A-47EE-8D63-6AF2FA445041,[],"/usr/bin/clang -dynamiclib -O0 -fno-common provider_0.c -Wl,-install_name,@loader_path/provider_0.dylib -o provider_0.dylib"
SNF-176,1,0140dcd237f38ef84f006f1f78594074a600d4a0636e987edb3a0d8bb01bac90,5740b92348258045a3ec14fcc4502e8d49dcf15b35abcad7c724d092d8cbe261,DB8FA420-25F6-409F-98D2-425A61007881,[],"/usr/bin/clang -dynamiclib -O0 -fno-common provider_1.c -Wl,-install_name,@loader_path/provider_1.dylib -o provider_1.dylib"
SNF-176,2,9f79939db30351d06e6399b81d12ce5fd50012468476dc7c57aae568b8fe8798,ef88efd30dfdcd1535d49e42c9355b3b116e9648cce4d5211ba49de4fc2e8130,D1577924-E2CE-4B24-AF6A-E8081DFABDDB,"[0,1]","/usr/bin/clang -dynamiclib -O0 -fno-common provider_2.c provider_0.dylib provider_1.dylib -Wl,-install_name,@loader_path/provider_2.dylib -o provider_2.dylib"
SNF-176,3,47b946cf26ed494cee60f11cf0e26129ef55d900acbe8c46d217c85b5491881c,191ed4dca60d5ebca5dcaef277b8b426073fcf35db85b2085f8570a31e1939ff,0F18070F-A44B-414C-AFAF-E8F686816539,[0],"/usr/bin/clang -dynamiclib -O0 -fno-common provider_3.c provider_0.dylib -Wl,-install_name,@loader_path/provider_3.dylib -o provider_3.dylib"
SNF-176,4,48a0e175722096f335dd87e8746cebded6fc6decdec8d0325d63b90325076a56,7ec2c159c4f73565e3342ffb20d551b45a8c475d5de2f1fd820fc31e5cf88185,E654079D-FC0D-495C-983B-23166F1AE732,[2],"/usr/bin/clang -dynamiclib -O0 -fno-common provider_4.c provider_2.dylib -Wl,-install_name,@loader_path/provider_4.dylib -o provider_4.dylib"
SNF-176,5,18d0c9e9f7c1991a17bdb1572cae0dd648d61ae36b95742b1f8a6962b5a8e74a,2581a87be85d4f88b44fc4ffbd1d1553c8c5416d760d1775b6d266869d1f0833,715130AF-97F6-43D3-9E19-4036A5266404,[3],"/usr/bin/clang -dynamiclib -O0 -fno-common provider_5.c provider_3.dylib -Wl,-install_name,@loader_path/provider_5.dylib -o provider_5.dylib"
SNF-176,6,10abb7b8998941f95fa2010ba6c3a42775294f7533e5bb48474ba4ff9a94c2f2,67e3e67b71d7634e7cdd188e561ff6e923fe0d2de3d68ea6435f6d5d4beadf97,600B3DDE-810A-44A3-816E-7FDB2194DDDC,[4],"/usr/bin/clang -dynamiclib -O0 -fno-common provider_6.c provider_4.dylib -Wl,-install_name,@loader_path/provider_6.dylib -o provider_6.dylib"
SNF-176,7,7a34f6c0bb124c7f8d71e7ac20b02b0d3c3777257c4582fdba5df1fa7b0cb79e,a25487426c1f6a58fd85b6590b2c785ca8f967ceb0b5c5cccc858249c0759ea4,6DB82185-E459-47DD-8C1B-8E2912CA38F5,[],"/usr/bin/clang -dynamiclib -O0 -fno-common provider_7.c -Wl,-install_name,@loader_path/provider_7.dylib -o provider_7.dylib"
SNF-177,0,da876ef52082fc67567ddb68197b759cd908ce19ad95a47190924358ab5faa98,a5a648994f4923c50be57a73c5a4267a1a9e030c07fee92431247ad46b176498,5B49702A-7E8C-4969-869B-12D50891A661,[],"/usr/bin/clang -dynamiclib -O0 -fno-common provider_0.c -Wl,-install_name,@loader_path/provider_0.dylib -o provider_0.dylib"
SNF-177,1,8f983f397110e9502451f111c3d365f8cae9b3785f1d544520c5445d2422e4bf,507f1e40c7570ab9edb7411dd51d08b816a601373bda5a51d6eeafa2b26e2989,AF1788ED-5F91-4D1E-8A06-14B0D2C8D5C3,[0],"/usr/bin/clang -dynamiclib -O0 -fno-common provider_1.c provider_0.dylib -Wl,-install_name,@loader_path/provider_1.dylib -o provider_1.dylib"
SNF-177,2,fb3851bcf5847594ec59d8905b8bf2e28321d878bf07c395518eb424bd8abc4e,6ce77dcaedf5f6c966a75d73dd7361332a8e6c59db6c105f0fbceb91567bf4e8,A5618C7E-86EE-4D1C-B5EB-3B37B82385F7,"[0,1]","/usr/bin/clang -dynamiclib -O0 -fno-common provider_2.c provider_0.dylib provider_1.dylib -Wl,-install_name,@loader_path/provider_2.dylib -o provider_2.dylib"
SNF-177,3,46da8718b1a9629709ae324cc73748e528bb2e0cb16fdae2b0f7c564c7c471ae,7e5f93cf434e47fe3e03dee98583e58601afd059620a2b751bf7a6c8e17f0526,01AA44CD-E952-49B8-8A04-0B4BC628009A,"[1,2]","/usr/bin/clang -dynamiclib -O0 -fno-common provider_3.c provider_1.dylib provider_2.dylib -Wl,-install_name,@loader_path/provider_3.dylib -o provider_3.dylib"
SNF-177,4,b102639d1478b7a893b62ea7aa52259143af93ca664885dcb94ee4ff5b80fa55,8b0a0c09f087139a10c0b031658c61bda7195b23f60d3b06331eacd99a6dbdef,C6D323C0-8340-4DA6-B15E-DFAF16E0ED7E,"[0,3]","/usr/bin/clang -dynamiclib -O0 -fno-common provider_4.c provider_0.dylib provider_3.dylib -Wl,-install_name,@loader_path/provider_4.dylib -o provider_4.dylib"
SNF-177,5,e15079b87a9ccd87d7ed3671aca3d5a0c9d69efe0c6515c652334f5e59d113c5,a822c46dc36c1a496789497e033041b813994cb6417a0c5ec8e7e15342f25867,3B27E83A-6C5B-4AE5-89D0-AA89BD7DFC5E,[],"/usr/bin/clang -dynamiclib -O0 -fno-common provider_5.c -Wl,-install_name,@loader_path/provider_5.dylib -o provider_5.dylib"
SNF-177,6,c16a9d505a2859eb7a568bde8be57f82c755a0aedb070eb27295a1084ba7a71e,778bfecce649035b02a7837a168a667343cf1e0aed50ee134e8d50e1d0a4bf8f,CFBA679D-77E7-4CCC-B1F2-BEE71491256B,"[2,5]","/usr/bin/clang -dynamiclib -O0 -fno-common provider_6.c provider_2.dylib provider_5.dylib -Wl,-install_name,@loader_path/provider_6.dylib -o provider_6.dylib"
SNF-177,7,bb27d789e283933697b33222a3dd4ece046358f4d964ba981565b0925382c7a5,6f8f2aaf9d53ecfeaa44c7bf27e147dc687d33a6b6e7b4891fc4e06b86272e20,18253C7C-C115-4C6C-8A4A-EDC8D93FE6B3,[4],"/usr/bin/clang -dynamiclib -O0 -fno-common provider_7.c provider_4.dylib -Wl,-install_name,@loader_path/provider_7.dylib -o provider_7.dylib"
SNF-178,0,9d0030dbd45788687fce0ac18acd705cb4d3573668eebae6fd3376fbfc090746,24ab3e272e845b4e0146def9c94582f5a47160ae55743428383c2965d073cfbd,971C82C0-A72E-4166-8D04-3A40EDB572AF,[],"/usr/bin/clang -dynamiclib -O0 -fno-common provider_0.c -Wl,-install_name,@loader_path/provider_0.dylib -o provider_0.dylib"
SNF-178,1,cb69525eadaa393ef5ea060b9e65c09f968c9440719dd4a12f223c4c84ca3c81,65e72a7e57785379c4b90cdb5eccd233208916c87a1d186621a24f45c7a8ddf6,BBB7961B-DE8F-4262-9973-A40D6136A5A2,[0],"/usr/bin/clang -dynamiclib -O0 -fno-common provider_1.c provider_0.dylib -Wl,-install_name,@loader_path/provider_1.dylib -o provider_1.dylib"
SNF-178,2,f72e069623ec4348b00ef48a3a3afdaca39468b12a83a2338ec099b14720c0cf,b6f1199f59bbd14d720d766ca3ab0f99b103af6b6aa33fff1b0f441b965a0b1d,942CEEA7-E7A5-478E-8F21-D43414667112,[0],"/usr/bin/clang -dynamiclib -O0 -fno-common provider_2.c provider_0.dylib -Wl,-install_name,@loader_path/provider_2.dylib -o provider_2.dylib"
SNF-178,3,74fb0068882c09f6672350e0da48d0d136f592141ac5f0ca11038afdddc0a17d,87c2a3110126681436396804b03e51d5f72a30d36da2647bccbebb7920484a54,565C6590-0454-4540-BBFF-319B0B3AFF2E,[2],"/usr/bin/clang -dynamiclib -O0 -fno-common provider_3.c provider_2.dylib -Wl,-install_name,@loader_path/provider_3.dylib -o provider_3.dylib"
SNF-178,4,be4a7047be2a53c7335fa1c84ec61b7347952a103c95e33ed56211d90a978ed2,03d573ecffda7010948edcd2b34694ee45247b7a68a32831359812c2fdbb1ba2,84DCF9B0-F33C-48D4-AD4A-7AB2B6EEC9D1,[1],"/usr/bin/clang -dynamiclib -O0 -fno-common provider_4.c provider_1.dylib -Wl,-install_name,@loader_path/provider_4.dylib -o provider_4.dylib"
SNF-178,5,8261f91d4461a0076e08fae600c983da12c168e7f5cf7e484b213a6b29014d85,d2913a63859552cdb9944535f8c2171e4d7cab1ec3e993cc38cf2c9e2a2fbf13,5CFFA018-D706-46BF-B5E7-29D305CAEEA6,[0],"/usr/bin/clang -dynamiclib -O0 -fno-common provider_5.c provider_0.dylib -Wl,-install_name,@loader_path/provider_5.dylib -o provider_5.dylib"
SNF-178,6,4a0346fd567a246a9ffaf1a8d29ace50126613a59206d201fcbfe73fd07f7fdd,42e206c2b34041e659b6bd14cdb852ca8715749d53a21e3b4244314ba65e16d6,13786A6F-9516-465E-BA7E-025BFBB95782,"[0,5]","/usr/bin/clang -dynamiclib -O0 -fno-common provider_6.c provider_0.dylib provider_5.dylib -Wl,-install_name,@loader_path/provider_6.dylib -o provider_6.dylib"
SNF-178,7,55b2cfe6a0827ca5902714810f8ab5736cd9dae6270154f4dbc7c70d3ef19853,4e170f16cefe848a7796acf8f5b1e9b5d17e893b7168badaf157bcac91ecb34f,0D5B2E02-ED85-45B2-B72B-08FE9549034E,"[3,4]","/usr/bin/clang -dynamiclib -O0 -fno-common provider_7.c provider_3.dylib provider_4.dylib -Wl,-install_name,@loader_path/provider_7.dylib -o provider_7.dylib"
SNF-179,0,19e6512b5f0b9c713f7a74b1834804749e0337b57be6d87e8c97e2cce0772827,c2912c8972f7127b64f6e7ec2c071be0cf7e58c9c218c74a141469e0090393cd,6B0A4D60-73ED-46CF-9C11-AE6D0FAFAC4A,[],"/usr/bin/clang -dynamiclib -O0 -fno-common provider_0.c -Wl,-install_name,@loader_path/provider_0.dylib -o provider_0.dylib"
SNF-179,1,fcbf25987581bb1181c96b0292bd5b407cebba3bcc6f833dffc70b194ffcf2b1,f31dfecc9c427aa8297d38121a55e2ce881d1a71cb03d75b78ea8f342f5acfd3,4029CC22-3238-43A6-9EE5-224B79DFBE05,[],"/usr/bin/clang -dynamiclib -O0 -fno-common provider_1.c -Wl,-install_name,@loader_path/provider_1.dylib -o provider_1.dylib"
SNF-179,2,aeb7d4a4dc5788622752466cb12c0414847529032568cc0494b3b34b21fe2efa,aafbb1bf6fcc67e638ce45bbc9f97dc463f8820442e500924285061fc561a50c,74666901-5CB9-4DB0-A605-0E1ECEE65A5F,"[0,1]","/usr/bin/clang -dynamiclib -O0 -fno-common provider_2.c provider_0.dylib provider_1.dylib -Wl,-install_name,@loader_path/provider_2.dylib -o provider_2.dylib"
SNF-179,3,557beb33151113e566dd1cea126e01bcf693157e66c73c2d759ad87b01cb21cf,26322d842c50dacf4d5425ca68f2d9ad852a0a5aff7f8631043d3cdacf82560e,D21169F7-2DED-442E-AE6A-2B2E2EA47486,[1],"/usr/bin/clang -dynamiclib -O0 -fno-common provider_3.c provider_1.dylib -Wl,-install_name,@loader_path/provider_3.dylib -o provider_3.dylib"
SNF-179,4,6cfbcd3a8415e0c7b06888f5c818f95709f4a98e531bc630b817498c05b91127,b0d6f3187438a9c3c31738fc11aeff269ef00c5ff76b3a61bb85a573259d1c95,AAD8DDCC-C864-4A60-8070-3582A334044A,[2],"/usr/bin/clang -dynamiclib -O0 -fno-common provider_4.c provider_2.dylib -Wl,-install_name,@loader_path/provider_4.dylib -o provider_4.dylib"
SNF-179,5,1b31b8b8c790cc27ffb666ebfde54a431bb676cb146d021e92adb77ef968829e,c68dc6de0e041e1f703ebe20423c1902d89d9d96d08b1467acbebbb0efd55089,5E764FFE-2B78-4116-933E-0C88DD2C61FD,[],"/usr/bin/clang -dynamiclib -O0 -fno-common provider_5.c -Wl,-install_name,@loader_path/provider_5.dylib -o provider_5.dylib"
SNF-179,6,b8937bf74efca61a9a50e185287cc22e571722fb8ecf528a69b4ec5664084f13,d923221305d0d3c3590f6ab5eae797099f665a9bedf5f9e498554f08d94b6b1c,536B5131-558A-4546-BB65-133F36C5EA1F,"[0,2]","/usr/bin/clang -dynamiclib -O0 -fno-common provider_6.c provider_0.dylib provider_2.dylib -Wl,-install_name,@loader_path/provider_6.dylib -o provider_6.dylib"
SNF-179,7,64663a588b4d07ac38858ce788101f0b1431b0bda737641adcb59b41ff653ba3,f35ab818fba0def001d7d94f071321d3229721438808cfd82b06750c550c5fed,3D4A030B-3DBA-44D3-85DA-EA03DFF3C98F,[],"/usr/bin/clang -dynamiclib -O0 -fno-common provider_7.c -Wl,-install_name,@loader_path/provider_7.dylib -o provider_7.dylib"
SNF-180,0,1b67b210468dc9ceab210e155e3c9d7f92920669ab3cf473a48883215b92ac14,dd6b492b5b93a1cc6b82ae3948dc95b0ebe70af1797a9e141d05413a374a12d2,458E1DE2-6743-4FE6-90A3-2B383B8FC10C,[],"/usr/bin/clang -dynamiclib -O0 -fno-common provider_0.c -Wl,-install_name,@loader_path/provider_0.dylib -o provider_0.dylib"
SNF-180,1,41ea561e561ed479cd97de400d9d11ca2ba3e20369d24b2b5dde64d728b44d12,329a10788070c170a168b27f4ce1c6f7cdf56b798cd8dedbdc2f8aa6c557e5ed,1E93F061-38B9-4E85-B8FF-3F3905AA4BC2,[0],"/usr/bin/clang -dynamiclib -O0 -fno-common provider_1.c provider_0.dylib -Wl,-install_name,@loader_path/provider_1.dylib -o provider_1.dylib"
SNF-180,2,b06e08dbd7a1e583b5fce62aacaa5c9507778ab5126a1cd17a6c705bf83bac3b,497addeec81d0d1116b02f559d8f7b791adc9358bfccc642641d72548865c2a3,3264AC24-1D5C-42E8-A1D5-1A3658FC71BF,"[0,1]","/usr/bin/clang -dynamiclib -O0 -fno-common provider_2.c provider_0.dylib provider_1.dylib -Wl,-install_name,@loader_path/provider_2.dylib -o provider_2.dylib"
SNF-180,3,7ea308cb407e1ea77f80de8a2214c7597115e7a3a3565dea4b690ba3a1f53412,5c3e3f71d7b301d21f506f76f8b2dfba7c21f91bcd10882243c2915d23826333,692F9365-B54A-4B03-9DC9-08FA5B0233F6,[2],"/usr/bin/clang -dynamiclib -O0 -fno-common provider_3.c provider_2.dylib -Wl,-install_name,@loader_path/provider_3.dylib -o provider_3.dylib"
SNF-180,4,f9b2f6eddc104ba2d19208162c9046c44d0ed9bc304659663acb9f1ddbd76773,e67fb11c920779fce7cc020a6183d1d99f67708e494969dcaa3448a7d680b2d1,917C73DC-2B2D-4C3F-B3E9-49DB6D982E18,"[0,1]","/usr/bin/clang -dynamiclib -O0 -fno-common provider_4.c provider_0.dylib provider_1.dylib -Wl,-install_name,@loader_path/provider_4.dylib -o provider_4.dylib"
SNF-180,5,e3ca2cae25d7c11ee2ceb6cc8155187514e55db3a78c52e133fd85f8b603cdb9,b18aa6a1754a47667acbbdcecea97d44bd0312e7c1a11038da62644e16ea9f24,AA678532-7ABE-49F0-BE89-65DE9CBD63EC,[3],"/usr/bin/clang -dynamiclib -O0 -fno-common provider_5.c provider_3.dylib -Wl,-install_name,@loader_path/provider_5.dylib -o provider_5.dylib"
SNF-180,6,1f298df484e282463d517052fcc837e24292186d98b6b7a666bc6e1f1df3561e,b989e6d882e877846aaefe262c1a3f77f8dcca5625619b12dfed243f53ef585e,857B3244-0299-484C-9649-B22981B54BCC,[],"/usr/bin/clang -dynamiclib -O0 -fno-common provider_6.c -Wl,-install_name,@loader_path/provider_6.dylib -o provider_6.dylib"
SNF-180,7,eeae1a03308a5c2dacc54eeb6727bc6bd92b12bbc2c7f69dca3ea6155b61a479,00b44c22d54a933ffdf26a17297a064bebfe58ec8d2db39c25b0b505f2c0d8dc,23B5958C-C03F-48FC-A516-37E7E1D4642A,"[4,5]","/usr/bin/clang -dynamiclib -O0 -fno-common provider_7.c provider_4.dylib provider_5.dylib -Wl,-install_name,@loader_path/provider_7.dylib -o provider_7.dylib"
SNF-181,0,7412fbba7a5cb3dfb88577683aae72dea9f88ce03826d82f83acf9e4f85f4e9d,562c6a04e9284f4713c39d888d90433e3b84c0cdb58205271c6230bc483a002e,A36E8BD3-474E-458A-B02F-E4099A8DEE5E,[],"/usr/bin/clang -dynamiclib -O0 -fno-common provider_0.c -Wl,-install_name,@loader_path/provider_0.dylib -o provider_0.dylib"
SNF-181,1,5e9c280da706cdc30d4e944fdf6e9bd496f56b5f283eb791cfe3d7187451a6a2,977bde4a566fe4db17cfeba6640dc085994da9bfe3ac29985fdd160ef9a7ebfa,14C17338-BAB1-45DC-A58B-FB73AE56ABCE,[0],"/usr/bin/clang -dynamiclib -O0 -fno-common provider_1.c provider_0.dylib -Wl,-install_name,@loader_path/provider_1.dylib -o provider_1.dylib"
SNF-181,2,fb1c1c8107ddec8ad61a85480212333fc103ea903149278f7fc345d693f72f7e,2ac13ade321549c43678361ccc2e06365990aae156ac2903a7c777c201102988,62BFF9D9-F944-4AD7-B286-03880E2D14BF,"[0,1]","/usr/bin/clang -dynamiclib -O0 -fno-common provider_2.c provider_0.dylib provider_1.dylib -Wl,-install_name,@loader_path/provider_2.dylib -o provider_2.dylib"
SNF-181,3,4e3e6acc70e2f38cf3f897e22dd70372c9a550e329a44322fcc639731a0ce8c1,2d2dd274e3a83d05079f682cbd413d91466f464a477dc2945c484de09921b844,A986D5EE-94B8-47B3-8CCC-E3D71BDE4D0C,"[0,1]","/usr/bin/clang -dynamiclib -O0 -fno-common provider_3.c provider_0.dylib provider_1.dylib -Wl,-install_name,@loader_path/provider_3.dylib -o provider_3.dylib"
SNF-181,4,5a01e811589fc11d6c2060145ca802ee6b1e1d02688315d8047346ef9af0ec10,aae3d9117f43df5c277c512a22fe1c273b2c043b7dd5890ffa2f8cc8d0e90ea4,BDCC6439-EDF1-42E8-A371-23A2A69123A0,[0],"/usr/bin/clang -dynamiclib -O0 -fno-common provider_4.c provider_0.dylib -Wl,-install_name,@loader_path/provider_4.dylib -o provider_4.dylib"
SNF-181,5,4ae1e4e23359c6b67b80290863c37052dfbb5b40548fa1e94ed169f5fc357f0b,ad6e0daf364b092e4e773807d0bf4812e80069b3facdcf1dec578ee4849fc1ec,718B0BBF-B7EE-4191-AA1A-5F9E020274AA,[2],"/usr/bin/clang -dynamiclib -O0 -fno-common provider_5.c provider_2.dylib -Wl,-install_name,@loader_path/provider_5.dylib -o provider_5.dylib"
SNF-181,6,2c8850573c907511fa0326d2abe03f3d159e7982be4f0a2df9143191d7897d0d,6fbac953ab1ae6c68fd9660243ef4d0d549a9216eed1b8da75bd1ed56643fb9b,D8327044-8423-4692-92FA-39E8113C08E3,[],"/usr/bin/clang -dynamiclib -O0 -fno-common provider_6.c -Wl,-install_name,@loader_path/provider_6.dylib -o provider_6.dylib"
SNF-181,7,1829e7fe048e11c86557b0f58dd1f2110f82a0aa6cde46789df15994aa03b59d,761fd9cce45e755e0af823e210557310eb461705af0cf21fc29dbe93b1e31111,DDFA52ED-07ED-4886-9685-AB3558219581,"[0,4]","/usr/bin/clang -dynamiclib -O0 -fno-common provider_7.c provider_0.dylib provider_4.dylib -Wl,-install_name,@loader_path/provider_7.dylib -o provider_7.dylib"
SNF-182,0,a58fbe7f0ef1e0f694667ed3327a40c2120f4c1b3d8b03a353c408d9418b6636,fa919c3df9bb5704fb55a562212d07bfc9749319150a551d98908550725dc7c7,A2F6B913-0656-4D69-896B-FA934EC93A00,[],"/usr/bin/clang -dynamiclib -O0 -fno-common provider_0.c -Wl,-install_name,@loader_path/provider_0.dylib -o provider_0.dylib"
SNF-182,1,c778a19a426681ca4601c6f2cec34220a99c8ecb1c4b9b2103d98b296767204a,e833b6a27d47e674575c2f904ea93c023087948ddf48d735ed1aa0fbeb2013bb,F630B55F-8612-4171-99AE-468D8626CA9E,[0],"/usr/bin/clang -dynamiclib -O0 -fno-common provider_1.c provider_0.dylib -Wl,-install_name,@loader_path/provider_1.dylib -o provider_1.dylib"
SNF-182,2,0f03ac6f1b94455965eff3401f3e35159a71612e6482352a3d67438bbedbbdde,44459c219c9f850884e7c4392d3343f1832d7968ce92f9b253953e3a6015d11a,2F8E2EFA-E265-4DA4-9644-90B473E94CEB,[],"/usr/bin/clang -dynamiclib -O0 -fno-common provider_2.c -Wl,-install_name,@loader_path/provider_2.dylib -o provider_2.dylib"
SNF-182,3,3ff81bc91a171bd5f8b300eccd029c29e0e14040772f629570b75dac668ca688,bc52154972b40d8ffcb3b6e982ea0f4072db54c7d40cb035d0015333de14b8a3,E0220641-5D96-4ABA-BB49-5203987052A9,[2],"/usr/bin/clang -dynamiclib -O0 -fno-common provider_3.c provider_2.dylib -Wl,-install_name,@loader_path/provider_3.dylib -o provider_3.dylib"
SNF-182,4,2ad20ef8b1af184af50ff280a1154bc269ff1d9e9c171edf15c10a7c2aea56c1,2a639c4854fe1a6070f7ba4e1fe9a08705c3321fb82f925ae2baaebfc13396c0,F1BA3AEC-D2B0-4BD0-B590-6698A07BFAC3,"[1,2]","/usr/bin/clang -dynamiclib -O0 -fno-common provider_4.c provider_1.dylib provider_2.dylib -Wl,-install_name,@loader_path/provider_4.dylib -o provider_4.dylib"
SNF-182,5,00872bf23e8a8b2128ff353ab69b4a078f25a2b41d8e2bfac8489a3399f62279,51a6ffc68e8c44b5f5ba5fa746598eb8aa33b246422fdf3fb581521ae44a616f,C084C5D7-5C29-4C1E-94F5-92CEC69092A5,[1],"/usr/bin/clang -dynamiclib -O0 -fno-common provider_5.c provider_1.dylib -Wl,-install_name,@loader_path/provider_5.dylib -o provider_5.dylib"
SNF-182,6,79375f124941943cb0172a4d1a10193830fafb26d603175ccbac467d05355927,b288b9f09a55c13a56512a1c9ee98812d295878c9cae20b9b52b4fd223894288,46000D35-AD54-4769-AECD-F183F8BCE9B0,"[2,4]","/usr/bin/clang -dynamiclib -O0 -fno-common provider_6.c provider_2.dylib provider_4.dylib -Wl,-install_name,@loader_path/provider_6.dylib -o provider_6.dylib"
SNF-182,7,2c8f433fd903a03f285c872daf8b5bec41b054a5aec1f0b1bf78de608f311311,2f29fd34179314ae8f506bd7d13687a1750db4c37fd283b39ed01da27df4aeea,35CB71DE-64C4-46E9-AFEC-2A92762805F5,[4],"/usr/bin/clang -dynamiclib -O0 -fno-common provider_7.c provider_4.dylib -Wl,-install_name,@loader_path/provider_7.dylib -o provider_7.dylib"
SNF-183,0,6bc286c51b047d0c7f28066bf370faccf71a3f4ba556bf27496f8b1ec0d25420,ca31143fb3db802e253876cb022e437c161ec16006276da179512271336123f3,B9B0C2C8-8EB3-4EDB-AA60-5E75EC37AA20,[],"/usr/bin/clang -dynamiclib -O0 -fno-common provider_0.c -Wl,-install_name,@loader_path/provider_0.dylib -o provider_0.dylib"
SNF-183,1,2ddb227cc7ca68071bef1e36d07ec9a38c55dbce4ca2cfac579252b342c4d192,3c72cb5748d37c44ae9080fb6307066b5d5b5e2872b2d0db32decec0f961ed93,1CE218A2-2AF8-4CFF-A330-BC4173C3CC42,[0],"/usr/bin/clang -dynamiclib -O0 -fno-common provider_1.c provider_0.dylib -Wl,-install_name,@loader_path/provider_1.dylib -o provider_1.dylib"
SNF-183,2,077da7db5a4ca0541b7f6a10c17f1c5a71754aaf23b982f26a86f6ccd154537f,c3d248ae79574830b10e1d29b970855f8d7fb7de5f009f23c57aa0d5578093dc,246E2BAC-D0BF-40A7-8FC5-D945AFBB1E35,[],"/usr/bin/clang -dynamiclib -O0 -fno-common provider_2.c -Wl,-install_name,@loader_path/provider_2.dylib -o provider_2.dylib"
SNF-183,3,a4b7093b4700c86b31220fb60dc619f4d8afbd8fa6bd9aa0f85cf7a6a815226b,47f052d889f69adf74cb408d3b61d746262019db8f6704800054d1b0c0efe038,16820B21-01BD-46CD-80D1-BAA8C68DBA9A,[1],"/usr/bin/clang -dynamiclib -O0 -fno-common provider_3.c provider_1.dylib -Wl,-install_name,@loader_path/provider_3.dylib -o provider_3.dylib"
SNF-183,4,ae7ddfa80078647833220249bfbd70df39b69c871b15647c5b7236847c8d67ba,a590df58b7da4cf7e6a4d90cdeb2d5fcbe74cf06671db23df8ca92f54c11b990,BBCD7630-664B-4193-8925-6B342FFBA8ED,"[0,2]","/usr/bin/clang -dynamiclib -O0 -fno-common provider_4.c provider_0.dylib provider_2.dylib -Wl,-install_name,@loader_path/provider_4.dylib -o provider_4.dylib"
SNF-183,5,ecb3cb2f1086113598bb0edcd8444bd98af29dd5af40ef99ff7e023b1380b2d9,118cf4476c2136806f35e3d21199ea20e5ec1e284fcc6f5f834344d43ecc9034,32F20857-1C47-4E67-BCCA-3CF14AAFDA00,[],"/usr/bin/clang -dynamiclib -O0 -fno-common provider_5.c -Wl,-install_name,@loader_path/provider_5.dylib -o provider_5.dylib"
SNF-183,6,b488623717774e95e0cab24a89351043d63d35f2106379ade693519582fe641b,65497f6be0a6d9ecfb2e202276ac48bf79228e54d8a28de9a197ea2e59ba88be,92763EEB-9E6D-4BFB-A6D5-233ABD65CECB,"[0,4]","/usr/bin/clang -dynamiclib -O0 -fno-common provider_6.c provider_0.dylib provider_4.dylib -Wl,-install_name,@loader_path/provider_6.dylib -o provider_6.dylib"
SNF-183,7,67fb71bfc5cddef15062ef6055a57536590e0b217e5ab6fefa4a05e3be27c72e,080ac1dac6e443a56e631eb113d83bfc654c84558a903a6a20e410f461b5a175,341D6150-C357-4E14-B5B3-F44252A28C45,[],"/usr/bin/clang -dynamiclib -O0 -fno-common provider_7.c -Wl,-install_name,@loader_path/provider_7.dylib -o provider_7.dylib"
SNF-184,0,217ca5bf5cbaccd03c37b40e9a81f7d629015cd4d2b407ae839282bcc66cfcb9,540c32025b64b96b2638e3b824c0be3a9e075a4ecd12688077a4098c79146ef7,248F5BC8-1848-4310-9F00-71123E4FB9CD,[],"/usr/bin/clang -dynamiclib -O0 -fno-common provider_0.c -Wl,-install_name,@loader_path/provider_0.dylib -o provider_0.dylib"
SNF-184,1,626c4bebb0c1c03ff95cb36a8ef6eee4ca559c62ed8c241130220b48607d4f68,ef1f477ca68c927ca4399cd77cf5ab073b9be3d5dbdaf7a97c1e00f20d3554ce,823691E5-44F6-48C8-91AA-2B321558D0C1,[0],"/usr/bin/clang -dynamiclib -O0 -fno-common provider_1.c provider_0.dylib -Wl,-install_name,@loader_path/provider_1.dylib -o provider_1.dylib"
SNF-184,2,6e5386fdb1d768bc7e5d333cae42ba5710fedb295d8bcc166ea0477a478ebf5a,db14d9afeea405ae025327ae831735c4b6b2fc016e0457fac35f7a9b79845e92,00C7EE9E-8FF5-40A0-9CE6-DEA66E45BF14,[1],"/usr/bin/clang -dynamiclib -O0 -fno-common provider_2.c provider_1.dylib -Wl,-install_name,@loader_path/provider_2.dylib -o provider_2.dylib"
SNF-184,3,eddc6255b27cb3f68255e2dab5aae2f610819e40fbee339e81c6a26d8d7abf62,6ec8a35b585929e4a80c04432919badc5979c72d0226e5446bd63899bfc51202,5D24C090-06BA-408A-9C90-9FA326C304E5,[2],"/usr/bin/clang -dynamiclib -O0 -fno-common provider_3.c provider_2.dylib -Wl,-install_name,@loader_path/provider_3.dylib -o provider_3.dylib"
SNF-184,4,62aba85273881cc9c8f7a34203dbc89234f42bd3cd471148c553692873d9e675,e2f5b134937e7694de95f17135483ebbd4d5f9e5ca1fb97a8cca2e4732210d47,27C50A1E-AF78-46DC-8EC5-65978DA7FEC3,[],"/usr/bin/clang -dynamiclib -O0 -fno-common provider_4.c -Wl,-install_name,@loader_path/provider_4.dylib -o provider_4.dylib"
SNF-184,5,49343c7291bca7bb210eb7a9814d7e4de4288a1a315d2c5f64cc7b35b5205280,ceaa81c1f6dc64ec659b55e2d64b8f468be26fe2c77b135fbca88cd758eab485,2EF85D31-9623-4659-A35C-3DAF1BADB567,[1],"/usr/bin/clang -dynamiclib -O0 -fno-common provider_5.c provider_1.dylib -Wl,-install_name,@loader_path/provider_5.dylib -o provider_5.dylib"
SNF-184,6,70a2d518de99d5f2aac2c000b0340195f18bc6869442e717f20aa056434f4ff7,ed1deca0531438ccf058bbfb9cb872d2e21a669000f02f9c29dd9bf350619f6c,085F836C-9710-4FA3-954D-E20003518CC3,"[1,2]","/usr/bin/clang -dynamiclib -O0 -fno-common provider_6.c provider_1.dylib provider_2.dylib -Wl,-install_name,@loader_path/provider_6.dylib -o provider_6.dylib"
SNF-184,7,e2ac80e441bd8939cc0901c14f70043bb0ef795f627c7c1e60afd62f9ea3ddc3,9e618537c84e9b8573874b07197fa5e5e0da804d1249e580ae7dbc68b10182ab,BA2D6EA7-57FC-434C-85C9-1FA7BE811D06,[2],"/usr/bin/clang -dynamiclib -O0 -fno-common provider_7.c provider_2.dylib -Wl,-install_name,@loader_path/provider_7.dylib -o provider_7.dylib"
SNF-185,0,8426e0a513b03d2141d10fb6b1925c46d449aa3c9506455981dabc82de6d4193,6e299075bac62813416e06bbe9a07fdc7d9eb77977d8ea532f3a28be70dd1861,7F41D62A-24CA-4138-AD3A-9841B0BE3703,[],"/usr/bin/clang -dynamiclib -O0 -fno-common provider_0.c -Wl,-install_name,@loader_path/provider_0.dylib -o provider_0.dylib"
SNF-185,1,885c7bd231282ab6ed600f2c5ad704eab9ecf937204a5328ae3f2ab797f23c8d,b77739b1fdca674aec5c185516f684a59a0ac67da60ad2474a37e919e66087e3,0846FB18-EC71-4476-A233-556D218B1434,[0],"/usr/bin/clang -dynamiclib -O0 -fno-common provider_1.c provider_0.dylib -Wl,-install_name,@loader_path/provider_1.dylib -o provider_1.dylib"
SNF-185,2,b08d0bf0e7eff6280426283fd45cd158155ef6a7ed6e0870d127c07c1b31e343,6c4ab2b7478bb703efa4c090173f08c0672cce8861e1c16549d801c1dfd162fb,76687801-2516-4B03-8A9D-CB2499EFFA17,[0],"/usr/bin/clang -dynamiclib -O0 -fno-common provider_2.c provider_0.dylib -Wl,-install_name,@loader_path/provider_2.dylib -o provider_2.dylib"
SNF-185,3,96711cb1bef704eed234e1279e8023c6fc2f845a687e7afea49627891f3bd160,63632d5e496b8f6705b9bb72a2205dc00cc9d6b2398af9118b8af68c5adcd87f,102287C4-5F00-42E6-943C-F6613E22DF83,[1],"/usr/bin/clang -dynamiclib -O0 -fno-common provider_3.c provider_1.dylib -Wl,-install_name,@loader_path/provider_3.dylib -o provider_3.dylib"
SNF-185,4,ab2e37fc5086f7df1b6de13958bd44eeaadcc1beada42e0e02130502155893d6,eb81b9b0cad71b57770a44e4e33061579e67831280ae78ef59aa2572851f020c,5536B62B-1CF6-4BCA-B466-DFEE59A4FD00,[],"/usr/bin/clang -dynamiclib -O0 -fno-common provider_4.c -Wl,-install_name,@loader_path/provider_4.dylib -o provider_4.dylib"
SNF-185,5,9b30a866748173f9a07daf3d9494727cdb791344c93b5041ffbb71b26f0264a9,476a5a86d3b3d15544d55b493911308cf44e4832d0b5b7e228655899d2116912,E33DCAF0-FE88-4B31-8F63-47BEA1C57AE5,[1],"/usr/bin/clang -dynamiclib -O0 -fno-common provider_5.c provider_1.dylib -Wl,-install_name,@loader_path/provider_5.dylib -o provider_5.dylib"
SNF-185,6,fc1599d4123ae7de2e10e33bb5cdcfcd79f6a37a7883b32ab1b1afc087b63c7a,324e03c1597a94602712099e51274060d3cd6f2f5bfb044db17418534a46f512,A99E2B3F-128C-4D8A-B238-1E3DFACF9882,[3],"/usr/bin/clang -dynamiclib -O0 -fno-common provider_6.c provider_3.dylib -Wl,-install_name,@loader_path/provider_6.dylib -o provider_6.dylib"
SNF-185,7,e2287b1dbedd3eaa53da6038687b82a6b97e5899640cea021705d772eced9a32,14a7590af269a23dd2f0c73a6669148a22d732fd3b32a1dcac790b7e3e8d539b,26BE8F75-9546-4FB0-B51C-9964ED64624C,"[2,6]","/usr/bin/clang -dynamiclib -O0 -fno-common provider_7.c provider_2.dylib provider_6.dylib -Wl,-install_name,@loader_path/provider_7.dylib -o provider_7.dylib"
SNF-186,0,2db5294772948b8e3b305d50a28f46276893b273d877a94085ae1f2ed5e7056a,2aa0c9ba4b3eab9b86dd01f9397816920f5ae9b03211872547d54579792733bb,2E40E22E-5F2D-44F6-8E1B-E0225D6B7049,[],"/usr/bin/clang -dynamiclib -O0 -fno-common provider_0.c -Wl,-install_name,@loader_path/provider_0.dylib -o provider_0.dylib"
SNF-186,1,a6907b8024f396ea2016f80eb2eb588410628439ba9eff2a248e9d496d61a013,da0e1b2a3850eaaf94d91027b136fe11d0a8ba5ab6be7821ea53d72ace52a669,FF16BB59-F53D-4FDA-8C34-FDCB06242E7A,[0],"/usr/bin/clang -dynamiclib -O0 -fno-common provider_1.c provider_0.dylib -Wl,-install_name,@loader_path/provider_1.dylib -o provider_1.dylib"
SNF-186,2,3e95c2fd1b41bff49ee451668607d74aa0f1cc6b307f0af97afb69b46df43942,7ea0411345c4b9c5490ec15401b7550a2dbd9347cfdd073fc881ff496061d86f,0EE8015C-7147-426C-AA0B-A1AB589D4E5F,"[0,1]","/usr/bin/clang -dynamiclib -O0 -fno-common provider_2.c provider_0.dylib provider_1.dylib -Wl,-install_name,@loader_path/provider_2.dylib -o provider_2.dylib"
SNF-186,3,4809c1a1a658c8e4e525b621e5c321a8bda231ceaf794ab4ed6d2917113f4ff7,586f55f637b1386b565e90c033acdd60b8892a47dc7ecdcc337a62126a64435e,538A6956-05C7-417D-B91B-A697B3EB1D73,[1],"/usr/bin/clang -dynamiclib -O0 -fno-common provider_3.c provider_1.dylib -Wl,-install_name,@loader_path/provider_3.dylib -o provider_3.dylib"
SNF-186,4,ffa8cf868535314e377bcf45e025c27f7c939878b984cfbf428a76b057fbf6e9,b1d04eaa64ddd2ddff1d5f22a77cfaa794d4ec0fc526128d7c4a5d79e4ef86e2,05157D94-3B8D-4704-8696-D4ED2D5B62BF,[],"/usr/bin/clang -dynamiclib -O0 -fno-common provider_4.c -Wl,-install_name,@loader_path/provider_4.dylib -o provider_4.dylib"
SNF-186,5,857010763ca7363544198fb4650c08b0baed7e3a805e273ab822c80f457637dd,c3d86c577d6339ef051d2f0a9c97fd7daea1c9da68e8c6405d929a7208b32d06,8E5F5469-2C9E-454D-A241-B70745A9CE37,"[1,2]","/usr/bin/clang -dynamiclib -O0 -fno-common provider_5.c provider_1.dylib provider_2.dylib -Wl,-install_name,@loader_path/provider_5.dylib -o provider_5.dylib"
SNF-186,6,8081dc8e512705d6e37321275b5b0e34fc9a827a9c714eaa5e2c222308111f18,d81193a3204f7e59374250aaa36cc638dc8d0769f427577f2fe43bf3f143f150,95F5B141-3396-48DD-AB2D-4ECFE6B81D63,[3],"/usr/bin/clang -dynamiclib -O0 -fno-common provider_6.c provider_3.dylib -Wl,-install_name,@loader_path/provider_6.dylib -o provider_6.dylib"
SNF-186,7,f09ea213fe0cb0671fc48d300ced3b40919b51f1de98554dc1bb736102047eb2,e11a7f04cf9dad3df94f7bbe465bfd0051230b15684254ba40bf833675c6aef3,B2205425-E681-40D0-8D31-DF1D3F6FFE70,[2],"/usr/bin/clang -dynamiclib -O0 -fno-common provider_7.c provider_2.dylib -Wl,-install_name,@loader_path/provider_7.dylib -o provider_7.dylib"
SNF-187,0,a326c98fba3c14edc26805796d27e706612e7c031685534bed4064d494a14875,ab0bb21be68600ef791c7db1df532d1c8853174a2f1ed72c55ed213f41341b1c,DCD4B1FC-D2F7-486F-A3EE-D505FA147509,[],"/usr/bin/clang -dynamiclib -O0 -fno-common provider_0.c -Wl,-install_name,@loader_path/provider_0.dylib -o provider_0.dylib"
SNF-187,1,fcc81d3f2919783b762b86b5ca213530ef3b4ce2b0956fdc5710312bb758b990,eb571bba24eae6a41e5dd43afb8d8badbfe7fe473961b23148a9c5a018692dfc,B776340B-4CBB-43C4-8F97-73D0EBA947E5,[],"/usr/bin/clang -dynamiclib -O0 -fno-common provider_1.c -Wl,-install_name,@loader_path/provider_1.dylib -o provider_1.dylib"
SNF-187,2,35691267081d9605feb55957ff9eaabe274620d997cda87f650b081b6ad97a84,a1abf4bce886701d34eb0a536a7c2d2922af7efa3da409e316a9eecdcaaabc6f,6844FF96-B667-49D1-93C2-402DBA35ED9D,[],"/usr/bin/clang -dynamiclib -O0 -fno-common provider_2.c -Wl,-install_name,@loader_path/provider_2.dylib -o provider_2.dylib"
SNF-187,3,73ad769e1cca2b8c612d685705f056ecd9908f28f78512c685ba8c7a489e2c94,60a71b90909b32b5eff0e8965c346368bf68e344342826a5ce4ccb7f93a11b45,290561EF-1EF5-4261-BD17-DD676100717A,[0],"/usr/bin/clang -dynamiclib -O0 -fno-common provider_3.c provider_0.dylib -Wl,-install_name,@loader_path/provider_3.dylib -o provider_3.dylib"
SNF-187,4,86185f7a03a0df77894f4b034ed17f4269412c871438cfc3dc8b6e0d7bdcf863,50caf258fd47d7861e1b0a92269f9d935df14dee936f6b5368559e9b342d9fa5,9FE24292-5DAB-4A4F-8A9E-57E25C67E777,[2],"/usr/bin/clang -dynamiclib -O0 -fno-common provider_4.c provider_2.dylib -Wl,-install_name,@loader_path/provider_4.dylib -o provider_4.dylib"
SNF-187,5,a17dd961ee50f09aa44a4d7a8cc65653514d362f7dabc036a9743f5733439daf,fb56886e3a142270d54a6b51ce5c0ffbec5fff5fd5a177a54dbffae40f02f05c,44A0B221-7425-417B-9CA3-9DAAD049424A,[0],"/usr/bin/clang -dynamiclib -O0 -fno-common provider_5.c provider_0.dylib -Wl,-install_name,@loader_path/provider_5.dylib -o provider_5.dylib"
SNF-187,6,8298c320038452a8de07b226973dee53409a97942c87e7f1dd94ccdc13557cc9,c480cc7150184ec307be4a559c49475388abe45cddc3335e8dab6361d6c207ed,03A5D376-7764-45B1-B7EE-86133C2D5ABC,[3],"/usr/bin/clang -dynamiclib -O0 -fno-common provider_6.c provider_3.dylib -Wl,-install_name,@loader_path/provider_6.dylib -o provider_6.dylib"
SNF-187,7,3f0afb94d499d220d5a626033141f45c0df3c7ff46134a684b28fbe63de562cb,861a830322bc7108354be2df8673bd30f298b61f1850036e18fb0a9718b1cbbd,EDC7E852-A124-4619-BB45-4D35295A71AC,[5],"/usr/bin/clang -dynamiclib -O0 -fno-common provider_7.c provider_5.dylib -Wl,-install_name,@loader_path/provider_7.dylib -o provider_7.dylib"
SNF-188,0,03da3ad04b6dd7fe674e44afe84dc5c79619bed6b829914716fb979e7c627351,efef120beb8c6988ef3e580ecad918c72e6c4bc3d26d84632911d77be0f9826d,1B29C494-3B69-4862-9F6A-5392582595A1,[],"/usr/bin/clang -dynamiclib -O0 -fno-common provider_0.c -Wl,-install_name,@loader_path/provider_0.dylib -o provider_0.dylib"
SNF-188,1,de04d336916e050f8169bcfbbddd98a95935a59b816b9b2ecb322f595ad1636c,99d430c3f2d85c3e9df7735e288ad531191bbb3ed99074c70367353760355022,91D001F3-8740-4D3B-B0EA-2634BF84FC00,[],"/usr/bin/clang -dynamiclib -O0 -fno-common provider_1.c -Wl,-install_name,@loader_path/provider_1.dylib -o provider_1.dylib"
SNF-188,2,62b3f7365f5b6de6d62a08b8d682ca61a64935bf6f93a21ac9a17d22c7b17297,7754b6913cf50f5be02994301b852cfcc67e3d010cd98c9e11a7da4aeb7c80f4,2B0E2E12-D5AE-4C7E-94C9-964068E199E4,[0],"/usr/bin/clang -dynamiclib -O0 -fno-common provider_2.c provider_0.dylib -Wl,-install_name,@loader_path/provider_2.dylib -o provider_2.dylib"
SNF-188,3,7951fbf1ad3c314880829e7c28c40e591ed52b2ebd8c9d0971632c527565d3b7,052d7f6c883251852aad136c96ea130da0da1f1e7b9b20e71b1394029909ed78,ACCBE3E8-CBDF-4E33-99A3-6FB2A1562A59,[1],"/usr/bin/clang -dynamiclib -O0 -fno-common provider_3.c provider_1.dylib -Wl,-install_name,@loader_path/provider_3.dylib -o provider_3.dylib"
SNF-188,4,797fb06eb92511e291b30ca03f3b85eb0306b313baa60832cb330f3e2885da74,5013c66992a84e6c35d14307567dce3a9d1795dd1e906e5fea1abe36a0f5b53f,F6675206-91BF-4ED6-A83D-380DD11D7680,"[0,1]","/usr/bin/clang -dynamiclib -O0 -fno-common provider_4.c provider_0.dylib provider_1.dylib -Wl,-install_name,@loader_path/provider_4.dylib -o provider_4.dylib"
SNF-188,5,3c9d5f7e9d588bbb7cedae5c92a5476f340bfa13bc45c9f40fe475be5515bade,914c8c664713cad1293fd670b451d433e018c989163fde8266db867c3e03215a,6E7A41AF-7A89-4770-9789-66A73C241F2F,"[1,4]","/usr/bin/clang -dynamiclib -O0 -fno-common provider_5.c provider_1.dylib provider_4.dylib -Wl,-install_name,@loader_path/provider_5.dylib -o provider_5.dylib"
SNF-188,6,a9c315f6144ed9872e8a9f787d007793abcd614fc7600f6ec1bd28e6e92c2c4e,37b5485ecbeb754b70b623f5205d74a14fc324a1fe7e1fe91d478b986a8a627c,CC5A8699-C946-4155-85C3-8AA55CE3FF6B,[4],"/usr/bin/clang -dynamiclib -O0 -fno-common provider_6.c provider_4.dylib -Wl,-install_name,@loader_path/provider_6.dylib -o provider_6.dylib"
SNF-188,7,6465162188c61a3411aac0cb2caa9142802786075357a65f1d503311453d4ed4,93818e88ff211c9a07541fe28a05e080b77442fcf82c5f10369cde29d9a974d8,5D730E9D-07A6-4E52-AE5A-B9FB43CC07F9,[],"/usr/bin/clang -dynamiclib -O0 -fno-common provider_7.c -Wl,-install_name,@loader_path/provider_7.dylib -o provider_7.dylib"
SNF-189,0,ae56026291d5907dc57ce8aea7e0d62e796ad87e4e73cea95c9144255b7be79e,70fc8b57be684862c11008405659b9761c43993fd2a01d2e984825129df50999,FD1EA5F3-0364-41D0-9F34-3896899794E2,[],"/usr/bin/clang -dynamiclib -O0 -fno-common provider_0.c -Wl,-install_name,@loader_path/provider_0.dylib -o provider_0.dylib"
SNF-189,1,e73215ae6fe08957e31083c0390ea530f1759021d7badcf9847e1a3ea5ecd7b3,e736ab0797f3ca66b8ce3f66eca1b6c818c2db8da87750a0d47b451b6f5051a5,58DB562B-0DD4-4B63-8648-B8E5AF655E03,[0],"/usr/bin/clang -dynamiclib -O0 -fno-common provider_1.c provider_0.dylib -Wl,-install_name,@loader_path/provider_1.dylib -o provider_1.dylib"
SNF-189,2,37dfa1f51c990e9131b82804194d43d3b10305c8cfcf7bfde8fce793bc527578,e676501cf52bf1efdd6df39f940c7a7043c019b7676159267717505e9003a0b1,164BDB40-E1DC-4284-B311-2CAB526913C1,"[0,1]","/usr/bin/clang -dynamiclib -O0 -fno-common provider_2.c provider_0.dylib provider_1.dylib -Wl,-install_name,@loader_path/provider_2.dylib -o provider_2.dylib"
SNF-189,3,6def705c0a4ae18366d8ded74b2e0dc6e0fdfac872ea754e8a2f670750fa8d72,a583dd5111cc8a31943de35bd2e864a340948a8f2cab870a00b789e54d8bd9f5,CEC5145B-EB95-468F-9BC7-B1E8CA244CF7,[1],"/usr/bin/clang -dynamiclib -O0 -fno-common provider_3.c provider_1.dylib -Wl,-install_name,@loader_path/provider_3.dylib -o provider_3.dylib"
SNF-189,4,fc46f5fb6007aa65b7cdbc02f94161ae3bba0f418d2a926df1b83d9929a4a7c0,d83e6aca7321a712b8ca813fd459a636edd0f4defab457375a37e936647a3428,8C808AED-703D-4341-B5D7-7732463F61FC,"[0,2]","/usr/bin/clang -dynamiclib -O0 -fno-common provider_4.c provider_0.dylib provider_2.dylib -Wl,-install_name,@loader_path/provider_4.dylib -o provider_4.dylib"
SNF-189,5,20086c4b0de32e70b818a2d7190fd1790088d0f5de3d3d258f1910075270ac2c,941d4a62a25c639e5205c4455548473f65dceaa8b4f2c082a8b9bc6bbb3bd791,641199F2-5657-4BC5-A38B-ED1CD1DE1059,[2],"/usr/bin/clang -dynamiclib -O0 -fno-common provider_5.c provider_2.dylib -Wl,-install_name,@loader_path/provider_5.dylib -o provider_5.dylib"
SNF-189,6,9f373d834c996f9e9159053e3029044e6e3f3d76cad404f384fc5b460d8e5c6d,f3a637c15b038457592d1a789007ad4b4bd70c014ed387489bc888730c7a49c0,9C41013B-A904-4321-96BF-2D054BDAF018,"[2,3]","/usr/bin/clang -dynamiclib -O0 -fno-common provider_6.c provider_2.dylib provider_3.dylib -Wl,-install_name,@loader_path/provider_6.dylib -o provider_6.dylib"
SNF-189,7,2fb0d6c219439e82e75239c1070bfc90f24e5ad1eb6f009b5d06af3f3a99efd0,eb0a50a067a8c905134975560be692a0217426e9b61a18ee2986a005e1514e04,9D5481D3-7873-4ACC-8D8F-2BD1783EC974,"[1,6]","/usr/bin/clang -dynamiclib -O0 -fno-common provider_7.c provider_1.dylib provider_6.dylib -Wl,-install_name,@loader_path/provider_7.dylib -o provider_7.dylib"
SNF-190,0,d84b4001652f37a4a1b47c22c1e69e67970c6e802d29e71f4b7d6293993bb22f,004db0b40f700a003941591674fda7737b9865c3531baa24effb5086e3c3ca06,1D71395C-03A3-44C3-B526-BA843C509527,[],"/usr/bin/clang -dynamiclib -O0 -fno-common provider_0.c -Wl,-install_name,@loader_path/provider_0.dylib -o provider_0.dylib"
SNF-190,1,5eb441c9a7a257ec605072e70d93035c608d84aa50a7fa38ba7a877c4c5d6b11,3503c10942e4620ea5bfe14824ccfb4f21f466667bec6ed1780af37a6b49e28f,FAB47ECB-7BB2-4DD2-80F0-86AD9FE2AADF,[0],"/usr/bin/clang -dynamiclib -O0 -fno-common provider_1.c provider_0.dylib -Wl,-install_name,@loader_path/provider_1.dylib -o provider_1.dylib"
SNF-190,2,67436a978b4e633a61e3c1427d34e58df9ebce1a2fdeadb7424c3a4452f1c3b7,8c22963f26ab40a5dbdd303b6443c0ab213de471780c0c185f7c6d650d68ae5b,A0A36989-C9F6-4BB8-A005-2138882198F8,[],"/usr/bin/clang -dynamiclib -O0 -fno-common provider_2.c -Wl,-install_name,@loader_path/provider_2.dylib -o provider_2.dylib"
SNF-190,3,efd3f7862d8e85a7096c121e26c7bf8ee25495fc501317f97d488da779315601,319ce2d04db7da80bbc1d4ca7d681196361a5fe0edd5b0e4998e3b4fb4f3b63b,A104EFF0-FB52-4FD2-9C0B-46A2CAE11D1D,[0],"/usr/bin/clang -dynamiclib -O0 -fno-common provider_3.c provider_0.dylib -Wl,-install_name,@loader_path/provider_3.dylib -o provider_3.dylib"
SNF-190,4,a6af49d6fbe66aefef419a4a3f6907adc51371e083ee03531216b5ae6c5c50e4,29976352ae09db4c2b4126a67052c442712304a36579907efa56e09fadf11bb6,FEC34CD6-707C-40A6-A05D-DDCA6BF798A5,[2],"/usr/bin/clang -dynamiclib -O0 -fno-common provider_4.c provider_2.dylib -Wl,-install_name,@loader_path/provider_4.dylib -o provider_4.dylib"
SNF-190,5,965a943725ada1f53c0d3d2775b818a0cb4c652aff8d89e1f5f65d405d91935e,c791514c2da6c8a7decd4a6cd7f27c68c20be18c1309bede832d79916c43a662,018AC7EA-D311-435D-AE65-A33DC6FC11EB,"[1,2]","/usr/bin/clang -dynamiclib -O0 -fno-common provider_5.c provider_1.dylib provider_2.dylib -Wl,-install_name,@loader_path/provider_5.dylib -o provider_5.dylib"
SNF-190,6,1300b7b1f9aa37e48da9feaebe94b4ca017441d53cefdd94edca73dc51152584,4c79985f8a376ba6ab938ee145858d7c4ed6413675f8a856a33e4b3adc51410a,BE07A742-20FE-4E9A-B9D1-D9539BA4B9EC,"[0,4]","/usr/bin/clang -dynamiclib -O0 -fno-common provider_6.c provider_0.dylib provider_4.dylib -Wl,-install_name,@loader_path/provider_6.dylib -o provider_6.dylib"
SNF-190,7,ac18ff6569a22669c8a996b95edcc25f892e2bc2d8b7154a4b55b9d71ec136c9,a6a57fb043467fdf673c90252da79ef5398a8d781a794671fbd94382b5cd6400,9184EC55-754A-4C63-8D67-5BB8AE817F36,[],"/usr/bin/clang -dynamiclib -O0 -fno-common provider_7.c -Wl,-install_name,@loader_path/provider_7.dylib -o provider_7.dylib"
SNF-191,0,238aed0252745d8a6871e076331372cfd8338c518af56b2cc7a7e5e20f6be126,423fef2d44f1dd6265a063ce103b6499cb6aa888b77dabcbd48bcf39664ea99a,72432401-1F83-400F-8587-D748B406A8DA,[],"/usr/bin/clang -dynamiclib -O0 -fno-common provider_0.c -Wl,-install_name,@loader_path/provider_0.dylib -o provider_0.dylib"
SNF-191,1,02ee53f8576931ab3a1d02302366ca3510bb5ef642c8d7dbcbd554115707a91a,0c27c6257c984e4893ef21ca3bd37019f04f6db2952141d72099c9bb78b7d23b,1516BFEB-5CC4-4119-91AB-5A9EA515BC42,[],"/usr/bin/clang -dynamiclib -O0 -fno-common provider_1.c -Wl,-install_name,@loader_path/provider_1.dylib -o provider_1.dylib"
SNF-191,2,d8f1d3164e3698a882dac72b41e4cc85e76559e5a3bbe1f57aa33f3cf249d777,7c6b31a39f6e2ff678fc89845ee05649b32c6c50ca96a71a0d666961d8ec2ed2,5357A701-2F56-4282-B40C-2F9BFFA0EC83,"[0,1]","/usr/bin/clang -dynamiclib -O0 -fno-common provider_2.c provider_0.dylib provider_1.dylib -Wl,-install_name,@loader_path/provider_2.dylib -o provider_2.dylib"
SNF-191,3,fa6fddbaf2206046e234df54f2785320395cda05732a4cfacfaa6f1503aa2ac8,ee3ca1ed823bd44237edffdf2cdc0fe7db1dd2884f5c9f0f831c5c53e82ff9b7,6F26544E-2B79-4AFF-A5C0-12DE5E9132FE,"[0,2]","/usr/bin/clang -dynamiclib -O0 -fno-common provider_3.c provider_0.dylib provider_2.dylib -Wl,-install_name,@loader_path/provider_3.dylib -o provider_3.dylib"
SNF-191,4,c4aacaf55883d1c44cd012f7590ba67b99718e00ee07b4ef58e9892087a0f278,dc992fe436fb0ffa849d26ca823c1df43c715f09f1d5b16516eb1c7141ae707a,EDBD30CF-DBA6-4F03-8EF0-37384D067DE7,[2],"/usr/bin/clang -dynamiclib -O0 -fno-common provider_4.c provider_2.dylib -Wl,-install_name,@loader_path/provider_4.dylib -o provider_4.dylib"
SNF-191,5,3743003d2d3a6c8f328bf1d17286c4015005fa00ef9e3241de006083dbeb9ac2,54ff0939b69249304b1e52c8aad4eaa2eeddf8a4e61e823aeb9a02429e00180f,FAC0AE76-9ECD-4A68-9434-CCF0F9CBC5BF,[0],"/usr/bin/clang -dynamiclib -O0 -fno-common provider_5.c provider_0.dylib -Wl,-install_name,@loader_path/provider_5.dylib -o provider_5.dylib"
SNF-191,6,c2e3d444ab661e44e61ae168b844d0971aebc3489a3b90a4312248bc0c65524b,3e7b4af5566eb64b35006f28cb6e1107be94fbe776d38bdb8cf4265ac130729d,23F0477C-8BE7-4B81-AB1D-B8B33E3C52D5,[2],"/usr/bin/clang -dynamiclib -O0 -fno-common provider_6.c provider_2.dylib -Wl,-install_name,@loader_path/provider_6.dylib -o provider_6.dylib"
SNF-191,7,c5d477a2f6232917c0a00dc009e3b436d8919b4e42df251181c1e1fb20cde2bc,80e45d1fb03ae546c831b89d1496c538d0049e5d5f1c0c80b30bf61c3284684c,9A3EBE72-B3BB-4584-A1E8-E9EB20D73AD7,"[0,4]","/usr/bin/clang -dynamiclib -O0 -fno-common provider_7.c provider_0.dylib provider_4.dylib -Wl,-install_name,@loader_path/provider_7.dylib -o provider_7.dylib"
SNF-192,0,030a4588eaa29d49e047eaadf8b10fea809dbf3ec0a556313205d163e91ecfaf,92d80ebc8dba5ff3b6eab955eed2a02f9fb59545b9b92ef4df05446ecf3848c4,876A9E50-9E39-478D-BB39-C2C47E44DA1F,[],"/usr/bin/clang -dynamiclib -O0 -fno-common provider_0.c -Wl,-install_name,@loader_path/provider_0.dylib -o provider_0.dylib"
SNF-192,1,5733b5bb11c9d666dbd0bb7e2202978dd946e3700e06e05ec0ebfd7dece77fd0,be240f0b48908bfd08743190b90f9d48a93d4f8f42ef9e3da87957206a1a59a7,CF5337DD-A18E-4E36-A63C-DEE8843E25A2,[],"/usr/bin/clang -dynamiclib -O0 -fno-common provider_1.c -Wl,-install_name,@loader_path/provider_1.dylib -o provider_1.dylib"
SNF-192,2,fcb904f1dd2982076df930415c402c18253552130b87ba1b706252dab256298a,deb95f7f2ad725c69ba47c7711be93a45b18c4d5b968d851536b4a9d3f51e173,5E2A0AA3-F688-4F6A-9252-5AE30B8B06EC,[1],"/usr/bin/clang -dynamiclib -O0 -fno-common provider_2.c provider_1.dylib -Wl,-install_name,@loader_path/provider_2.dylib -o provider_2.dylib"
SNF-192,3,ba18602f9dc581798830f2eadd52a4d0c8a50a4105b48614417f77fa6423b34d,66d521f4a95ab9a91f7bc13ef138831a462b2100a2dbabaf16af3b464d3977d4,9A21CD48-5E27-439A-B92B-1224F4BA8847,"[0,2]","/usr/bin/clang -dynamiclib -O0 -fno-common provider_3.c provider_0.dylib provider_2.dylib -Wl,-install_name,@loader_path/provider_3.dylib -o provider_3.dylib"
SNF-192,4,71c8072418246bd28bb7e60bb7cd80c74e4bbdb2a502618e427a715685124d93,6a7e363cf9d210114231efa201ec6a208a9b0ac53c7253ced7d0c25b3218ecc6,2D0886E4-D770-4B03-A56C-49486022D60E,[2],"/usr/bin/clang -dynamiclib -O0 -fno-common provider_4.c provider_2.dylib -Wl,-install_name,@loader_path/provider_4.dylib -o provider_4.dylib"
SNF-192,5,e7f178acd5470fc69dd0f53b6d8003a65e44a64870044a72a90c04e2a64b8197,e90e895091749ac632c2ffe7b8cf1dc35ecb989b3006bc38926401895a5781dc,9712B301-F447-4297-96FB-418CF2FBAA37,"[0,4]","/usr/bin/clang -dynamiclib -O0 -fno-common provider_5.c provider_0.dylib provider_4.dylib -Wl,-install_name,@loader_path/provider_5.dylib -o provider_5.dylib"
SNF-192,6,eb0c697fda1172af02875d1216b65654883f98262cfcf98db053cf4a495cdf98,b9abf2f6e8b134e21201839100d6b91b1e8e6a834e4037753430d638488da70e,69F076BF-77E7-4782-B0F3-A1EBE5D24262,"[3,5]","/usr/bin/clang -dynamiclib -O0 -fno-common provider_6.c provider_3.dylib provider_5.dylib -Wl,-install_name,@loader_path/provider_6.dylib -o provider_6.dylib"
SNF-192,7,4bba18f89464dba8b202214758ad05ed996b8c4a8afe025972e1dcbea3c53c6d,8c665187a486c4bed106d8204bb396dd160220424558b52f64639e8beda2aa1a,15E569DD-C7D2-4442-B350-2C00366002C9,[2],"/usr/bin/clang -dynamiclib -O0 -fno-common provider_7.c provider_2.dylib -Wl,-install_name,@loader_path/provider_7.dylib -o provider_7.dylib"
SNF-193,0,d3bb09d6e8bbec6f49744215db2fa9757bb40fc865340730003750319e839b85,1385807df44046bf11403318371a8f1cdcfede4ead7832348596b223f24e042e,EE5E46B1-3888-44EF-9B5C-7199163C94E9,[],"/usr/bin/clang -dynamiclib -O0 -fno-common provider_0.c -Wl,-install_name,@loader_path/provider_0.dylib -o provider_0.dylib"
SNF-193,1,ffc8b47d4fd8daa1b23cf1f3dcf935baabc3325b1ef7898dbe6ee265697ebae7,23c447e0915637e0ab93c0b1f84af756fd7c2be5dea4d295915fe0318132fa1d,52D586FB-4AC4-4C78-BF13-8BC43F0A7878,[0],"/usr/bin/clang -dynamiclib -O0 -fno-common provider_1.c provider_0.dylib -Wl,-install_name,@loader_path/provider_1.dylib -o provider_1.dylib"
SNF-193,2,4058b8f9a14777b915a80b2e692d870b1e4396de7d432a30846f2e2381333b09,5e07f427ceb7358d96032f453179cf5de5c4a11e03ba38867f6737dfad934a88,96900CBF-B364-4455-A570-6B5E28AB0232,"[0,1]","/usr/bin/clang -dynamiclib -O0 -fno-common provider_2.c provider_0.dylib provider_1.dylib -Wl,-install_name,@loader_path/provider_2.dylib -o provider_2.dylib"
SNF-193,3,00117b39b403498f2b4985a232f711bcc5fcf0b294de654dfac222584b1d2ee4,12862829c8a28ab7c4925b8ff27951d2887a0886a265ed94782bba9a4336b7e2,3C715A31-9B62-4672-95CE-56456653960E,[1],"/usr/bin/clang -dynamiclib -O0 -fno-common provider_3.c provider_1.dylib -Wl,-install_name,@loader_path/provider_3.dylib -o provider_3.dylib"
SNF-193,4,62b64cfa8181705489f5d30949674211f85c27cd213635281926fc0a1c7427dc,6fc8ba1c9e5f89a7b37d41fe4ab0a328f45e40af262423f1f3105be4384fbbd4,ED38F9C4-4CF5-46E5-ADC1-D13B77FF2C6D,[1],"/usr/bin/clang -dynamiclib -O0 -fno-common provider_4.c provider_1.dylib -Wl,-install_name,@loader_path/provider_4.dylib -o provider_4.dylib"
SNF-193,5,6afd90411be8034e95b521c437a9eb303d7ecb56576a1715e7d8bd86c214552d,55e75292751cd3cc31caa1a36dbb0caae77178a8567b0e3f033c4604e8088730,AFB76C29-A1C0-4E68-B594-276CE2802ACE,[2],"/usr/bin/clang -dynamiclib -O0 -fno-common provider_5.c provider_2.dylib -Wl,-install_name,@loader_path/provider_5.dylib -o provider_5.dylib"
SNF-193,6,c9777f7e9bf978ed649fa659d89abebb342ebb94e7666b17f8e4075911755ea0,18b0759a166fdcc4d79916d9c0a96a1265c966ed09955e09ed085ca3ce34b996,26CD906A-D37F-40ED-A1A0-884EC2A94285,"[0,3]","/usr/bin/clang -dynamiclib -O0 -fno-common provider_6.c provider_0.dylib provider_3.dylib -Wl,-install_name,@loader_path/provider_6.dylib -o provider_6.dylib"
SNF-193,7,58578c93ad174c836dcefd780737a373176bfa1421b53f2523a19b395dd88d3e,f524cb103f208516e33bc274fb4af68b553fc8a228ece7cc35458fee30871ae4,85CD351E-8E5E-4B24-BC7E-EBA4344EE254,"[0,4]","/usr/bin/clang -dynamiclib -O0 -fno-common provider_7.c provider_0.dylib provider_4.dylib -Wl,-install_name,@loader_path/provider_7.dylib -o provider_7.dylib"
SNF-194,0,c1e600afac2b3744524fd38165a253c9eb871b7d03d897e3a8459a34855fe7b0,742c3e5808fa3aa5166b642d40b77777930a68a66940f6841ed9d8d44bcc9ecd,11596628-399B-4903-81C1-C4C8A5D686B7,[],"/usr/bin/clang -dynamiclib -O0 -fno-common provider_0.c -Wl,-install_name,@loader_path/provider_0.dylib -o provider_0.dylib"
SNF-194,1,ea2dec659a00327cf4e95865eec6fa8e18dc92b1ac9139e7f54bdd3e12872179,411dff7e38e0bcf13f3e9ea8731fb8bdfa7a15947146b05dc56f0e818c6e1dcc,D460B613-4BA1-4AD2-A624-AE5089674D95,[],"/usr/bin/clang -dynamiclib -O0 -fno-common provider_1.c -Wl,-install_name,@loader_path/provider_1.dylib -o provider_1.dylib"
SNF-194,2,bf6d9b5c39e0c4d1a86fadb4a85deb98464878486663e77c59c8f0d6419a6548,f0e08708550840aa259b501556ead479940f261b5e22b41f21dc199b00233eb7,C2DB84CE-B72F-422B-B3FF-E2511467BBB1,[0],"/usr/bin/clang -dynamiclib -O0 -fno-common provider_2.c provider_0.dylib -Wl,-install_name,@loader_path/provider_2.dylib -o provider_2.dylib"
SNF-194,3,0d06cf75dd75b3eecb0bbbba62d1a0603358ef300dbc2f0029aeefa182c87884,09db38f7ba54b3f2b74c4ab528ed8030bb4f90fd7a438c0470d16c016a3a7b7c,4F4326F9-1F98-4FFC-A39B-FD0D0EBF6BB6,[1],"/usr/bin/clang -dynamiclib -O0 -fno-common provider_3.c provider_1.dylib -Wl,-install_name,@loader_path/provider_3.dylib -o provider_3.dylib"
SNF-194,4,64f42ca49456829bacaf0110102b0022a45c0254f5d12f572d751b1f4b1f6df3,54ba000a2620175d3535bb661a49fed06de5f7af3dc2c7da2a0a8988020214fe,FB094955-4D44-45A1-B641-2BE639CD5BF8,[0],"/usr/bin/clang -dynamiclib -O0 -fno-common provider_4.c provider_0.dylib -Wl,-install_name,@loader_path/provider_4.dylib -o provider_4.dylib"
SNF-194,5,2e19ccc2fdfeb24bca6468e801e6a07945a58834c7057ff8eef0cb1a299801da,8270f4a1d4a75b5722ce9546f8a4dd58ad5c52a6655aa3a55ef12549c3851229,78CCD543-0C1C-49BF-92C2-EA641D623E7C,"[0,2]","/usr/bin/clang -dynamiclib -O0 -fno-common provider_5.c provider_0.dylib provider_2.dylib -Wl,-install_name,@loader_path/provider_5.dylib -o provider_5.dylib"
SNF-194,6,9cb2cad8599897303b8ded5d86aa3e8c098eb36091631bf6299e67727da715e7,932f77e9a51164d663faaf7568aa0b963e99aac247b6dce9d8b66b837def1122,11BCF3A2-B593-49CC-9394-D0189022CECE,"[2,3]","/usr/bin/clang -dynamiclib -O0 -fno-common provider_6.c provider_2.dylib provider_3.dylib -Wl,-install_name,@loader_path/provider_6.dylib -o provider_6.dylib"
SNF-194,7,f54202527e0a7eb8ec78e308ae8c367eb36b477ee19c27af9b9f5fc652c4fbf8,ca7425284380bcc8f486f9f25af21d719e4b8c1cb02a513475f694bf11fa3354,5C74278E-37DD-4117-ABA0-2DDAA560A623,"[2,6]","/usr/bin/clang -dynamiclib -O0 -fno-common provider_7.c provider_2.dylib provider_6.dylib -Wl,-install_name,@loader_path/provider_7.dylib -o provider_7.dylib"
SNF-195,0,ed556a99737896577f00ed661e787b894676e26bdb5cc51749d51de401fd39ab,152b3c47c1060a78a944ac32130c19e6cfc2eec4b00d3612c2b9b1c19ecca0ea,CA1DB9DF-D3B4-40FC-B1D6-B29E1B0731FC,[],"/usr/bin/clang -dynamiclib -O0 -fno-common provider_0.c -Wl,-install_name,@loader_path/provider_0.dylib -o provider_0.dylib"
SNF-195,1,b9550706852b44310066710047ddca781a37342f214959ce4066b205f4510e50,a62b3fd6f24cccbc2d16523ae8f026ef1018450cf53c1c2eadae271df1a78181,289A9697-FD08-4039-9AEF-812F909D18D0,[0],"/usr/bin/clang -dynamiclib -O0 -fno-common provider_1.c provider_0.dylib -Wl,-install_name,@loader_path/provider_1.dylib -o provider_1.dylib"
SNF-195,2,233aac1eb1762e1a26ea12577c490845a47cb461c52057fd1079dede0eb2fcab,87fc5f3c75605a142ec0ce525c1ef7667f15a336011294de61e5f63860f90139,B79E868D-7AA2-4B0B-BE67-5DB030339356,[1],"/usr/bin/clang -dynamiclib -O0 -fno-common provider_2.c provider_1.dylib -Wl,-install_name,@loader_path/provider_2.dylib -o provider_2.dylib"
SNF-195,3,6826f1c4a26cc02e970b5ac4b19142ebad2264f297cb458bc84d952ef3976ce2,30d81746b6c892a63dedeae6670e3cc8835162784e71ad1f15a91ee5a64f5242,CA2A1FDF-827F-4AD3-9A0F-AB98F2004BC7,[],"/usr/bin/clang -dynamiclib -O0 -fno-common provider_3.c -Wl,-install_name,@loader_path/provider_3.dylib -o provider_3.dylib"
SNF-195,4,ce814ec28296822044840fcf52304a5619038965bb078cd58bca6de413a78d72,214e2bd6f796bdbf8b834a0272521895a2bc1d5282614e9e8c01cb7a79bc1a40,3A1C7F0C-35BD-4B51-8D29-E6B8BF1F3063,[3],"/usr/bin/clang -dynamiclib -O0 -fno-common provider_4.c provider_3.dylib -Wl,-install_name,@loader_path/provider_4.dylib -o provider_4.dylib"
SNF-195,5,b55c3e3401feef11875df1a1dcd14a14d16dbb1916d2ae96c5e222e06ce7d8ef,564f04aa5e25e1560fd40b938c90ca89e3105f0429ce9b302387be42176ac6d3,987086EA-FCCE-4EA0-94B8-372FB1F52F6C,[],"/usr/bin/clang -dynamiclib -O0 -fno-common provider_5.c -Wl,-install_name,@loader_path/provider_5.dylib -o provider_5.dylib"
SNF-195,6,1d22ded3042e5b7c4dff1d256d0d4f5083dc97f1d0dbb9107528b11951b7cc32,7a186c036c0b7ea0e475eccea3d3b9851a71d49ce5761a91e2339f117be03be5,2DBC69F6-DB51-49EE-8A0B-3B0A23C0E4AC,"[0,3]","/usr/bin/clang -dynamiclib -O0 -fno-common provider_6.c provider_0.dylib provider_3.dylib -Wl,-install_name,@loader_path/provider_6.dylib -o provider_6.dylib"
SNF-195,7,f9a98cb316011ec8d31c3eea1eeec18ebf6bf780aa4b30487f7a8fc564beeb4e,e27fdf05fe50962f8cabd143543ff42fa82c92910473d4d1efd1e03e96c939e3,07314678-5A8D-4E06-85D2-BDEAAF23DE84,"[5,6]","/usr/bin/clang -dynamiclib -O0 -fno-common provider_7.c provider_5.dylib provider_6.dylib -Wl,-install_name,@loader_path/provider_7.dylib -o provider_7.dylib"
SNF-196,0,8c9068daf8683f0bfb6abbd53d219a13591e3a8ec6617a75b27d772db13a0c4e,0345f6d9978c7e6d28bc5a274bf868bbda070a860201bc5d7fc55798878f96c5,70BAEBA4-F7A0-4851-9D2F-233A1175DCFA,[],"/usr/bin/clang -dynamiclib -O0 -fno-common provider_0.c -Wl,-install_name,@loader_path/provider_0.dylib -o provider_0.dylib"
SNF-196,1,fb7a2aafdb5b3710bcd07b358e7cf8ca97bdba5c2a4b9932197d2a828e5f846c,924151ff9ea72ff6f270afab36f74aed8e866da1baefa7d8ea48618580e8d474,D69BA9BA-6D83-4AD0-86CA-510A27A349E2,[0],"/usr/bin/clang -dynamiclib -O0 -fno-common provider_1.c provider_0.dylib -Wl,-install_name,@loader_path/provider_1.dylib -o provider_1.dylib"
SNF-196,2,ef7be9b8b59e4d075b2e8e204b16ff7ed10fa8c0097c159861d3c09cd4e65e58,979ea6f56a063af928f12d589d9eea6c17870acae614672f8ea729664b191565,89674A77-6707-4211-A415-21EB4A39F8A1,[],"/usr/bin/clang -dynamiclib -O0 -fno-common provider_2.c -Wl,-install_name,@loader_path/provider_2.dylib -o provider_2.dylib"
SNF-196,3,7270f178b585c86d465a588cec72888db93f806159f38c41e68675cfe2f589cc,6e0fb0d506a3f1f48bd5a981fe6e7d2eae86b6605c143e71dd462854d1b5874c,AECFFA73-CD25-4D95-8599-8CE5A7CAABAF,"[0,1]","/usr/bin/clang -dynamiclib -O0 -fno-common provider_3.c provider_0.dylib provider_1.dylib -Wl,-install_name,@loader_path/provider_3.dylib -o provider_3.dylib"
SNF-196,4,3812e29058c2baa702649e159388d3b2946db3bab32278e75809569d05757671,5efbf68ac9da0091cae5685e4463bb361bb8e07cf9c3e5d2275eb620baddf0d9,7907D600-1E95-4A33-9D9D-29EAAAAC8F73,[],"/usr/bin/clang -dynamiclib -O0 -fno-common provider_4.c -Wl,-install_name,@loader_path/provider_4.dylib -o provider_4.dylib"
SNF-196,5,cf1ea586439e2a099e1fb91b140ab82b1b5eb13e593069e512b70ff8065cbb79,4d952f4d82655454c4187c026c80d283ce25fb4d1a59815a900c99a7a12874ae,BD879196-0220-460A-8EA0-0D100EE03F46,[1],"/usr/bin/clang -dynamiclib -O0 -fno-common provider_5.c provider_1.dylib -Wl,-install_name,@loader_path/provider_5.dylib -o provider_5.dylib"
SNF-196,6,c858f970dbd3f0c4e236dec2b1d4370d9060163259e6f3c8917adccaaf080b9d,d73241196aca0c5e37558d44b89f9921532b9b50fdf7f4c5fd35c7a512328bef,5147EA43-03F1-47CC-AFED-A74CDF621AD8,[3],"/usr/bin/clang -dynamiclib -O0 -fno-common provider_6.c provider_3.dylib -Wl,-install_name,@loader_path/provider_6.dylib -o provider_6.dylib"
SNF-196,7,5bb8e2d9a1707454f475a88090ba32af0400742269215aab4253d7fdae8f58a9,3f570af3233dbc27fc955aefa69434abe29aa6151b660f9fbf6069e997e65e17,C8BCC404-5514-4B9A-990A-2207EA35DF8B,[2],"/usr/bin/clang -dynamiclib -O0 -fno-common provider_7.c provider_2.dylib -Wl,-install_name,@loader_path/provider_7.dylib -o provider_7.dylib"
SNF-197,0,643143c93a4da9236e0ed3f854ec5af04d5dd428490c47ba9bed1a42c9fcd35a,ee221822845a31dadd8280617549a3298e6b92c460f182a1e30f8bfed5e37158,23B9F489-71AE-4F27-846B-D226FA079D01,[],"/usr/bin/clang -dynamiclib -O0 -fno-common provider_0.c -Wl,-install_name,@loader_path/provider_0.dylib -o provider_0.dylib"
SNF-197,1,d8e924f7f5267636b38253af4cd2677bb9965967510c7684461fa969b7a446a5,1f49233c9fb3cd3a6a47890dd817ccaed4698705f18dbcfb4d08b8e9de25df05,E123A3D3-E953-486F-AA5B-BADC21A463B3,[0],"/usr/bin/clang -dynamiclib -O0 -fno-common provider_1.c provider_0.dylib -Wl,-install_name,@loader_path/provider_1.dylib -o provider_1.dylib"
SNF-197,2,63efe4b8aa2372a4a221fc22730fec9033842c6c3e152810b5b36cba4c7410d5,d11ee234448a98c0e54071647dd344ef9d7e5b03b3b5af662b401a08824acfa9,F01F9D2B-0707-4B2D-92DC-F444C1C595D4,[],"/usr/bin/clang -dynamiclib -O0 -fno-common provider_2.c -Wl,-install_name,@loader_path/provider_2.dylib -o provider_2.dylib"
SNF-197,3,57be16a9c37c14a436cdb0a505f4f0ca105cb73ad88fd1f1d4778ff5daa5793c,8b54cdfe861efcde203a824eab5ed429de884943a86e58f87929a4b63239a450,0ED3F485-2207-4359-8AA7-E4292E67643A,[1],"/usr/bin/clang -dynamiclib -O0 -fno-common provider_3.c provider_1.dylib -Wl,-install_name,@loader_path/provider_3.dylib -o provider_3.dylib"
SNF-197,4,43fa855688ac1ec7b52bc259cbc3f3f5acb6879c4c19a5e7f537f1acaaa4a088,a72b68244c21170d8052a7d7faf7c527a8678741ed69b2e39ab20f59275bcd87,212D9445-8890-4608-A058-962A80A64EE7,[1],"/usr/bin/clang -dynamiclib -O0 -fno-common provider_4.c provider_1.dylib -Wl,-install_name,@loader_path/provider_4.dylib -o provider_4.dylib"
SNF-197,5,ba2ef740326cb82603f6f7b72ba360842d0dacd2793d14437dc5e9014ddfb947,c1b257e929a369f15fe4a641156333a673d3e068315e1900bb50346a55593b00,EDDA38AA-B1E7-4CD0-95BE-DFA52625B25A,[2],"/usr/bin/clang -dynamiclib -O0 -fno-common provider_5.c provider_2.dylib -Wl,-install_name,@loader_path/provider_5.dylib -o provider_5.dylib"
SNF-197,6,bc5b2c4cd04ca65cea0d97d95fc5cd177d5acfa90d08eb4278bb43c753d40b73,b97b450c996311cb1a4e206d2386174914bb9febeed846822656d45bf3525abb,65A97E7A-3EB8-45C6-9E2D-16EF42F90227,[5],"/usr/bin/clang -dynamiclib -O0 -fno-common provider_6.c provider_5.dylib -Wl,-install_name,@loader_path/provider_6.dylib -o provider_6.dylib"
SNF-197,7,b5fdbd6f255e9741ee09cd2476307b1e3a9e595ba7a7628fc40c0f7254fa1351,094ca6ea6597b2c4c9e8e92617f80fd353ec0d8d082ff13ca7e45811fabf7388,FF60773E-9C85-4344-A701-53AD08072E2E,[5],"/usr/bin/clang -dynamiclib -O0 -fno-common provider_7.c provider_5.dylib -Wl,-install_name,@loader_path/provider_7.dylib -o provider_7.dylib"
SNF-198,0,10fb80f7eb357a72b3fb3d61a7418eb3dd125e896717e594be18f33f67ad8773,7b2ae6cbfdb62422965c975cb5553dc272369962de4094280a81fdbe87ce3980,3B5243EE-2123-4251-A478-AAE1F7434880,[],"/usr/bin/clang -dynamiclib -O0 -fno-common provider_0.c -Wl,-install_name,@loader_path/provider_0.dylib -o provider_0.dylib"
SNF-198,1,a0b53f1607c42e7876a823191aa1401b8fc6b3ea7df13b192b4536f89e9d0100,d55583b9fa9ca443fd77b0ed0a020067f72be45ae2ecf259ef951c2875f0e5e6,991F32BF-E67D-4BB5-BD25-72CC7A1A021F,[0],"/usr/bin/clang -dynamiclib -O0 -fno-common provider_1.c provider_0.dylib -Wl,-install_name,@loader_path/provider_1.dylib -o provider_1.dylib"
SNF-198,2,4763bdb7c12421fcd2611802225bd9b24b8a1436b20c97085b29f2b0302f6693,3055aecbe8ce635a78b2b16b01f8c1ac0ac378220dc5c5c25d2fea010e51b140,918F082A-5C3A-4F8C-944C-2FDF53CBEFE6,[1],"/usr/bin/clang -dynamiclib -O0 -fno-common provider_2.c provider_1.dylib -Wl,-install_name,@loader_path/provider_2.dylib -o provider_2.dylib"
SNF-198,3,d1f06798f2db3b8f3a85b36d3323640e284ad278e41766c107ac8edaece8bf8e,0bb3665d07221436576c15bf93764bcc8ea1398367dce5fb9c0b9957f9ea8257,EFE06DE3-0586-48FA-92FE-99984B889EA3,[0],"/usr/bin/clang -dynamiclib -O0 -fno-common provider_3.c provider_0.dylib -Wl,-install_name,@loader_path/provider_3.dylib -o provider_3.dylib"
SNF-198,4,300302e59fc96bff2029e4234ff61a5d025837a2d71fa8993101f5f47adfe09c,a8ae643b29a10d483cf74ea15c7c97bb819c447350f0ce0730e51a553dd2a922,621AF950-FA24-486F-9390-6F1C42A59D2F,[3],"/usr/bin/clang -dynamiclib -O0 -fno-common provider_4.c provider_3.dylib -Wl,-install_name,@loader_path/provider_4.dylib -o provider_4.dylib"
SNF-198,5,1c27c9c43b22d90d28491afa30da71367b8a59bac06d4b76b38ab737ff43ea50,5d937bda520476464ff8b369b476c24e08dbebd3609863e71f33aed2db0d7ecf,B0AA9DE3-DBA1-4550-8AA4-9C892AA64EAF,"[1,3]","/usr/bin/clang -dynamiclib -O0 -fno-common provider_5.c provider_1.dylib provider_3.dylib -Wl,-install_name,@loader_path/provider_5.dylib -o provider_5.dylib"
SNF-198,6,6ecf721c9d7ba36f076f60c0ae3d540b80af4c5babe4ca147d65582bdd025051,cfd2ed4d4e52ddf75dae227933879bf6ea97acf5bb24963e0df056a630bd5160,26F4EDAB-845D-4560-B25F-D7A9F27BC390,"[2,3]","/usr/bin/clang -dynamiclib -O0 -fno-common provider_6.c provider_2.dylib provider_3.dylib -Wl,-install_name,@loader_path/provider_6.dylib -o provider_6.dylib"
SNF-198,7,ecd7370bb9806fc29d7b097c462436e2d6b888302411e535a6175a60d448e097,c6d19271d89b732545285aa14fa2cb68ace32a992b7666c83777ab26ec25259a,58371FCC-D4B8-44D7-912D-2BAF8C28E0F4,[4],"/usr/bin/clang -dynamiclib -O0 -fno-common provider_7.c provider_4.dylib -Wl,-install_name,@loader_path/provider_7.dylib -o provider_7.dylib"
SNF-199,0,16e6efff1b73ca64fae0d348b95553074bbeedded1d751a03896acc7863fdd91,6e27be5f2fa25658a57edc2da4345d4ac24620151905b90c4c32e619e64b91a6,7797E053-DE15-423E-AB86-2173EEEDA2C5,[],"/usr/bin/clang -dynamiclib -O0 -fno-common provider_0.c -Wl,-install_name,@loader_path/provider_0.dylib -o provider_0.dylib"
SNF-199,1,ab16ca42f4982a44d1bc7d7b63fec977dccb204a97c6be46fd98efef8e3c8467,b02b8a7ffd1563e237e09d52fbbd15740aca0d63f3ff841d365ebdce873e4aa0,8CED3ABA-89A7-4849-B39F-7771305E9C37,[0],"/usr/bin/clang -dynamiclib -O0 -fno-common provider_1.c provider_0.dylib -Wl,-install_name,@loader_path/provider_1.dylib -o provider_1.dylib"
SNF-199,2,11587aca4b17b81304bee73df38e50a523fe6750c1d6a6254a209b563db22901,dd9f4db5f1d5a220195883d581451bea11f4824b0fcb90afbe801345aa153a37,07FFA8FD-A1D5-4338-80E9-889BA13D46E8,[0],"/usr/bin/clang -dynamiclib -O0 -fno-common provider_2.c provider_0.dylib -Wl,-install_name,@loader_path/provider_2.dylib -o provider_2.dylib"
SNF-199,3,2c8ef7e2599afd63c57a565c947eb7023b60e6a3f8fab55a8cf20f45e643084b,fe158dccc506513883dc7a88d73b8d7374f0d8219f6e0e6241bcb1b9b31de039,9C72E96D-6CE0-4B0D-9C68-0C5B5BC4869A,[0],"/usr/bin/clang -dynamiclib -O0 -fno-common provider_3.c provider_0.dylib -Wl,-install_name,@loader_path/provider_3.dylib -o provider_3.dylib"
SNF-199,4,fc508465bdeb71928781ef87c92926938a100b4cf47143aedc55106aefd83361,57dec53ec8c4f4eb2b65ad154ec6c31ea543b972e2598d0debad10aec9940f0a,877F34F5-1FDB-4F4E-9B91-470838E9326E,"[2,3]","/usr/bin/clang -dynamiclib -O0 -fno-common provider_4.c provider_2.dylib provider_3.dylib -Wl,-install_name,@loader_path/provider_4.dylib -o provider_4.dylib"
SNF-199,5,34c2e94da0992f626b0a327ec02e347d4ea5f0655b6421e1947d8c1a07fd6f48,bd605ea8792caab330474bd051176a01d8cb7396d333cc48197942c3cb918913,6F1666E6-1D5C-4BCA-803B-2627BD077023,[0],"/usr/bin/clang -dynamiclib -O0 -fno-common provider_5.c provider_0.dylib -Wl,-install_name,@loader_path/provider_5.dylib -o provider_5.dylib"
SNF-199,6,b556a6b6e0fb64721b71e5126ae34173bfd3c6005d425b2a8bcf90a0079bc6e4,4786ab11cb5dd6f190809d104faebb84a109b229245e1828871cbb022ff9b68d,D44E0AD8-7D4A-42C7-8FA5-469B435BD16F,[4],"/usr/bin/clang -dynamiclib -O0 -fno-common provider_6.c provider_4.dylib -Wl,-install_name,@loader_path/provider_6.dylib -o provider_6.dylib"
SNF-199,7,a2715b3d8b3faa6fa729ef7e41fd42e6ded65e5137a73dd6a7e3229ae90a6baa,a51aea60cd514f8b62a1e89f6e3f00b5c202888aa6b778d6071a390e1e1d9fe4,FF27F150-7DE6-427F-B2C3-FF95AC7AA13A,[4],"/usr/bin/clang -dynamiclib -O0 -fno-common provider_7.c provider_4.dylib -Wl,-install_name,@loader_path/provider_7.dylib -o provider_7.dylib"
